,basic_info-date,basic_info-organisation_name,basic_info-organisation_other,geography-state_name,geography-region_name,geography-district_name,geography-community_name,plot_details-photo,plot_details-polygon,land_use_selection-project_name,land_use_selection-land_use,land_use_selection-intervention,halfmoons-halfmoon_details-halfmoon_type,halfmoons-halfmoon_details-date,halfmoons-halfmoon_details-total_halfmoons,halfmoons-halfmoon_details-size,halfmoons-halfmoon_details-length_decimal,halfmoons-halfmoon_details-width_decimal,halfmoons-halfmoon_details-depth_decimal,halfmoons-halfmoon_details_2-type_halfmoons,halfmoons-halfmoon_details_2-average_space,halfmoons-halfmoon_details_2-vertical_space,halfmoons-halfmoon_details_2-horizontal_space,halfmoons-halfmoon_details_2-manages,halfmoons-halfmoon_details_2-youth_manages,halfmoons-halfmoon_details_2-paid_unpaid_labor,swales-swales_details-type,swales-swales_details-date,swales-swales_details-total,swales-swales_details-average_size,swales-swales_details-length,swales-swales_details-width,swales-swales_details-depth,swales-swales_details-manages,swales-swales_details-youth_manages,swales-swales_details-paid_unpaid_labor,bunds-bunds_details-type,bunds-bunds_details-date,bunds-bunds_details-total,bunds-bunds_details-average_size,bunds-bunds_details-length,bunds-bunds_details-width,bunds-bunds_details-depth,bunds-bunds_details-manages,bunds-bunds_details-youth_manages,bunds-bunds_details-paid_unpaid_labor,terracing-terrace_details-type,terracing-terrace_details-date,terracing-terrace_details-total,terracing-terrace_details-average_size,terracing-terrace_details-length,terracing-terrace_details-width,terracing-terrace_details-depth,terracing-terrace_details-manages,terracing-terrace_details-youth_manages,terracing-terrace_details-paid_unpaid_labor,contour-contour_details-type,contour-contour_details-date,contour-contour_details-total,contour-contour_details-average_size,contour-contour_details-length,contour-contour_details-width,contour-contour_details-depth,contour-contour_details-manages,contour-contour_details-youth_manages,contour-contour_details-paid_unpaid_labor,keylines-keyline_details-type,keylines-keyline_details-date,keylines-keyline_details-total,keylines-keyline_details-average_size,keylines-keyline_details-length,keylines-keyline_details-width,keylines-keyline_details-depth,keylines-keyline_details-manages,keylines-keyline_details-youth_manages,keylines-keyline_details-paid_unpaid_labor,rock_dams-type,rock_dams-date,rock_dams-total,rock_dams-average_size,rock_dams-length,rock_dams-width,rock_dams-depth,rock_dams-manages,rock_dams-youth_manages,rock_dams-paid_unpaid_labor,rock_dams-trees_dams-planted_choice7,rock_dams-trees_dams-num_tree_species,rock_dams-trees_dams-num_trees_planted,rock_dams-trees_dams-num_tree_survived,rock_dams-trees_dams-dams_trees_species,rock_dams-trees_dams-other_dams_trees,rock_dams-grass_dams-num_grass_species,rock_dams-grass_dams-kg_grass_seeds,rock_dams-grass_dams-dams_grass_species,rock_dams-grass_dams-other_dams_grass,rock_dams-managements_dams-additional_management7,rock_dams-managements_dams-management_practices,rock_dams-managements_dams-crops_present7,rock_dams-managements_dams-crops_in_field7,rock_dams-managements_dams-other_crops,rock_dams-managements_dams-agricultural_field_state,rock_dams-gps-Latitude,rock_dams-gps-Longitude,rock_dams-gps-Altitude,rock_dams-gps-Accuracy,rock_dams-photo,plugging-plug_details-type,plugging-plug_details-date,plugging-plug_details-total,plugging-plug_details-average_size,plugging-plug_details-length,plugging-plug_details-width,plugging-plug_details-depth,plugging-plug_details-manages,plugging-plug_details-youth_manages,plugging-plug_details-paid_unpaid_labor,gabions-gabions_details-type,gabions-gabions_details-date,gabions-gabions_details-total,gabions-gabions_details-average_size,gabions-gabions_details-length,gabions-gabions_details-width,gabions-gabions_details-depth,gabions-gabions_details-manages,gabions-gabions_details-youth_manages,gabions-gabions_details-paid_unpaid_labor,basins-basin_details-type,basins-basin_details-date,basins-basin_details-total,basins-basin_details-average_size,basins-basin_details-length,basins-basin_details-width,basins-basin_details-depth,basins-basin_details-average_space,basins-basin_details-vertical_space,basins-basin_details-horizontal_space,basins-basin_details-manages,basins-basin_details-youth_manages,basins-basin_details-paid_unpaid_labor,invasive_removal-removal_date,invasive_removal-invasive_species,invasive_removal-other_invasive_species,invasive_removal-severity,invasive_removal-removal_methods,invasive_removal-removal_frequency,invasive_removal-tree_species,invasive_removal-other_basins_trees,invasive_removal-grass_species,invasive_removal-other_basins_grass,waterpoints-wp_ownership,waterpoints-wp_type,waterpoints-wp_depth,waterpoints-wp_avg_distance,waterpoints-wp_availability,waterpoints-wp_contami_sources,waterpoints-wp_protection,waterpoints-wp_usage,waterpoints-wp_condition,waterpoints-wp_facilities,waterpoints-gps-Latitude,waterpoints-gps-Longitude,waterpoints-gps-Altitude,waterpoints-gps-Accuracy,waterpoints-photo,geometry,area_m2,area_ha
120,3/22/2024,SCI,,hirshabele,Middle Shabelle,Jawhar,Moyko,,,brcis3,communal_land,water_points,,,,,,,,,,,,,,,,,,,,,,,,,,,,,,,,,,,,,,,,,,,,,,,,,,,,,,,,,,,,,,,,,,,,,,,,,,,,,,,,,,,,,,,,,,,,,,,,,,,,,,,,,,,,,,,,,,,,,,,,,,,,,,,,,,,,,,,,,,,communal/village,other,,,,,,,,,2.7577239,45.4978558,78.41784668,3.9,,,,
121,3/28/2024,ACF,,southwest,Bakool,Ceel Berde,Ceel Barde,,,brcis3,communal_land,water_points,,,,,,,,,,,,,,,,,,,,,,,,,,,,,,,,,,,,,,,,,,,,,,,,,,,,,,,,,,,,,,,,,,,,,,,,,,,,,,,,,,,,,,,,,,,,,,,,,,,,,,,,,,,,,,,,,,,,,,,,,,,,,,,,,,,,,,,,,,,communal/village,other,,,,,,,,,4.8275285,43.653343,464.8,4.5,,,,
122,3/28/2024,ACF,,southwest,Bakool,Ceel Berde,Ceel Barde,,,brcis3,communal_land,water_points,,,,,,,,,,,,,,,,,,,,,,,,,,,,,,,,,,,,,,,,,,,,,,,,,,,,,,,,,,,,,,,,,,,,,,,,,,,,,,,,,,,,,,,,,,,,,,,,,,,,,,,,,,,,,,,,,,,,,,,,,,,,,,,,,,,,,,,,,,,communal/village,other,,,,,,,,,4.8279717,43.6565867,451.9,4.2,,,,
123,3/31/2024,Concern,,jubaland.,Gedo,Baardhere,Bula Adey,,,brcis3,communal_land,water_points,,,,,,,,,,,,,,,,,,,,,,,,,,,,,,,,,,,,,,,,,,,,,,,,,,,,,,,,,,,,,,,,,,,,,,,,,,,,,,,,,,,,,,,,,,,,,,,,,,,,,,,,,,,,,,,,,,,,,,,,,,,,,,,,,,,,,,,,,,,communal/village,other,,,,,,,,,2.3383613,42.2842694,69.90000153,11.239,,,,
124,3/31/2024,Concern,,jubaland.,Gedo,Baardhere,Bula Garas,,,brcis3,communal_land,water_points,,,,,,,,,,,,,,,,,,,,,,,,,,,,,,,,,,,,,,,,,,,,,,,,,,,,,,,,,,,,,,,,,,,,,,,,,,,,,,,,,,,,,,,,,,,,,,,,,,,,,,,,,,,,,,,,,,,,,,,,,,,,,,,,,,,,,,,,,,,communal/village,other,,,,,,,,,2.3384303,42.2842339,69.90000153,13.599,,,,
125,3/31/2024,Concern,,jubaland.,Gedo,Baardhere,Hurena,,,brcis3,communal_land,water_points,,,,,,,,,,,,,,,,,,,,,,,,,,,,,,,,,,,,,,,,,,,,,,,,,,,,,,,,,,,,,,,,,,,,,,,,,,,,,,,,,,,,,,,,,,,,,,,,,,,,,,,,,,,,,,,,,,,,,,,,,,,,,,,,,,,,,,,,,,,communal/village,other,,,,,,,,,2.3365171,42.2841562,0.0,2000.0,,,,
126,3/31/2024,Concern,,jubaland.,Gedo,Belet Hawa,Unsi,,,brcis3,communal_land,water_points,,,,,,,,,,,,,,,,,,,,,,,,,,,,,,,,,,,,,,,,,,,,,,,,,,,,,,,,,,,,,,,,,,,,,,,,,,,,,,,,,,,,,,,,,,,,,,,,,,,,,,,,,,,,,,,,,,,,,,,,,,,,,,,,,,,,,,,,,,,communal/village,other,,,,,,,,,2.3384256,42.2842325,69.90000153,14.605,,,,
127,3/31/2024,ACF,,southwest,Bakool,Hudur,Gaabaney,,,brcis3,communal_land,water_points,,,,,,,,,,,,,,,,,,,,,,,,,,,,,,,,,,,,,,,,,,,,,,,,,,,,,,,,,,,,,,,,,,,,,,,,,,,,,,,,,,,,,,,,,,,,,,,,,,,,,,,,,,,,,,,,,,,,,,,,,,,,,,,,,,,,,,,,,,,communal/village,other,,,,,,,,,4.1179642,43.8832122,0.0,34.4,,,,
128,3/31/2024,ACF,,southwest,Bakool,Hudur,Gaabaney,,,brcis3,communal_land,water_points,,,,,,,,,,,,,,,,,,,,,,,,,,,,,,,,,,,,,,,,,,,,,,,,,,,,,,,,,,,,,,,,,,,,,,,,,,,,,,,,,,,,,,,,,,,,,,,,,,,,,,,,,,,,,,,,,,,,,,,,,,,,,,,,,,,,,,,,,,,communal/village,other,,,,,,,,,4.1179855,43.8832107,0.0,43.804,,,,
129,3/31/2024,Concern,,jubaland.,Gedo,Baardhere,Bula Adey,,,brcis3,communal_land,water_points,,,,,,,,,,,,,,,,,,,,,,,,,,,,,,,,,,,,,,,,,,,,,,,,,,,,,,,,,,,,,,,,,,,,,,,,,,,,,,,,,,,,,,,,,,,,,,,,,,,,,,,,,,,,,,,,,,,,,,,,,,,,,,,,,,,,,,,,,,,communal/village,other,,,,,,,,,2.3383795,42.2843259,68.0,11.25,,,,
130,3/31/2024,Concern,,jubaland.,Gedo,Baardhere,Bula Garas,,,brcis3,communal_land,water_points,,,,,,,,,,,,,,,,,,,,,,,,,,,,,,,,,,,,,,,,,,,,,,,,,,,,,,,,,,,,,,,,,,,,,,,,,,,,,,,,,,,,,,,,,,,,,,,,,,,,,,,,,,,,,,,,,,,,,,,,,,,,,,,,,,,,,,,,,,,communal/village,other,,,,,,,,,2.338574,42.2842719,60.0,12.5,,,,
131,3/31/2024,Concern,,jubaland.,Gedo,Baardhere,Hurena,,,brcis3,communal_land,water_points,,,,,,,,,,,,,,,,,,,,,,,,,,,,,,,,,,,,,,,,,,,,,,,,,,,,,,,,,,,,,,,,,,,,,,,,,,,,,,,,,,,,,,,,,,,,,,,,,,,,,,,,,,,,,,,,,,,,,,,,,,,,,,,,,,,,,,,,,,,communal/village,other,,,,,,,,,2.3384886,42.2842703,78.0,25.666,,,,
132,3/31/2024,Concern,,jubaland.,Gedo,Belet Hawa,Unsi,,,brcis3,communal_land,water_points,,,,,,,,,,,,,,,,,,,,,,,,,,,,,,,,,,,,,,,,,,,,,,,,,,,,,,,,,,,,,,,,,,,,,,,,,,,,,,,,,,,,,,,,,,,,,,,,,,,,,,,,,,,,,,,,,,,,,,,,,,,,,,,,,,,,,,,,,,,communal/village,other,,,,,,,,,2.3385273,42.2843567,82.0,10.5,,,,
133,4/1/2024,Concern,,southwest,Lower Shebelle,Afgoye,Dhajalaq,,,brcis3,communal_land,water_points,,,,,,,,,,,,,,,,,,,,,,,,,,,,,,,,,,,,,,,,,,,,,,,,,,,,,,,,,,,,,,,,,,,,,,,,,,,,,,,,,,,,,,,,,,,,,,,,,,,,,,,,,,,,,,,,,,,,,,,,,,,,,,,,,,,,,,,,,,,communal/village,other,,,,,,,,,2.1816552,45.1545491,41.1287236,4.58,,,,
134,4/1/2024,Concern,,southwest,Lower Shebelle,Afgoye,Iri Dole,,,brcis3,communal_land,water_points,,,,,,,,,,,,,,,,,,,,,,,,,,,,,,,,,,,,,,,,,,,,,,,,,,,,,,,,,,,,,,,,,,,,,,,,,,,,,,,,,,,,,,,,,,,,,,,,,,,,,,,,,,,,,,,,,,,,,,,,,,,,,,,,,,,,,,,,,,,communal/village,other,,,,,,,,,2.1928304,45.1826784,46.14000211,4.56,,,,
135,4/1/2024,Concern,,southwest,Lower Shebelle,Afgoye,Jambaluul,,,brcis3,communal_land,water_points,,,,,,,,,,,,,,,,,,,,,,,,,,,,,,,,,,,,,,,,,,,,,,,,,,,,,,,,,,,,,,,,,,,,,,,,,,,,,,,,,,,,,,,,,,,,,,,,,,,,,,,,,,,,,,,,,,,,,,,,,,,,,,,,,,,,,,,,,,,communal/village,other,,,,,,,,,2.1820204,45.1532278,36.0,4.02,,,,
136,4/15/2024,SCI,,hirshabele,Hiran,BeletWeyne,Nimcaan,,,brcis3,communal_land,water_points,,,,,,,,,,,,,,,,,,,,,,,,,,,,,,,,,,,,,,,,,,,,,,,,,,,,,,,,,,,,,,,,,,,,,,,,,,,,,,,,,,,,,,,,,,,,,,,,,,,,,,,,,,,,,,,,,,,,,,,,,,,,,,,,,,,,,,,,,,,communal/village,other,,,,,,,,,4.7989311,45.1877304,152.0,4.7,,,,
137,4/15/2024,SCI,,hirshabele,Hiran,BeletWeyne,Nimcaan,,,brcis3,communal_land,water_points,,,,,,,,,,,,,,,,,,,,,,,,,,,,,,,,,,,,,,,,,,,,,,,,,,,,,,,,,,,,,,,,,,,,,,,,,,,,,,,,,,,,,,,,,,,,,,,,,,,,,,,,,,,,,,,,,,,,,,,,,,,,,,,,,,,,,,,,,,,communal/village,other,,,,,,,,,4.8007038,45.1902115,155.0,4.8,,,,
138,4/15/2024,SCI,,hirshabele,Hiran,BeletWeyne,Harcadey,,,brcis3,communal_land,water_points,,,,,,,,,,,,,,,,,,,,,,,,,,,,,,,,,,,,,,,,,,,,,,,,,,,,,,,,,,,,,,,,,,,,,,,,,,,,,,,,,,,,,,,,,,,,,,,,,,,,,,,,,,,,,,,,,,,,,,,,,,,,,,,,,,,,,,,,,,,communal/village,other,,,,,,,,,4.8138414,45.1745989,161.0,7.0,,,,
139,4/15/2024,SCI,,hirshabele,Hiran,BeletWeyne,Harcadey,,,brcis3,communal_land,water_points,,,,,,,,,,,,,,,,,,,,,,,,,,,,,,,,,,,,,,,,,,,,,,,,,,,,,,,,,,,,,,,,,,,,,,,,,,,,,,,,,,,,,,,,,,,,,,,,,,,,,,,,,,,,,,,,,,,,,,,,,,,,,,,,,,,,,,,,,,,communal/village,other,,,,,,,,,4.8130297,45.1750135,165.0,8.0,,,,
140,4/15/2024,SCI,,hirshabele,Hiran,BeletWeyne,Harcadey,,,brcis3,communal_land,water_points,,,,,,,,,,,,,,,,,,,,,,,,,,,,,,,,,,,,,,,,,,,,,,,,,,,,,,,,,,,,,,,,,,,,,,,,,,,,,,,,,,,,,,,,,,,,,,,,,,,,,,,,,,,,,,,,,,,,,,,,,,,,,,,,,,,,,,,,,,,communal/village,other,,,,,,,,,4.8130293,45.174952,163.0,1301.275,,,,
141,4/16/2024,SCI,,hirshabele,Hiran,BeletWeyne,Nimcaan,,,brcis3,communal_land,water_points,,,,,,,,,,,,,,,,,,,,,,,,,,,,,,,,,,,,,,,,,,,,,,,,,,,,,,,,,,,,,,,,,,,,,,,,,,,,,,,,,,,,,,,,,,,,,,,,,,,,,,,,,,,,,,,,,,,,,,,,,,,,,,,,,,,,,,,,,,,communal/village,other,,,,,,,,,4.8002555,45.1874687,157.0,4.95,,,,
142,4/16/2024,NRC,,southwest,Bay,Baidoa,Rebay,,,brcis3,communal_land,water_points,,,,,,,,,,,,,,,,,,,,,,,,,,,,,,,,,,,,,,,,,,,,,,,,,,,,,,,,,,,,,,,,,,,,,,,,,,,,,,,,,,,,,,,,,,,,,,,,,,,,,,,,,,,,,,,,,,,,,,,,,,,,,,,,,,,,,,,,,,,communal/village,other,,,,,,,,,3.1627471,43.5790647,455.0,8.5,,,,
143,4/16/2024,NRC,,southwest,Bay,Baidoa,Salbuuy,,,brcis3,communal_land,water_points,,,,,,,,,,,,,,,,,,,,,,,,,,,,,,,,,,,,,,,,,,,,,,,,,,,,,,,,,,,,,,,,,,,,,,,,,,,,,,,,,,,,,,,,,,,,,,,,,,,,,,,,,,,,,,,,,,,,,,,,,,,,,,,,,,,,,,,,,,,communal/village,other,,,,,,,,,3.1606036,43.6146652,463.0,6.416,,,,
144,4/17/2024,NRC,,southwest,Bay,Baidoa,Bonkai,,,brcis3,communal_land,water_points,,,,,,,,,,,,,,,,,,,,,,,,,,,,,,,,,,,,,,,,,,,,,,,,,,,,,,,,,,,,,,,,,,,,,,,,,,,,,,,,,,,,,,,,,,,,,,,,,,,,,,,,,,,,,,,,,,,,,,,,,,,,,,,,,,,,,,,,,,,communal/village,other,,,,,,,,,3.1177674,43.6553373,418.0,5.0,,,,
145,4/17/2024,NRC,,southwest,Bay,Baidoa,Bonkai,,,brcis3,communal_land,water_points,,,,,,,,,,,,,,,,,,,,,,,,,,,,,,,,,,,,,,,,,,,,,,,,,,,,,,,,,,,,,,,,,,,,,,,,,,,,,,,,,,,,,,,,,,,,,,,,,,,,,,,,,,,,,,,,,,,,,,,,,,,,,,,,,,,,,,,,,,,communal/village,other,,,,,,,,,3.117833,43.6553251,435.0,18.5,,,,
146,4/17/2024,NRC,,southwest,Bay,Baidoa,Rebay,,,brcis3,communal_land,water_points,,,,,,,,,,,,,,,,,,,,,,,,,,,,,,,,,,,,,,,,,,,,,,,,,,,,,,,,,,,,,,,,,,,,,,,,,,,,,,,,,,,,,,,,,,,,,,,,,,,,,,,,,,,,,,,,,,,,,,,,,,,,,,,,,,,,,,,,,,,communal/village,other,,,,,,,,,3.1177807,43.6553962,426.0,20.5,,,,
147,4/17/2024,NRC,,southwest,Bay,Baidoa,Rebay,,,brcis3,communal_land,water_points,,,,,,,,,,,,,,,,,,,,,,,,,,,,,,,,,,,,,,,,,,,,,,,,,,,,,,,,,,,,,,,,,,,,,,,,,,,,,,,,,,,,,,,,,,,,,,,,,,,,,,,,,,,,,,,,,,,,,,,,,,,,,,,,,,,,,,,,,,,communal/village,other,,,,,,,,,3.1180819,43.6557863,417.0,14.5,,,,
148,4/17/2024,NRC,,southwest,Bay,Baidoa,Salamey,,,brcis3,communal_land,water_points,,,,,,,,,,,,,,,,,,,,,,,,,,,,,,,,,,,,,,,,,,,,,,,,,,,,,,,,,,,,,,,,,,,,,,,,,,,,,,,,,,,,,,,,,,,,,,,,,,,,,,,,,,,,,,,,,,,,,,,,,,,,,,,,,,,,,,,,,,,communal/village,other,,,,,,,,,3.1183959,43.6563369,424.0,9.0,,,,
149,4/17/2024,NRC,,southwest,Bay,Baidoa,Salamey,,,brcis3,communal_land,water_points,,,,,,,,,,,,,,,,,,,,,,,,,,,,,,,,,,,,,,,,,,,,,,,,,,,,,,,,,,,,,,,,,,,,,,,,,,,,,,,,,,,,,,,,,,,,,,,,,,,,,,,,,,,,,,,,,,,,,,,,,,,,,,,,,,,,,,,,,,,communal/village,other,,,,,,,,,3.1181718,43.6559562,412.0,17.0,,,,
150,4/17/2024,NRC,,southwest,Bay,Baidoa,Salbuuy,,,brcis3,communal_land,water_points,,,,,,,,,,,,,,,,,,,,,,,,,,,,,,,,,,,,,,,,,,,,,,,,,,,,,,,,,,,,,,,,,,,,,,,,,,,,,,,,,,,,,,,,,,,,,,,,,,,,,,,,,,,,,,,,,,,,,,,,,,,,,,,,,,,,,,,,,,,communal/village,other,,,,,,,,,3.1179255,43.6556368,429.0,16.333,,,,
151,4/17/2024,NRC,,southwest,Bay,Baidoa,Salbuuy,,,brcis3,communal_land,water_points,,,,,,,,,,,,,,,,,,,,,,,,,,,,,,,,,,,,,,,,,,,,,,,,,,,,,,,,,,,,,,,,,,,,,,,,,,,,,,,,,,,,,,,,,,,,,,,,,,,,,,,,,,,,,,,,,,,,,,,,,,,,,,,,,,,,,,,,,,,communal/village,other,,,,,,,,,3.1177962,43.6554001,415.0,22.5,,,,
152,4/18/2024,NRC,,southwest,Bay,Baidoa,Salamey,,,brcis3,communal_land,water_points,,,,,,,,,,,,,,,,,,,,,,,,,,,,,,,,,,,,,,,,,,,,,,,,,,,,,,,,,,,,,,,,,,,,,,,,,,,,,,,,,,,,,,,,,,,,,,,,,,,,,,,,,,,,,,,,,,,,,,,,,,,,,,,,,,,,,,,,,,,communal/village,other,,,,,,,,,3.130633,43.641405,437.0,4.7,,,,
153,4/18/2024,NRC,,southwest,Bay,Baidoa,Bonkai,,,brcis3,communal_land,water_points,,,,,,,,,,,,,,,,,,,,,,,,,,,,,,,,,,,,,,,,,,,,,,,,,,,,,,,,,,,,,,,,,,,,,,,,,,,,,,,,,,,,,,,,,,,,,,,,,,,,,,,,,,,,,,,,,,,,,,,,,,,,,,,,,,,,,,,,,,,communal/village,other,,,,,,,,,3.1535721,43.6321319,432.0,5.0,,,,
154,4/20/2024,NRC,,jubaland.,Lower Juba ,Kismayo,Bula Guduud,,,brcis3,communal_land,water_points,,,,,,,,,,,,,,,,,,,,,,,,,,,,,,,,,,,,,,,,,,,,,,,,,,,,,,,,,,,,,,,,,,,,,,,,,,,,,,,,,,,,,,,,,,,,,,,,,,,,,,,,,,,,,,,,,,,,,,,,,,,,,,,,,,,,,,,,,,,communal/village,other,,,,,,,,,-0.0654722,42.5710465,6.29,3.9,,,,
155,4/20/2024,NRC,,jubaland.,Lower Juba ,Kismayo,Yontoy,,,brcis3,communal_land,water_points,,,,,,,,,,,,,,,,,,,,,,,,,,,,,,,,,,,,,,,,,,,,,,,,,,,,,,,,,,,,,,,,,,,,,,,,,,,,,,,,,,,,,,,,,,,,,,,,,,,,,,,,,,,,,,,,,,,,,,,,,,,,,,,,,,,,,,,,,,,communal/village,other,,,,,,,,,-0.1260503,42.5679856,-19.953,3.9,,,,
156,4/22/2024,GREDO,,southwest,Bay,Diinsoor,Misra-yarey,,,brcis3,communal_land,water_points,,,,,,,,,,,,,,,,,,,,,,,,,,,,,,,,,,,,,,,,,,,,,,,,,,,,,,,,,,,,,,,,,,,,,,,,,,,,,,,,,,,,,,,,,,,,,,,,,,,,,,,,,,,,,,,,,,,,,,,,,,,,,,,,,,,,,,,,,,,communal/village,other,,,,,,,,,2.4142534,42.9789312,299.0,4.78,,,,
157,4/24/2024,NRC,,jubaland.,Lower Juba,Kismayo,Bula Guduud,,,brcis3,communal_land,water_points,,,,,,,,,,,,,,,,,,,,,,,,,,,,,,,,,,,,,,,,,,,,,,,,,,,,,,,,,,,,,,,,,,,,,,,,,,,,,,,,,,,,,,,,,,,,,,,,,,,,,,,,,,,,,,,,,,,,,,,,,,,,,,,,,,,,,,,,,,,communal/village,other,,,,,,,,,-0.0710124,42.5855951,-18.806,4.184,,,,
158,4/24/2024,NRC,,jubaland.,Lower Juba ,Kismayo,Bula Guduud,,,brcis3,communal_land,water_points,,,,,,,,,,,,,,,,,,,,,,,,,,,,,,,,,,,,,,,,,,,,,,,,,,,,,,,,,,,,,,,,,,,,,,,,,,,,,,,,,,,,,,,,,,,,,,,,,,,,,,,,,,,,,,,,,,,,,,,,,,,,,,,,,,,,,,,,,,,communal/village,other,,,,,,,,,-0.0733294,42.5715621,-8.518,3.9,,,,
159,4/24/2024,NRC,,jubaland.,Lower Juba ,Kismayo,Bula Guduud,,,brcis3,communal_land,water_points,,,,,,,,,,,,,,,,,,,,,,,,,,,,,,,,,,,,,,,,,,,,,,,,,,,,,,,,,,,,,,,,,,,,,,,,,,,,,,,,,,,,,,,,,,,,,,,,,,,,,,,,,,,,,,,,,,,,,,,,,,,,,,,,,,,,,,,,,,,communal/village,other,,,,,,,,,-0.0733199,42.5715756,-17.084,15.0,,,,
160,4/24/2024,NRC,,jubaland.,Lower Juba ,Kismayo,Bula Guduud,,,brcis3,communal_land,water_points,,,,,,,,,,,,,,,,,,,,,,,,,,,,,,,,,,,,,,,,,,,,,,,,,,,,,,,,,,,,,,,,,,,,,,,,,,,,,,,,,,,,,,,,,,,,,,,,,,,,,,,,,,,,,,,,,,,,,,,,,,,,,,,,,,,,,,,,,,,communal/village,other,,,,,,,,,-0.0732246,42.5715448,-20.671,15.0,,,,
161,4/24/2024,NRC,,jubaland.,Lower Juba ,Kismayo,Bula Guduud,,,brcis3,communal_land,water_points,,,,,,,,,,,,,,,,,,,,,,,,,,,,,,,,,,,,,,,,,,,,,,,,,,,,,,,,,,,,,,,,,,,,,,,,,,,,,,,,,,,,,,,,,,,,,,,,,,,,,,,,,,,,,,,,,,,,,,,,,,,,,,,,,,,,,,,,,,,communal/village,other,,,,,,,,,-0.0732212,42.5715438,-21.123,3.9,,,,
162,4/24/2024,NRC,,jubaland.,Lower Juba ,Kismayo,Bula Guduud,,,brcis3,communal_land,water_points,,,,,,,,,,,,,,,,,,,,,,,,,,,,,,,,,,,,,,,,,,,,,,,,,,,,,,,,,,,,,,,,,,,,,,,,,,,,,,,,,,,,,,,,,,,,,,,,,,,,,,,,,,,,,,,,,,,,,,,,,,,,,,,,,,,,,,,,,,,communal/village,other,,,,,,,,,-0.0732207,42.5715452,-20.819,3.9,,,,
163,4/24/2024,NRC,,jubaland.,Lower Juba ,Kismayo,Bula Guduud,,,brcis3,communal_land,water_points,,,,,,,,,,,,,,,,,,,,,,,,,,,,,,,,,,,,,,,,,,,,,,,,,,,,,,,,,,,,,,,,,,,,,,,,,,,,,,,,,,,,,,,,,,,,,,,,,,,,,,,,,,,,,,,,,,,,,,,,,,,,,,,,,,,,,,,,,,,communal/village,other,,,,,,,,,-0.0732231,42.5715404,-20.717,3.9,,,,
164,4/24/2024,NRC,,jubaland.,Lower Juba ,Kismayo,Bula Guduud,,,brcis3,communal_land,water_points,,,,,,,,,,,,,,,,,,,,,,,,,,,,,,,,,,,,,,,,,,,,,,,,,,,,,,,,,,,,,,,,,,,,,,,,,,,,,,,,,,,,,,,,,,,,,,,,,,,,,,,,,,,,,,,,,,,,,,,,,,,,,,,,,,,,,,,,,,,communal/village,other,,,,,,,,,-0.0732459,42.5715034,-19.501,3.9,,,,
165,4/24/2024,NRC,,jubaland.,Lower Juba ,Kismayo,Bula Guduud,,,brcis3,communal_land,water_points,,,,,,,,,,,,,,,,,,,,,,,,,,,,,,,,,,,,,,,,,,,,,,,,,,,,,,,,,,,,,,,,,,,,,,,,,,,,,,,,,,,,,,,,,,,,,,,,,,,,,,,,,,,,,,,,,,,,,,,,,,,,,,,,,,,,,,,,,,,communal/village,other,,,,,,,,,-0.0732457,42.5715033,-19.576,3.9,,,,
166,4/24/2024,NRC,,jubaland.,Lower Juba ,Kismayo,Bula Guduud,,,brcis3,communal_land,water_points,,,,,,,,,,,,,,,,,,,,,,,,,,,,,,,,,,,,,,,,,,,,,,,,,,,,,,,,,,,,,,,,,,,,,,,,,,,,,,,,,,,,,,,,,,,,,,,,,,,,,,,,,,,,,,,,,,,,,,,,,,,,,,,,,,,,,,,,,,,communal/village,other,,,,,,,,,-0.0732531,42.5715063,-19.649,3.9,,,,
167,4/24/2024,NRC,,jubaland.,Lower Juba ,Kismayo,Bula Guduud,,,brcis3,communal_land,water_points,,,,,,,,,,,,,,,,,,,,,,,,,,,,,,,,,,,,,,,,,,,,,,,,,,,,,,,,,,,,,,,,,,,,,,,,,,,,,,,,,,,,,,,,,,,,,,,,,,,,,,,,,,,,,,,,,,,,,,,,,,,,,,,,,,,,,,,,,,,communal/village,other,,,,,,,,,-0.0732552,42.571507,-19.496,3.9,,,,
168,4/24/2024,NRC,,jubaland.,Lower Juba ,Kismayo,Bula Guduud,,,brcis3,communal_land,water_points,,,,,,,,,,,,,,,,,,,,,,,,,,,,,,,,,,,,,,,,,,,,,,,,,,,,,,,,,,,,,,,,,,,,,,,,,,,,,,,,,,,,,,,,,,,,,,,,,,,,,,,,,,,,,,,,,,,,,,,,,,,,,,,,,,,,,,,,,,,communal/village,other,,,,,,,,,-0.0732593,42.571523,-20.368,3.9,,,,
169,4/24/2024,NRC,,jubaland.,Lower Juba ,Kismayo,Bula Guduud,,,brcis3,communal_land,water_points,,,,,,,,,,,,,,,,,,,,,,,,,,,,,,,,,,,,,,,,,,,,,,,,,,,,,,,,,,,,,,,,,,,,,,,,,,,,,,,,,,,,,,,,,,,,,,,,,,,,,,,,,,,,,,,,,,,,,,,,,,,,,,,,,,,,,,,,,,,communal/village,other,,,,,,,,,-0.0732589,42.5715241,-20.49,3.9,,,,
170,4/24/2024,NRC,,jubaland.,Lower Juba ,Kismayo,Bula Guduud,,,brcis3,communal_land,water_points,,,,,,,,,,,,,,,,,,,,,,,,,,,,,,,,,,,,,,,,,,,,,,,,,,,,,,,,,,,,,,,,,,,,,,,,,,,,,,,,,,,,,,,,,,,,,,,,,,,,,,,,,,,,,,,,,,,,,,,,,,,,,,,,,,,,,,,,,,,communal/village,other,,,,,,,,,-0.0708923,42.5849141,6.0,4.98,,,,
171,4/24/2024,NRC,,jubaland.,Lower Juba ,Kismayo,Bula Guduud,,,brcis3,communal_land,water_points,,,,,,,,,,,,,,,,,,,,,,,,,,,,,,,,,,,,,,,,,,,,,,,,,,,,,,,,,,,,,,,,,,,,,,,,,,,,,,,,,,,,,,,,,,,,,,,,,,,,,,,,,,,,,,,,,,,,,,,,,,,,,,,,,,,,,,,,,,,communal/village,other,,,,,,,,,-0.072144,42.572715,3.4,3.8,,,,
172,4/24/2024,NRC,,jubaland.,Lower Juba ,Kismayo,Bula Guduud,,,brcis3,communal_land,water_points,,,,,,,,,,,,,,,,,,,,,,,,,,,,,,,,,,,,,,,,,,,,,,,,,,,,,,,,,,,,,,,,,,,,,,,,,,,,,,,,,,,,,,,,,,,,,,,,,,,,,,,,,,,,,,,,,,,,,,,,,,,,,,,,,,,,,,,,,,,communal/village,other,,,,,,,,,-0.0732654,42.5715349,-21.196,3.9,,,,
173,4/24/2024,NRC,,jubaland.,Lower Juba ,Kismayo,Bula Guduud,,,brcis3,communal_land,water_points,,,,,,,,,,,,,,,,,,,,,,,,,,,,,,,,,,,,,,,,,,,,,,,,,,,,,,,,,,,,,,,,,,,,,,,,,,,,,,,,,,,,,,,,,,,,,,,,,,,,,,,,,,,,,,,,,,,,,,,,,,,,,,,,,,,,,,,,,,,communal/village,other,,,,,,,,,-0.072237,42.5721597,4.9,3.8,,,,
174,4/24/2024,NRC,,jubaland.,Lower Juba ,Kismayo,Bula Guduud,,,brcis3,communal_land,water_points,,,,,,,,,,,,,,,,,,,,,,,,,,,,,,,,,,,,,,,,,,,,,,,,,,,,,,,,,,,,,,,,,,,,,,,,,,,,,,,,,,,,,,,,,,,,,,,,,,,,,,,,,,,,,,,,,,,,,,,,,,,,,,,,,,,,,,,,,,,communal/village,other,,,,,,,,,-0.0732677,42.5716287,6.1,4.8,,,,
175,4/24/2024,NRC,,jubaland.,Lower Juba ,Kismayo,Bula Guduud,,,brcis3,communal_land,water_points,,,,,,,,,,,,,,,,,,,,,,,,,,,,,,,,,,,,,,,,,,,,,,,,,,,,,,,,,,,,,,,,,,,,,,,,,,,,,,,,,,,,,,,,,,,,,,,,,,,,,,,,,,,,,,,,,,,,,,,,,,,,,,,,,,,,,,,,,,,communal/village,other,,,,,,,,,-0.0732671,42.5715371,-21.181,3.9,,,,
176,4/24/2024,NRC,,jubaland.,Lower Juba ,Kismayo,Bula Guduud,,,brcis3,communal_land,water_points,,,,,,,,,,,,,,,,,,,,,,,,,,,,,,,,,,,,,,,,,,,,,,,,,,,,,,,,,,,,,,,,,,,,,,,,,,,,,,,,,,,,,,,,,,,,,,,,,,,,,,,,,,,,,,,,,,,,,,,,,,,,,,,,,,,,,,,,,,,communal/village,other,,,,,,,,,-0.0732141,42.5715483,6.1,4.15,,,,
177,4/24/2024,NRC,,jubaland.,Lower Juba ,Kismayo,Bula Guduud,,,brcis3,communal_land,water_points,,,,,,,,,,,,,,,,,,,,,,,,,,,,,,,,,,,,,,,,,,,,,,,,,,,,,,,,,,,,,,,,,,,,,,,,,,,,,,,,,,,,,,,,,,,,,,,,,,,,,,,,,,,,,,,,,,,,,,,,,,,,,,,,,,,,,,,,,,,communal/village,other,,,,,,,,,-0.0732793,42.5715455,-21.234,3.9,,,,
178,4/24/2024,NRC,,jubaland.,Lower Juba ,Kismayo,Bula Guduud,,,brcis3,communal_land,water_points,,,,,,,,,,,,,,,,,,,,,,,,,,,,,,,,,,,,,,,,,,,,,,,,,,,,,,,,,,,,,,,,,,,,,,,,,,,,,,,,,,,,,,,,,,,,,,,,,,,,,,,,,,,,,,,,,,,,,,,,,,,,,,,,,,,,,,,,,,,communal/village,other,,,,,,,,,-0.0732492,42.5715961,7.9,4.25,,,,
179,4/24/2024,NRC,,jubaland.,Lower Juba ,Kismayo,Bula Guduud,,,brcis3,communal_land,water_points,,,,,,,,,,,,,,,,,,,,,,,,,,,,,,,,,,,,,,,,,,,,,,,,,,,,,,,,,,,,,,,,,,,,,,,,,,,,,,,,,,,,,,,,,,,,,,,,,,,,,,,,,,,,,,,,,,,,,,,,,,,,,,,,,,,,,,,,,,,communal/village,other,,,,,,,,,-0.073269,42.5716015,8.3,4.15,,,,
180,4/24/2024,NRC,,jubaland.,Lower Juba ,Kismayo,Bula Guduud,,,brcis3,communal_land,water_points,,,,,,,,,,,,,,,,,,,,,,,,,,,,,,,,,,,,,,,,,,,,,,,,,,,,,,,,,,,,,,,,,,,,,,,,,,,,,,,,,,,,,,,,,,,,,,,,,,,,,,,,,,,,,,,,,,,,,,,,,,,,,,,,,,,,,,,,,,,communal/village,other,,,,,,,,,-0.0732824,42.5715526,-21.309,3.9,,,,
181,4/24/2024,NRC,,jubaland.,Lower Juba ,Kismayo,Bula Guduud,,,brcis3,communal_land,water_points,,,,,,,,,,,,,,,,,,,,,,,,,,,,,,,,,,,,,,,,,,,,,,,,,,,,,,,,,,,,,,,,,,,,,,,,,,,,,,,,,,,,,,,,,,,,,,,,,,,,,,,,,,,,,,,,,,,,,,,,,,,,,,,,,,,,,,,,,,,communal/village,other,,,,,,,,,-0.0732666,42.5716112,8.3,3.957,,,,
182,4/24/2024,NRC,,jubaland.,Lower Juba ,Kismayo,Bula Guduud,,,brcis3,communal_land,water_points,,,,,,,,,,,,,,,,,,,,,,,,,,,,,,,,,,,,,,,,,,,,,,,,,,,,,,,,,,,,,,,,,,,,,,,,,,,,,,,,,,,,,,,,,,,,,,,,,,,,,,,,,,,,,,,,,,,,,,,,,,,,,,,,,,,,,,,,,,,communal/village,other,,,,,,,,,-0.0732897,42.571624,8.1,3.714,,,,
183,4/24/2024,NRC,,jubaland.,Lower Juba ,Kismayo,Bula Guduud,,,brcis3,communal_land,water_points,,,,,,,,,,,,,,,,,,,,,,,,,,,,,,,,,,,,,,,,,,,,,,,,,,,,,,,,,,,,,,,,,,,,,,,,,,,,,,,,,,,,,,,,,,,,,,,,,,,,,,,,,,,,,,,,,,,,,,,,,,,,,,,,,,,,,,,,,,,communal/village,other,,,,,,,,,-0.0828443,42.5721645,-27.505,96.0,,,,
184,4/24/2024,NRC,,jubaland.,Lower Juba ,Kismayo,Bula Guduud,,,brcis3,communal_land,water_points,,,,,,,,,,,,,,,,,,,,,,,,,,,,,,,,,,,,,,,,,,,,,,,,,,,,,,,,,,,,,,,,,,,,,,,,,,,,,,,,,,,,,,,,,,,,,,,,,,,,,,,,,,,,,,,,,,,,,,,,,,,,,,,,,,,,,,,,,,,communal/village,other,,,,,,,,,-0.0732591,42.5715147,3.8,4.88,,,,
185,4/24/2024,NRC,,jubaland.,Lower Juba ,Kismayo,Bula Guduud,,,brcis3,communal_land,water_points,,,,,,,,,,,,,,,,,,,,,,,,,,,,,,,,,,,,,,,,,,,,,,,,,,,,,,,,,,,,,,,,,,,,,,,,,,,,,,,,,,,,,,,,,,,,,,,,,,,,,,,,,,,,,,,,,,,,,,,,,,,,,,,,,,,,,,,,,,,communal/village,other,,,,,,,,,-0.0732653,42.5715167,-19.378,3.9,,,,
186,4/24/2024,NRC,,jubaland.,Lower Juba ,Kismayo,Bula Guduud,,,brcis3,communal_land,water_points,,,,,,,,,,,,,,,,,,,,,,,,,,,,,,,,,,,,,,,,,,,,,,,,,,,,,,,,,,,,,,,,,,,,,,,,,,,,,,,,,,,,,,,,,,,,,,,,,,,,,,,,,,,,,,,,,,,,,,,,,,,,,,,,,,,,,,,,,,,communal/village,other,,,,,,,,,-0.0732804,42.5715419,10.3,4.7,,,,
187,4/24/2024,NRC,,jubaland.,Lower Juba ,Kismayo,Bula Guduud,,,brcis3,communal_land,water_points,,,,,,,,,,,,,,,,,,,,,,,,,,,,,,,,,,,,,,,,,,,,,,,,,,,,,,,,,,,,,,,,,,,,,,,,,,,,,,,,,,,,,,,,,,,,,,,,,,,,,,,,,,,,,,,,,,,,,,,,,,,,,,,,,,,,,,,,,,,communal/village,other,,,,,,,,,-0.0732697,42.5715524,10.3,4.966,,,,
188,4/24/2024,NRC,,jubaland.,Lower Juba ,Kismayo,Bula Guduud,,,brcis3,communal_land,water_points,,,,,,,,,,,,,,,,,,,,,,,,,,,,,,,,,,,,,,,,,,,,,,,,,,,,,,,,,,,,,,,,,,,,,,,,,,,,,,,,,,,,,,,,,,,,,,,,,,,,,,,,,,,,,,,,,,,,,,,,,,,,,,,,,,,,,,,,,,,communal/village,other,,,,,,,,,-0.0732687,42.5715187,-19.234,3.9,,,,
189,4/24/2024,NRC,,jubaland.,Lower Juba ,Kismayo,Bula Guduud,,,brcis3,communal_land,water_points,,,,,,,,,,,,,,,,,,,,,,,,,,,,,,,,,,,,,,,,,,,,,,,,,,,,,,,,,,,,,,,,,,,,,,,,,,,,,,,,,,,,,,,,,,,,,,,,,,,,,,,,,,,,,,,,,,,,,,,,,,,,,,,,,,,,,,,,,,,communal/village,other,,,,,,,,,-0.0730017,42.5711479,10.4,4.08,,,,
190,4/24/2024,NRC,,jubaland.,Lower Juba ,Kismayo,Bula Guduud,,,brcis3,communal_land,water_points,,,,,,,,,,,,,,,,,,,,,,,,,,,,,,,,,,,,,,,,,,,,,,,,,,,,,,,,,,,,,,,,,,,,,,,,,,,,,,,,,,,,,,,,,,,,,,,,,,,,,,,,,,,,,,,,,,,,,,,,,,,,,,,,,,,,,,,,,,,communal/village,other,,,,,,,,,-0.0729875,42.5711195,10.6,4.9,,,,
191,4/24/2024,NRC,,jubaland.,Lower Juba ,Kismayo,Bula Guduud,,,brcis3,communal_land,water_points,,,,,,,,,,,,,,,,,,,,,,,,,,,,,,,,,,,,,,,,,,,,,,,,,,,,,,,,,,,,,,,,,,,,,,,,,,,,,,,,,,,,,,,,,,,,,,,,,,,,,,,,,,,,,,,,,,,,,,,,,,,,,,,,,,,,,,,,,,,communal/village,other,,,,,,,,,-0.0729918,42.5711197,10.5,4.457,,,,
192,4/24/2024,NRC,,jubaland.,Lower Juba ,Kismayo,Bula Guduud,,,brcis3,communal_land,water_points,,,,,,,,,,,,,,,,,,,,,,,,,,,,,,,,,,,,,,,,,,,,,,,,,,,,,,,,,,,,,,,,,,,,,,,,,,,,,,,,,,,,,,,,,,,,,,,,,,,,,,,,,,,,,,,,,,,,,,,,,,,,,,,,,,,,,,,,,,,communal/village,other,,,,,,,,,-0.0729618,42.5713097,12.9,4.766,,,,
193,4/24/2024,NRC,,jubaland.,Lower Juba ,Kismayo,Bula Guduud,,,brcis3,communal_land,water_points,,,,,,,,,,,,,,,,,,,,,,,,,,,,,,,,,,,,,,,,,,,,,,,,,,,,,,,,,,,,,,,,,,,,,,,,,,,,,,,,,,,,,,,,,,,,,,,,,,,,,,,,,,,,,,,,,,,,,,,,,,,,,,,,,,,,,,,,,,,communal/village,other,,,,,,,,,-0.0732637,42.5715417,12.7,4.85,,,,
194,4/24/2024,NRC,,jubaland.,Lower Juba ,Kismayo,Bula Guduud,,,brcis3,communal_land,water_points,,,,,,,,,,,,,,,,,,,,,,,,,,,,,,,,,,,,,,,,,,,,,,,,,,,,,,,,,,,,,,,,,,,,,,,,,,,,,,,,,,,,,,,,,,,,,,,,,,,,,,,,,,,,,,,,,,,,,,,,,,,,,,,,,,,,,,,,,,,communal/village,other,,,,,,,,,-0.0732755,42.5715375,12.0,4.466,,,,
195,4/24/2024,NRC,,jubaland.,Lower Juba ,Kismayo,Bula Guduud,,,brcis3,communal_land,water_points,,,,,,,,,,,,,,,,,,,,,,,,,,,,,,,,,,,,,,,,,,,,,,,,,,,,,,,,,,,,,,,,,,,,,,,,,,,,,,,,,,,,,,,,,,,,,,,,,,,,,,,,,,,,,,,,,,,,,,,,,,,,,,,,,,,,,,,,,,,communal/village,other,,,,,,,,,-0.0732752,42.5715177,12.6,4.8,,,,
196,4/24/2024,NRC,,jubaland.,Lower Juba ,Kismayo,Bula Guduud,,,brcis3,communal_land,water_points,,,,,,,,,,,,,,,,,,,,,,,,,,,,,,,,,,,,,,,,,,,,,,,,,,,,,,,,,,,,,,,,,,,,,,,,,,,,,,,,,,,,,,,,,,,,,,,,,,,,,,,,,,,,,,,,,,,,,,,,,,,,,,,,,,,,,,,,,,,communal/village,other,,,,,,,,,-0.0732516,42.5715136,11.9,3.7,,,,
197,4/24/2024,NRC,,jubaland.,Lower Juba,Kismayo,Bula Guduud,,,brcis3,communal_land,water_points,,,,,,,,,,,,,,,,,,,,,,,,,,,,,,,,,,,,,,,,,,,,,,,,,,,,,,,,,,,,,,,,,,,,,,,,,,,,,,,,,,,,,,,,,,,,,,,,,,,,,,,,,,,,,,,,,,,,,,,,,,,,,,,,,,,,,,,,,,,communal/village,other,,,,,,,,,-0.0730031,42.5711327,14.1,4.266,,,,
198,4/24/2024,NRC,,jubaland.,Lower Juba,Kismayo,Bula Guduud,,,brcis3,communal_land,water_points,,,,,,,,,,,,,,,,,,,,,,,,,,,,,,,,,,,,,,,,,,,,,,,,,,,,,,,,,,,,,,,,,,,,,,,,,,,,,,,,,,,,,,,,,,,,,,,,,,,,,,,,,,,,,,,,,,,,,,,,,,,,,,,,,,,,,,,,,,,communal/village,other,,,,,,,,,-0.0730896,42.5713332,13.0,4.942,,,,
199,4/24/2024,NRC,,jubaland.,Lower Juba,Kismayo,Bula Guduud,,,brcis3,communal_land,water_points,,,,,,,,,,,,,,,,,,,,,,,,,,,,,,,,,,,,,,,,,,,,,,,,,,,,,,,,,,,,,,,,,,,,,,,,,,,,,,,,,,,,,,,,,,,,,,,,,,,,,,,,,,,,,,,,,,,,,,,,,,,,,,,,,,,,,,,,,,,communal/village,other,,,,,,,,,-0.0732632,42.5715581,11.8,4.866,,,,
200,4/24/2024,NRC,,jubaland.,Lower Juba,Kismayo,Bula Guduud,,,brcis3,communal_land,water_points,,,,,,,,,,,,,,,,,,,,,,,,,,,,,,,,,,,,,,,,,,,,,,,,,,,,,,,,,,,,,,,,,,,,,,,,,,,,,,,,,,,,,,,,,,,,,,,,,,,,,,,,,,,,,,,,,,,,,,,,,,,,,,,,,,,,,,,,,,,communal/village,other,,,,,,,,,-0.0730079,42.5722692,10.4,3.814,,,,
201,4/24/2024,NRC,,jubaland.,Lower Juba,Kismayo,Bula Guduud,,,brcis3,communal_land,water_points,,,,,,,,,,,,,,,,,,,,,,,,,,,,,,,,,,,,,,,,,,,,,,,,,,,,,,,,,,,,,,,,,,,,,,,,,,,,,,,,,,,,,,,,,,,,,,,,,,,,,,,,,,,,,,,,,,,,,,,,,,,,,,,,,,,,,,,,,,,communal/village,other,,,,,,,,,-0.073574,42.5728505,-4.1,3.8,,,,
202,4/24/2024,NRC,,jubaland.,Lower Juba,Kismayo,Bula Guduud,,,brcis3,communal_land,water_points,,,,,,,,,,,,,,,,,,,,,,,,,,,,,,,,,,,,,,,,,,,,,,,,,,,,,,,,,,,,,,,,,,,,,,,,,,,,,,,,,,,,,,,,,,,,,,,,,,,,,,,,,,,,,,,,,,,,,,,,,,,,,,,,,,,,,,,,,,,communal/village,other,,,,,,,,,-0.0741433,42.5729899,1.1,4.712,,,,
203,4/24/2024,NRC,,jubaland.,Lower Juba,Kismayo,Bula Guduud,,,brcis3,communal_land,water_points,,,,,,,,,,,,,,,,,,,,,,,,,,,,,,,,,,,,,,,,,,,,,,,,,,,,,,,,,,,,,,,,,,,,,,,,,,,,,,,,,,,,,,,,,,,,,,,,,,,,,,,,,,,,,,,,,,,,,,,,,,,,,,,,,,,,,,,,,,,communal/village,other,,,,,,,,,-0.074125,42.5729717,1.4,3.6,,,,
204,4/24/2024,NRC,,jubaland.,Lower Juba,Kismayo,Bula Guduud,,,brcis3,communal_land,water_points,,,,,,,,,,,,,,,,,,,,,,,,,,,,,,,,,,,,,,,,,,,,,,,,,,,,,,,,,,,,,,,,,,,,,,,,,,,,,,,,,,,,,,,,,,,,,,,,,,,,,,,,,,,,,,,,,,,,,,,,,,,,,,,,,,,,,,,,,,,communal/village,other,,,,,,,,,-0.074232,42.5730088,1.2,4.557,,,,
205,4/24/2024,NRC,,jubaland.,Lower Juba,Kismayo,Bula Guduud,,,brcis3,communal_land,water_points,,,,,,,,,,,,,,,,,,,,,,,,,,,,,,,,,,,,,,,,,,,,,,,,,,,,,,,,,,,,,,,,,,,,,,,,,,,,,,,,,,,,,,,,,,,,,,,,,,,,,,,,,,,,,,,,,,,,,,,,,,,,,,,,,,,,,,,,,,,communal/village,other,,,,,,,,,-0.0742317,42.5730083,1.2,4.0,,,,
206,4/24/2024,NRC,,jubaland.,Lower Juba,Kismayo,Bula Guduud,,,brcis3,communal_land,water_points,,,,,,,,,,,,,,,,,,,,,,,,,,,,,,,,,,,,,,,,,,,,,,,,,,,,,,,,,,,,,,,,,,,,,,,,,,,,,,,,,,,,,,,,,,,,,,,,,,,,,,,,,,,,,,,,,,,,,,,,,,,,,,,,,,,,,,,,,,,communal/village,other,,,,,,,,,-0.0742316,42.5730083,1.2,4.4,,,,
207,4/24/2024,NRC,,jubaland.,Lower Juba,Kismayo,Bula Guduud,,,brcis3,communal_land,water_points,,,,,,,,,,,,,,,,,,,,,,,,,,,,,,,,,,,,,,,,,,,,,,,,,,,,,,,,,,,,,,,,,,,,,,,,,,,,,,,,,,,,,,,,,,,,,,,,,,,,,,,,,,,,,,,,,,,,,,,,,,,,,,,,,,,,,,,,,,,communal/village,other,,,,,,,,,-0.0785359,42.5736276,2.0,3.971,,,,
208,4/24/2024,NRC,,jubaland.,Lower Juba ,Kismayo,Bula Guduud,,,brcis3,communal_land,water_points,,,,,,,,,,,,,,,,,,,,,,,,,,,,,,,,,,,,,,,,,,,,,,,,,,,,,,,,,,,,,,,,,,,,,,,,,,,,,,,,,,,,,,,,,,,,,,,,,,,,,,,,,,,,,,,,,,,,,,,,,,,,,,,,,,,,,,,,,,,communal/village,other,,,,,,,,,-0.0824139,42.572581,1.9,4.528,,,,
209,4/25/2024,NRC,,jubaland.,Lower Juba ,Kismayo,Bula Guduud,,,brcis3,communal_land,water_points,,,,,,,,,,,,,,,,,,,,,,,,,,,,,,,,,,,,,,,,,,,,,,,,,,,,,,,,,,,,,,,,,,,,,,,,,,,,,,,,,,,,,,,,,,,,,,,,,,,,,,,,,,,,,,,,,,,,,,,,,,,,,,,,,,,,,,,,,,,communal/village,other,,,,,,,,,-0.0733074,42.5716358,46.052,3.9,,,,
210,4/25/2024,NRC,,jubaland.,Lower Juba ,Kismayo,Bula Guduud,,,brcis3,communal_land,water_points,,,,,,,,,,,,,,,,,,,,,,,,,,,,,,,,,,,,,,,,,,,,,,,,,,,,,,,,,,,,,,,,,,,,,,,,,,,,,,,,,,,,,,,,,,,,,,,,,,,,,,,,,,,,,,,,,,,,,,,,,,,,,,,,,,,,,,,,,,,communal/village,other,,,,,,,,,-0.0729634,42.5711211,-26.331,3.9,,,,
211,4/25/2024,NRC,,jubaland.,Lower Juba ,Kismayo,Bula Guduud,,,brcis3,communal_land,water_points,,,,,,,,,,,,,,,,,,,,,,,,,,,,,,,,,,,,,,,,,,,,,,,,,,,,,,,,,,,,,,,,,,,,,,,,,,,,,,,,,,,,,,,,,,,,,,,,,,,,,,,,,,,,,,,,,,,,,,,,,,,,,,,,,,,,,,,,,,,communal/village,other,,,,,,,,,-0.0730767,42.5711326,-3.49,3.9,,,,
212,4/25/2024,NRC,,jubaland.,Lower Juba ,Kismayo,Bula Guduud,,,brcis3,communal_land,water_points,,,,,,,,,,,,,,,,,,,,,,,,,,,,,,,,,,,,,,,,,,,,,,,,,,,,,,,,,,,,,,,,,,,,,,,,,,,,,,,,,,,,,,,,,,,,,,,,,,,,,,,,,,,,,,,,,,,,,,,,,,,,,,,,,,,,,,,,,,,communal/village,other,,,,,,,,,-0.0730749,42.571142,-4.162,3.9,,,,
213,4/25/2024,NRC,,jubaland.,Lower Juba ,Kismayo,Bula Guduud,,,brcis3,communal_land,water_points,,,,,,,,,,,,,,,,,,,,,,,,,,,,,,,,,,,,,,,,,,,,,,,,,,,,,,,,,,,,,,,,,,,,,,,,,,,,,,,,,,,,,,,,,,,,,,,,,,,,,,,,,,,,,,,,,,,,,,,,,,,,,,,,,,,,,,,,,,,communal/village,other,,,,,,,,,-0.0729824,42.5711343,-10.851,3.9,,,,
214,4/25/2024,NRC,,jubaland.,Lower Juba ,Kismayo,Bula Guduud,,,brcis3,communal_land,water_points,,,,,,,,,,,,,,,,,,,,,,,,,,,,,,,,,,,,,,,,,,,,,,,,,,,,,,,,,,,,,,,,,,,,,,,,,,,,,,,,,,,,,,,,,,,,,,,,,,,,,,,,,,,,,,,,,,,,,,,,,,,,,,,,,,,,,,,,,,,communal/village,other,,,,,,,,,-0.0729709,42.5711094,-36.828,3.9,,,,
215,4/25/2024,NRC,,jubaland.,Lower Juba ,Kismayo,Bula Guduud,,,brcis3,communal_land,water_points,,,,,,,,,,,,,,,,,,,,,,,,,,,,,,,,,,,,,,,,,,,,,,,,,,,,,,,,,,,,,,,,,,,,,,,,,,,,,,,,,,,,,,,,,,,,,,,,,,,,,,,,,,,,,,,,,,,,,,,,,,,,,,,,,,,,,,,,,,,communal/village,other,,,,,,,,,-0.0728952,42.5708771,-36.828,3.9,,,,
216,4/25/2024,NRC,,jubaland.,Lower Juba ,Kismayo,Bula Guduud,,,brcis3,communal_land,water_points,,,,,,,,,,,,,,,,,,,,,,,,,,,,,,,,,,,,,,,,,,,,,,,,,,,,,,,,,,,,,,,,,,,,,,,,,,,,,,,,,,,,,,,,,,,,,,,,,,,,,,,,,,,,,,,,,,,,,,,,,,,,,,,,,,,,,,,,,,,communal/village,other,,,,,,,,,-0.0720053,42.5728102,-36.828,96.0,,,,
217,4/25/2024,NRC,,jubaland.,Lower Juba ,Afmadow,Dhobley,,,brcis3,communal_land,water_points,,,,,,,,,,,,,,,,,,,,,,,,,,,,,,,,,,,,,,,,,,,,,,,,,,,,,,,,,,,,,,,,,,,,,,,,,,,,,,,,,,,,,,,,,,,,,,,,,,,,,,,,,,,,,,,,,,,,,,,,,,,,,,,,,,,,,,,,,,,communal/village,other,,,,,,,,,0.4614282,40.9953887,21.7,5.0,,,,
218,4/25/2024,NRC,,jubaland.,Lower Juba,Afmadow,Dhobley,,,brcis3,communal_land,water_points,,,,,,,,,,,,,,,,,,,,,,,,,,,,,,,,,,,,,,,,,,,,,,,,,,,,,,,,,,,,,,,,,,,,,,,,,,,,,,,,,,,,,,,,,,,,,,,,,,,,,,,,,,,,,,,,,,,,,,,,,,,,,,,,,,,,,,,,,,,communal/village,other,,,,,,,,,0.4590943,40.9951355,52.4,4.38,,,,
219,4/25/2024,NRC,,jubaland.,Lower Juba,Afmadow,Dhobley,,,brcis3,communal_land,water_points,,,,,,,,,,,,,,,,,,,,,,,,,,,,,,,,,,,,,,,,,,,,,,,,,,,,,,,,,,,,,,,,,,,,,,,,,,,,,,,,,,,,,,,,,,,,,,,,,,,,,,,,,,,,,,,,,,,,,,,,,,,,,,,,,,,,,,,,,,,communal/village,other,,,,,,,,,0.4614485,40.9953723,22.5,4.04,,,,
220,4/25/2024,NRC,,jubaland.,Lower Juba,Afmadow,Dhobley,,,brcis3,communal_land,water_points,,,,,,,,,,,,,,,,,,,,,,,,,,,,,,,,,,,,,,,,,,,,,,,,,,,,,,,,,,,,,,,,,,,,,,,,,,,,,,,,,,,,,,,,,,,,,,,,,,,,,,,,,,,,,,,,,,,,,,,,,,,,,,,,,,,,,,,,,,,communal/village,other,,,,,,,,,0.4614579,40.9954087,25.9,4.94,,,,
221,4/25/2024,NRC,,jubaland.,Lower Juba,Afmadow,Dhobley,,,brcis3,communal_land,water_points,,,,,,,,,,,,,,,,,,,,,,,,,,,,,,,,,,,,,,,,,,,,,,,,,,,,,,,,,,,,,,,,,,,,,,,,,,,,,,,,,,,,,,,,,,,,,,,,,,,,,,,,,,,,,,,,,,,,,,,,,,,,,,,,,,,,,,,,,,,communal/village,other,,,,,,,,,0.4614825,40.9954299,26.4,4.75,,,,
222,4/25/2024,NRC,,jubaland.,Lower Juba,Afmadow,Dhobley,,,brcis3,communal_land,water_points,,,,,,,,,,,,,,,,,,,,,,,,,,,,,,,,,,,,,,,,,,,,,,,,,,,,,,,,,,,,,,,,,,,,,,,,,,,,,,,,,,,,,,,,,,,,,,,,,,,,,,,,,,,,,,,,,,,,,,,,,,,,,,,,,,,,,,,,,,,communal/village,other,,,,,,,,,0.4614978,40.9953959,48.9,3.25,,,,
223,4/25/2024,NRC,,jubaland.,Lower Juba,Afmadow,Dhobley,,,brcis3,communal_land,water_points,,,,,,,,,,,,,,,,,,,,,,,,,,,,,,,,,,,,,,,,,,,,,,,,,,,,,,,,,,,,,,,,,,,,,,,,,,,,,,,,,,,,,,,,,,,,,,,,,,,,,,,,,,,,,,,,,,,,,,,,,,,,,,,,,,,,,,,,,,,communal/village,other,,,,,,,,,0.4615062,40.995431,53.3,3.75,,,,
224,4/25/2024,NRC,,jubaland.,Lower Juba,Afmadow,Dhobley,,,brcis3,communal_land,water_points,,,,,,,,,,,,,,,,,,,,,,,,,,,,,,,,,,,,,,,,,,,,,,,,,,,,,,,,,,,,,,,,,,,,,,,,,,,,,,,,,,,,,,,,,,,,,,,,,,,,,,,,,,,,,,,,,,,,,,,,,,,,,,,,,,,,,,,,,,,communal/village,other,,,,,,,,,0.4615198,40.9954167,52.5,3.2,,,,
225,4/25/2024,NRC,,jubaland.,Lower Juba,Afmadow,Dhobley,,,brcis3,communal_land,water_points,,,,,,,,,,,,,,,,,,,,,,,,,,,,,,,,,,,,,,,,,,,,,,,,,,,,,,,,,,,,,,,,,,,,,,,,,,,,,,,,,,,,,,,,,,,,,,,,,,,,,,,,,,,,,,,,,,,,,,,,,,,,,,,,,,,,,,,,,,,communal/village,other,,,,,,,,,0.4614934,40.9954057,52.3,3.9,,,,
226,4/25/2024,NRC,,jubaland.,Lower Juba ,Afmadow,Dhobley,,,brcis3,communal_land,water_points,,,,,,,,,,,,,,,,,,,,,,,,,,,,,,,,,,,,,,,,,,,,,,,,,,,,,,,,,,,,,,,,,,,,,,,,,,,,,,,,,,,,,,,,,,,,,,,,,,,,,,,,,,,,,,,,,,,,,,,,,,,,,,,,,,,,,,,,,,,communal/village,other,,,,,,,,,0.4614709,40.9953704,69.0,3.5,,,,
227,4/25/2024,NRC,,jubaland.,Lower Juba ,Afmadow,Dhobley,,,brcis3,communal_land,water_points,,,,,,,,,,,,,,,,,,,,,,,,,,,,,,,,,,,,,,,,,,,,,,,,,,,,,,,,,,,,,,,,,,,,,,,,,,,,,,,,,,,,,,,,,,,,,,,,,,,,,,,,,,,,,,,,,,,,,,,,,,,,,,,,,,,,,,,,,,,communal/village,other,,,,,,,,,0.4615133,40.995395,76.0,4.1,,,,
228,4/25/2024,NRC,,jubaland.,Lower Juba ,Afmadow,Dhobley,,,brcis3,communal_land,water_points,,,,,,,,,,,,,,,,,,,,,,,,,,,,,,,,,,,,,,,,,,,,,,,,,,,,,,,,,,,,,,,,,,,,,,,,,,,,,,,,,,,,,,,,,,,,,,,,,,,,,,,,,,,,,,,,,,,,,,,,,,,,,,,,,,,,,,,,,,,communal/village,other,,,,,,,,,0.46151,40.9954003,71.7,3.966,,,,
229,4/25/2024,NRC,,jubaland.,Lower Juba ,Afmadow,Dhobley,,,brcis3,communal_land,water_points,,,,,,,,,,,,,,,,,,,,,,,,,,,,,,,,,,,,,,,,,,,,,,,,,,,,,,,,,,,,,,,,,,,,,,,,,,,,,,,,,,,,,,,,,,,,,,,,,,,,,,,,,,,,,,,,,,,,,,,,,,,,,,,,,,,,,,,,,,,communal/village,other,,,,,,,,,0.4614976,40.9954135,71.0,4.6,,,,
230,4/25/2024,NRC,,jubaland.,Lower Juba ,Afmadow,Dhobley,,,brcis3,communal_land,water_points,,,,,,,,,,,,,,,,,,,,,,,,,,,,,,,,,,,,,,,,,,,,,,,,,,,,,,,,,,,,,,,,,,,,,,,,,,,,,,,,,,,,,,,,,,,,,,,,,,,,,,,,,,,,,,,,,,,,,,,,,,,,,,,,,,,,,,,,,,,communal/village,other,,,,,,,,,0.4565132,40.9954794,52.9,4.72,,,,
231,4/25/2024,NRC,,jubaland.,Lower Juba,Afmadow,Dhobley,,,brcis3,communal_land,water_points,,,,,,,,,,,,,,,,,,,,,,,,,,,,,,,,,,,,,,,,,,,,,,,,,,,,,,,,,,,,,,,,,,,,,,,,,,,,,,,,,,,,,,,,,,,,,,,,,,,,,,,,,,,,,,,,,,,,,,,,,,,,,,,,,,,,,,,,,,,communal/village,other,,,,,,,,,0.4544962,40.996472,53.1,4.58,,,,
232,4/25/2024,NRC,,jubaland.,Lower Juba ,Afmadow,Dhobley,,,brcis3,communal_land,water_points,,,,,,,,,,,,,,,,,,,,,,,,,,,,,,,,,,,,,,,,,,,,,,,,,,,,,,,,,,,,,,,,,,,,,,,,,,,,,,,,,,,,,,,,,,,,,,,,,,,,,,,,,,,,,,,,,,,,,,,,,,,,,,,,,,,,,,,,,,,communal/village,other,,,,,,,,,0.4527781,40.9974194,53.7,4.92,,,,
233,4/25/2024,NRC,,jubaland.,Lower Juba,Afmadow,Dhobley,,,brcis3,communal_land,water_points,,,,,,,,,,,,,,,,,,,,,,,,,,,,,,,,,,,,,,,,,,,,,,,,,,,,,,,,,,,,,,,,,,,,,,,,,,,,,,,,,,,,,,,,,,,,,,,,,,,,,,,,,,,,,,,,,,,,,,,,,,,,,,,,,,,,,,,,,,,communal/village,other,,,,,,,,,0.4525831,40.9975087,54.0,4.383,,,,
234,4/25/2024,NRC,,jubaland.,Lower Juba ,Afmadow,Dhobley,,,brcis3,communal_land,water_points,,,,,,,,,,,,,,,,,,,,,,,,,,,,,,,,,,,,,,,,,,,,,,,,,,,,,,,,,,,,,,,,,,,,,,,,,,,,,,,,,,,,,,,,,,,,,,,,,,,,,,,,,,,,,,,,,,,,,,,,,,,,,,,,,,,,,,,,,,,communal/village,other,,,,,,,,,0.4449673,41.021923,93.9,4.066,,,,
235,4/25/2024,NRC,,jubaland.,Lower Juba ,Afmadow,Dhobley,,,brcis3,communal_land,water_points,,,,,,,,,,,,,,,,,,,,,,,,,,,,,,,,,,,,,,,,,,,,,,,,,,,,,,,,,,,,,,,,,,,,,,,,,,,,,,,,,,,,,,,,,,,,,,,,,,,,,,,,,,,,,,,,,,,,,,,,,,,,,,,,,,,,,,,,,,,communal/village,other,,,,,,,,,0.4449872,41.0218659,93.8,4.74,,,,
236,4/25/2024,NRC,,jubaland.,Lower Juba ,Afmadow,Dhobley,,,brcis3,communal_land,water_points,,,,,,,,,,,,,,,,,,,,,,,,,,,,,,,,,,,,,,,,,,,,,,,,,,,,,,,,,,,,,,,,,,,,,,,,,,,,,,,,,,,,,,,,,,,,,,,,,,,,,,,,,,,,,,,,,,,,,,,,,,,,,,,,,,,,,,,,,,,communal/village,other,,,,,,,,,0.4449455,41.0218331,93.9,4.9,,,,
237,4/25/2024,NRC,,jubaland.,Lower Juba ,Afmadow,Dhobley,,,brcis3,communal_land,water_points,,,,,,,,,,,,,,,,,,,,,,,,,,,,,,,,,,,,,,,,,,,,,,,,,,,,,,,,,,,,,,,,,,,,,,,,,,,,,,,,,,,,,,,,,,,,,,,,,,,,,,,,,,,,,,,,,,,,,,,,,,,,,,,,,,,,,,,,,,,communal/village,other,,,,,,,,,0.444985,41.0218567,93.9,4.8,,,,
238,4/25/2024,NRC,,jubaland.,Lower Juba ,Afmadow,Dhobley,,,brcis3,communal_land,water_points,,,,,,,,,,,,,,,,,,,,,,,,,,,,,,,,,,,,,,,,,,,,,,,,,,,,,,,,,,,,,,,,,,,,,,,,,,,,,,,,,,,,,,,,,,,,,,,,,,,,,,,,,,,,,,,,,,,,,,,,,,,,,,,,,,,,,,,,,,,communal/village,other,,,,,,,,,0.444919,41.0219278,92.7,4.916,,,,
239,4/25/2024,NRC,,jubaland.,Lower Juba ,Afmadow,Dhobley,,,brcis3,communal_land,water_points,,,,,,,,,,,,,,,,,,,,,,,,,,,,,,,,,,,,,,,,,,,,,,,,,,,,,,,,,,,,,,,,,,,,,,,,,,,,,,,,,,,,,,,,,,,,,,,,,,,,,,,,,,,,,,,,,,,,,,,,,,,,,,,,,,,,,,,,,,,communal/village,other,,,,,,,,,0.4448226,41.0219193,92.5,4.42,,,,
240,4/25/2024,NRC,,jubaland.,Lower Juba ,Afmadow,Dhobley,,,brcis3,communal_land,water_points,,,,,,,,,,,,,,,,,,,,,,,,,,,,,,,,,,,,,,,,,,,,,,,,,,,,,,,,,,,,,,,,,,,,,,,,,,,,,,,,,,,,,,,,,,,,,,,,,,,,,,,,,,,,,,,,,,,,,,,,,,,,,,,,,,,,,,,,,,,communal/village,other,,,,,,,,,0.4448485,41.021918,91.9,4.55,,,,
241,4/25/2024,NRC,,jubaland.,Lower Juba ,Afmadow,Dhobley,,,brcis3,communal_land,water_points,,,,,,,,,,,,,,,,,,,,,,,,,,,,,,,,,,,,,,,,,,,,,,,,,,,,,,,,,,,,,,,,,,,,,,,,,,,,,,,,,,,,,,,,,,,,,,,,,,,,,,,,,,,,,,,,,,,,,,,,,,,,,,,,,,,,,,,,,,,communal/village,other,,,,,,,,,0.4448567,41.02192,91.8,3.9,,,,
242,4/25/2024,NRC,,jubaland.,Lower Juba ,Afmadow,Dhobley,,,brcis3,communal_land,water_points,,,,,,,,,,,,,,,,,,,,,,,,,,,,,,,,,,,,,,,,,,,,,,,,,,,,,,,,,,,,,,,,,,,,,,,,,,,,,,,,,,,,,,,,,,,,,,,,,,,,,,,,,,,,,,,,,,,,,,,,,,,,,,,,,,,,,,,,,,,communal/village,other,,,,,,,,,0.4448466,41.0219184,91.4,4.88,,,,
243,4/25/2024,NRC,,jubaland.,Lower Juba ,Afmadow,Dhobley,,,brcis3,communal_land,water_points,,,,,,,,,,,,,,,,,,,,,,,,,,,,,,,,,,,,,,,,,,,,,,,,,,,,,,,,,,,,,,,,,,,,,,,,,,,,,,,,,,,,,,,,,,,,,,,,,,,,,,,,,,,,,,,,,,,,,,,,,,,,,,,,,,,,,,,,,,,communal/village,other,,,,,,,,,0.4448512,41.0218685,90.3,4.9,,,,
244,4/25/2024,NRC,,jubaland.,Lower Juba ,Afmadow,Dhobley,,,brcis3,communal_land,water_points,,,,,,,,,,,,,,,,,,,,,,,,,,,,,,,,,,,,,,,,,,,,,,,,,,,,,,,,,,,,,,,,,,,,,,,,,,,,,,,,,,,,,,,,,,,,,,,,,,,,,,,,,,,,,,,,,,,,,,,,,,,,,,,,,,,,,,,,,,,communal/village,other,,,,,,,,,0.4449431,41.0219025,90.1,4.9,,,,
245,4/25/2024,NRC,,jubaland.,Lower Juba ,Afmadow,Dhobley,,,brcis3,communal_land,water_points,,,,,,,,,,,,,,,,,,,,,,,,,,,,,,,,,,,,,,,,,,,,,,,,,,,,,,,,,,,,,,,,,,,,,,,,,,,,,,,,,,,,,,,,,,,,,,,,,,,,,,,,,,,,,,,,,,,,,,,,,,,,,,,,,,,,,,,,,,,communal/village,other,,,,,,,,,0.44493,41.02191,90.0,4.0,,,,
246,4/25/2024,NRC,,jubaland.,Lower Juba ,Afmadow,Dhobley,,,brcis3,communal_land,water_points,,,,,,,,,,,,,,,,,,,,,,,,,,,,,,,,,,,,,,,,,,,,,,,,,,,,,,,,,,,,,,,,,,,,,,,,,,,,,,,,,,,,,,,,,,,,,,,,,,,,,,,,,,,,,,,,,,,,,,,,,,,,,,,,,,,,,,,,,,,communal/village,other,,,,,,,,,0.444901,41.0219195,88.9,4.614,,,,
247,4/25/2024,NRC,,jubaland.,Lower Juba ,Afmadow,Dhobley,,,brcis3,communal_land,water_points,,,,,,,,,,,,,,,,,,,,,,,,,,,,,,,,,,,,,,,,,,,,,,,,,,,,,,,,,,,,,,,,,,,,,,,,,,,,,,,,,,,,,,,,,,,,,,,,,,,,,,,,,,,,,,,,,,,,,,,,,,,,,,,,,,,,,,,,,,,communal/village,other,,,,,,,,,0.4448521,41.0219183,88.6,4.94,,,,
248,4/25/2024,NRC,,jubaland.,Lower Juba ,Afmadow,Dhobley,,,brcis3,communal_land,water_points,,,,,,,,,,,,,,,,,,,,,,,,,,,,,,,,,,,,,,,,,,,,,,,,,,,,,,,,,,,,,,,,,,,,,,,,,,,,,,,,,,,,,,,,,,,,,,,,,,,,,,,,,,,,,,,,,,,,,,,,,,,,,,,,,,,,,,,,,,,communal/village,other,,,,,,,,,0.44487,41.0219183,88.4,4.2,,,,
249,4/25/2024,NRC,,jubaland.,Lower Juba ,Afmadow,Dhobley,,,brcis3,communal_land,water_points,,,,,,,,,,,,,,,,,,,,,,,,,,,,,,,,,,,,,,,,,,,,,,,,,,,,,,,,,,,,,,,,,,,,,,,,,,,,,,,,,,,,,,,,,,,,,,,,,,,,,,,,,,,,,,,,,,,,,,,,,,,,,,,,,,,,,,,,,,,communal/village,other,,,,,,,,,0.4450417,41.021955,88.3,5.0,,,,
250,4/25/2024,NRC,,jubaland.,Lower Juba ,Afmadow,Dhobley,,,brcis3,communal_land,water_points,,,,,,,,,,,,,,,,,,,,,,,,,,,,,,,,,,,,,,,,,,,,,,,,,,,,,,,,,,,,,,,,,,,,,,,,,,,,,,,,,,,,,,,,,,,,,,,,,,,,,,,,,,,,,,,,,,,,,,,,,,,,,,,,,,,,,,,,,,,communal/village,other,,,,,,,,,0.4423912,41.0205877,79.0,4.85,,,,
251,4/25/2024,NRC,,jubaland.,Lower Juba ,Afmadow,Dhobley,,,brcis3,communal_land,water_points,,,,,,,,,,,,,,,,,,,,,,,,,,,,,,,,,,,,,,,,,,,,,,,,,,,,,,,,,,,,,,,,,,,,,,,,,,,,,,,,,,,,,,,,,,,,,,,,,,,,,,,,,,,,,,,,,,,,,,,,,,,,,,,,,,,,,,,,,,,communal/village,other,,,,,,,,,0.3816526,41.0009683,75.8,4.4,,,,
252,4/25/2024,NRC,,jubaland.,Lower Juba ,Afmadow,Dhobley,,,brcis3,communal_land,water_points,,,,,,,,,,,,,,,,,,,,,,,,,,,,,,,,,,,,,,,,,,,,,,,,,,,,,,,,,,,,,,,,,,,,,,,,,,,,,,,,,,,,,,,,,,,,,,,,,,,,,,,,,,,,,,,,,,,,,,,,,,,,,,,,,,,,,,,,,,,communal/village,other,,,,,,,,,0.3816115,41.0009706,76.0,4.85,,,,
253,4/25/2024,NRC,,jubaland.,Lower Juba ,Afmadow,Dhobley,,,brcis3,communal_land,water_points,,,,,,,,,,,,,,,,,,,,,,,,,,,,,,,,,,,,,,,,,,,,,,,,,,,,,,,,,,,,,,,,,,,,,,,,,,,,,,,,,,,,,,,,,,,,,,,,,,,,,,,,,,,,,,,,,,,,,,,,,,,,,,,,,,,,,,,,,,,communal/village,other,,,,,,,,,0.3816324,41.0009629,76.2,4.4,,,,
254,4/25/2024,NRC,,jubaland.,Lower Juba ,Afmadow,Dhobley,,,brcis3,communal_land,water_points,,,,,,,,,,,,,,,,,,,,,,,,,,,,,,,,,,,,,,,,,,,,,,,,,,,,,,,,,,,,,,,,,,,,,,,,,,,,,,,,,,,,,,,,,,,,,,,,,,,,,,,,,,,,,,,,,,,,,,,,,,,,,,,,,,,,,,,,,,,communal/village,other,,,,,,,,,0.3816073,41.0009731,76.1,4.42,,,,
255,4/25/2024,NRC,,jubaland.,Lower Juba ,Afmadow,Dhobley,,,brcis3,communal_land,water_points,,,,,,,,,,,,,,,,,,,,,,,,,,,,,,,,,,,,,,,,,,,,,,,,,,,,,,,,,,,,,,,,,,,,,,,,,,,,,,,,,,,,,,,,,,,,,,,,,,,,,,,,,,,,,,,,,,,,,,,,,,,,,,,,,,,,,,,,,,,communal/village,other,,,,,,,,,0.3816754,41.0010077,76.2,4.209,,,,
256,4/25/2024,NRC,,jubaland.,Lower Juba ,Afmadow,Dhobley,,,brcis3,communal_land,water_points,,,,,,,,,,,,,,,,,,,,,,,,,,,,,,,,,,,,,,,,,,,,,,,,,,,,,,,,,,,,,,,,,,,,,,,,,,,,,,,,,,,,,,,,,,,,,,,,,,,,,,,,,,,,,,,,,,,,,,,,,,,,,,,,,,,,,,,,,,,communal/village,other,,,,,,,,,0.3816272,41.0010294,76.5,4.6,,,,
257,4/25/2024,NRC,,jubaland.,Lower Juba ,Afmadow,Dhobley,,,brcis3,communal_land,water_points,,,,,,,,,,,,,,,,,,,,,,,,,,,,,,,,,,,,,,,,,,,,,,,,,,,,,,,,,,,,,,,,,,,,,,,,,,,,,,,,,,,,,,,,,,,,,,,,,,,,,,,,,,,,,,,,,,,,,,,,,,,,,,,,,,,,,,,,,,,communal/village,other,,,,,,,,,0.3816342,41.000972,76.4,4.94,,,,
258,4/25/2024,NRC,,jubaland.,Lower Juba ,Afmadow,Dhobley,,,brcis3,communal_land,water_points,,,,,,,,,,,,,,,,,,,,,,,,,,,,,,,,,,,,,,,,,,,,,,,,,,,,,,,,,,,,,,,,,,,,,,,,,,,,,,,,,,,,,,,,,,,,,,,,,,,,,,,,,,,,,,,,,,,,,,,,,,,,,,,,,,,,,,,,,,,communal/village,other,,,,,,,,,0.381655,41.0009684,76.2,3.5,,,,
259,4/25/2024,NRC,,jubaland.,Lower Juba ,Afmadow,Dhobley,,,brcis3,communal_land,water_points,,,,,,,,,,,,,,,,,,,,,,,,,,,,,,,,,,,,,,,,,,,,,,,,,,,,,,,,,,,,,,,,,,,,,,,,,,,,,,,,,,,,,,,,,,,,,,,,,,,,,,,,,,,,,,,,,,,,,,,,,,,,,,,,,,,,,,,,,,,communal/village,other,,,,,,,,,0.3816396,41.0010011,77.6,4.95,,,,
260,4/25/2024,NRC,,jubaland.,Lower Juba ,Afmadow,Dhobley,,,brcis3,communal_land,water_points,,,,,,,,,,,,,,,,,,,,,,,,,,,,,,,,,,,,,,,,,,,,,,,,,,,,,,,,,,,,,,,,,,,,,,,,,,,,,,,,,,,,,,,,,,,,,,,,,,,,,,,,,,,,,,,,,,,,,,,,,,,,,,,,,,,,,,,,,,,communal/village,other,,,,,,,,,0.3816638,41.0009762,77.3,4.12,,,,
261,4/25/2024,NRC,,jubaland.,Lower Juba ,Afmadow,Dhobley,,,brcis3,communal_land,water_points,,,,,,,,,,,,,,,,,,,,,,,,,,,,,,,,,,,,,,,,,,,,,,,,,,,,,,,,,,,,,,,,,,,,,,,,,,,,,,,,,,,,,,,,,,,,,,,,,,,,,,,,,,,,,,,,,,,,,,,,,,,,,,,,,,,,,,,,,,,communal/village,other,,,,,,,,,0.38166,41.0009783,77.3,4.3,,,,
262,4/25/2024,NRC,,jubaland.,Lower Juba ,Afmadow,Dhobley,,,brcis3,communal_land,water_points,,,,,,,,,,,,,,,,,,,,,,,,,,,,,,,,,,,,,,,,,,,,,,,,,,,,,,,,,,,,,,,,,,,,,,,,,,,,,,,,,,,,,,,,,,,,,,,,,,,,,,,,,,,,,,,,,,,,,,,,,,,,,,,,,,,,,,,,,,,communal/village,other,,,,,,,,,0.381634,41.0009969,76.7,4.4,,,,
263,4/25/2024,NRC,,jubaland.,Lower Juba ,Afmadow,Dhobley,,,brcis3,communal_land,water_points,,,,,,,,,,,,,,,,,,,,,,,,,,,,,,,,,,,,,,,,,,,,,,,,,,,,,,,,,,,,,,,,,,,,,,,,,,,,,,,,,,,,,,,,,,,,,,,,,,,,,,,,,,,,,,,,,,,,,,,,,,,,,,,,,,,,,,,,,,,communal/village,other,,,,,,,,,0.38162,41.0009933,76.7,4.0,,,,
264,4/25/2024,NRC,,jubaland.,Lower Juba ,Afmadow,Dhobley,,,brcis3,communal_land,water_points,,,,,,,,,,,,,,,,,,,,,,,,,,,,,,,,,,,,,,,,,,,,,,,,,,,,,,,,,,,,,,,,,,,,,,,,,,,,,,,,,,,,,,,,,,,,,,,,,,,,,,,,,,,,,,,,,,,,,,,,,,,,,,,,,,,,,,,,,,,communal/village,other,,,,,,,,,0.3816293,41.0009972,76.2,4.32,,,,
265,4/25/2024,NRC,,jubaland.,Lower Juba ,Afmadow,Dhobley,,,brcis3,communal_land,water_points,,,,,,,,,,,,,,,,,,,,,,,,,,,,,,,,,,,,,,,,,,,,,,,,,,,,,,,,,,,,,,,,,,,,,,,,,,,,,,,,,,,,,,,,,,,,,,,,,,,,,,,,,,,,,,,,,,,,,,,,,,,,,,,,,,,,,,,,,,,communal/village,other,,,,,,,,,0.3816447,41.0009817,76.1,4.52,,,,
266,4/25/2024,NRC,,jubaland.,Lower Juba ,Afmadow,Dhobley,,,brcis3,communal_land,water_points,,,,,,,,,,,,,,,,,,,,,,,,,,,,,,,,,,,,,,,,,,,,,,,,,,,,,,,,,,,,,,,,,,,,,,,,,,,,,,,,,,,,,,,,,,,,,,,,,,,,,,,,,,,,,,,,,,,,,,,,,,,,,,,,,,,,,,,,,,,communal/village,other,,,,,,,,,0.3816221,41.00097,75.8,4.4,,,,
267,5/30/2024,NRC,,jubaland.,Lower Juba ,Kismayo,Qamqam,,,brcis3,communal_land,water_points,,,,,,,,,,,,,,,,,,,,,,,,,,,,,,,,,,,,,,,,,,,,,,,,,,,,,,,,,,,,,,,,,,,,,,,,,,,,,,,,,,,,,,,,,,,,,,,,,,,,,,,,,,,,,,,,,,,,,,,,,,,,,,,,,,,,,,,,,,,communal/village,other,,,,,,,,,-0.2009364,42.6044452,-18.68707275,1072.377,,,,
268,6/24/2024,SCI,,hirshabele,Hiran,BeletWeyne,Biyo Qurun,,,brcis3,communal_land,water_points,,,,,,,,,,,,,,,,,,,,,,,,,,,,,,,,,,,,,,,,,,,,,,,,,,,,,,,,,,,,,,,,,,,,,,,,,,,,,,,,,,,,,,,,,,,,,,,,,,,,,,,,,,,,,,,,,,,,,,,,,,,,,,,,,,,,,,,,,,,communal/village,other,,,,,,,,,4.9060934,45.1452052,160.9,3.925,,,,
269,6/24/2024,SCI,,hirshabele,Hiran,BeletWeyne,Feerfeer,,,brcis3,communal_land,water_points,,,,,,,,,,,,,,,,,,,,,,,,,,,,,,,,,,,,,,,,,,,,,,,,,,,,,,,,,,,,,,,,,,,,,,,,,,,,,,,,,,,,,,,,,,,,,,,,,,,,,,,,,,,,,,,,,,,,,,,,,,,,,,,,,,,,,,,,,,,communal/village,other,,,,,,,,,4.9804179,45.1065698,155.1,4.42,,,,
270,6/24/2024,SCI,,hirshabele,Hiran,BeletWeyne,Feerfeer,,,brcis3,communal_land,water_points,,,,,,,,,,,,,,,,,,,,,,,,,,,,,,,,,,,,,,,,,,,,,,,,,,,,,,,,,,,,,,,,,,,,,,,,,,,,,,,,,,,,,,,,,,,,,,,,,,,,,,,,,,,,,,,,,,,,,,,,,,,,,,,,,,,,,,,,,,,communal/village,other,,,,,,,,,5.01436,45.1338992,143.5,4.7,,,,
271,6/24/2024,SCI,,hirshabele,Hiran,BeletWeyne,Feerfeer,,,brcis3,communal_land,water_points,,,,,,,,,,,,,,,,,,,,,,,,,,,,,,,,,,,,,,,,,,,,,,,,,,,,,,,,,,,,,,,,,,,,,,,,,,,,,,,,,,,,,,,,,,,,,,,,,,,,,,,,,,,,,,,,,,,,,,,,,,,,,,,,,,,,,,,,,,,communal/village,other,,,,,,,,,5.0527064,45.1461368,195.8,4.144,,,,
272,6/24/2024,SCI,,hirshabele,Hiran,BeletWeyne,Jawiil,,,brcis3,communal_land,water_points,,,,,,,,,,,,,,,,,,,,,,,,,,,,,,,,,,,,,,,,,,,,,,,,,,,,,,,,,,,,,,,,,,,,,,,,,,,,,,,,,,,,,,,,,,,,,,,,,,,,,,,,,,,,,,,,,,,,,,,,,,,,,,,,,,,,,,,,,,,communal/village,other,,,,,,,,,4.9132217,45.1969317,159.1,4.5,,,,
273,7/1/2024,SCI,,hirshabele,Middle Shabelle,Jawhar,Kongo,,,brcis3,communal_land,water_points,,,,,,,,,,,,,,,,,,,,,,,,,,,,,,,,,,,,,,,,,,,,,,,,,,,,,,,,,,,,,,,,,,,,,,,,,,,,,,,,,,,,,,,,,,,,,,,,,,,,,,,,,,,,,,,,,,,,,,,,,,,,,,,,,,,,,,,,,,,communal/village,other,,,,,,,,,2.7274933,45.467905,73.7,5.0,,,,
274,7/1/2024,SCI,,hirshabele,Middle Shabelle,Jawhar,Kongo,,,brcis3,communal_land,water_points,,,,,,,,,,,,,,,,,,,,,,,,,,,,,,,,,,,,,,,,,,,,,,,,,,,,,,,,,,,,,,,,,,,,,,,,,,,,,,,,,,,,,,,,,,,,,,,,,,,,,,,,,,,,,,,,,,,,,,,,,,,,,,,,,,,,,,,,,,,communal/village,other,,,,,,,,,2.7270131,45.4681404,62.9,4.666,,,,
275,7/1/2024,SCI,,hirshabele,Middle Shabelle,Jawhar,Kongo,,,brcis3,communal_land,water_points,,,,,,,,,,,,,,,,,,,,,,,,,,,,,,,,,,,,,,,,,,,,,,,,,,,,,,,,,,,,,,,,,,,,,,,,,,,,,,,,,,,,,,,,,,,,,,,,,,,,,,,,,,,,,,,,,,,,,,,,,,,,,,,,,,,,,,,,,,,communal/village,other,,,,,,,,,2.7260291,45.4676257,56.8,3.2,,,,
276,7/1/2024,SCI,,hirshabele,Middle Shabelle,Jawhar,Libiga,,,brcis3,communal_land,water_points,,,,,,,,,,,,,,,,,,,,,,,,,,,,,,,,,,,,,,,,,,,,,,,,,,,,,,,,,,,,,,,,,,,,,,,,,,,,,,,,,,,,,,,,,,,,,,,,,,,,,,,,,,,,,,,,,,,,,,,,,,,,,,,,,,,,,,,,,,,communal/village,other,,,,,,,,,2.8098017,45.48128,47.6,5.0,,,,
277,7/5/2024,SCI,,hirshabele,Middle Shabelle,Jawhar,Libiga,,,brcis3,communal_land,water_points,,,,,,,,,,,,,,,,,,,,,,,,,,,,,,,,,,,,,,,,,,,,,,,,,,,,,,,,,,,,,,,,,,,,,,,,,,,,,,,,,,,,,,,,,,,,,,,,,,,,,,,,,,,,,,,,,,,,,,,,,,,,,,,,,,,,,,,,,,,communal/village,other,,,,,,,,,2.8131109,45.4824473,66.36260986,4.92,,,,
278,7/5/2024,SCI,,hirshabele,Middle Shabelle,Jawhar,Libiga,,,brcis3,communal_land,water_points,,,,,,,,,,,,,,,,,,,,,,,,,,,,,,,,,,,,,,,,,,,,,,,,,,,,,,,,,,,,,,,,,,,,,,,,,,,,,,,,,,,,,,,,,,,,,,,,,,,,,,,,,,,,,,,,,,,,,,,,,,,,,,,,,,,,,,,,,,,communal/village,other,,,,,,,,,2.8099397,45.4805432,71.19970703,4.955,,,,
279,7/5/2024,SCI,,hirshabele,Middle Shabelle,Jawhar,Libiga,,,brcis3,communal_land,water_points,,,,,,,,,,,,,,,,,,,,,,,,,,,,,,,,,,,,,,,,,,,,,,,,,,,,,,,,,,,,,,,,,,,,,,,,,,,,,,,,,,,,,,,,,,,,,,,,,,,,,,,,,,,,,,,,,,,,,,,,,,,,,,,,,,,,,,,,,,,communal/village,other,,,,,,,,,2.8126448,45.4830461,69.61035156,4.521,,,,
280,7/6/2024,SCI,,hirshabele,Middle Shabelle,Jawhar,Raqaylay,,,brcis3,communal_land,water_points,,,,,,,,,,,,,,,,,,,,,,,,,,,,,,,,,,,,,,,,,,,,,,,,,,,,,,,,,,,,,,,,,,,,,,,,,,,,,,,,,,,,,,,,,,,,,,,,,,,,,,,,,,,,,,,,,,,,,,,,,,,,,,,,,,,,,,,,,,,communal/village,other,,,,,,,,,2.7059632,45.5164883,119.8,4.954,,,,
281,7/6/2024,SCI,,hirshabele,Middle Shabelle,Jawhar,Raqaylay,,,brcis3,communal_land,water_points,,,,,,,,,,,,,,,,,,,,,,,,,,,,,,,,,,,,,,,,,,,,,,,,,,,,,,,,,,,,,,,,,,,,,,,,,,,,,,,,,,,,,,,,,,,,,,,,,,,,,,,,,,,,,,,,,,,,,,,,,,,,,,,,,,,,,,,,,,,communal/village,other,,,,,,,,,2.7054082,45.5182774,91.0,4.6,,,,
282,7/6/2024,SCI,,hirshabele,Middle Shabelle,Jawhar,Geedda barkaan,,,brcis3,communal_land,water_points,,,,,,,,,,,,,,,,,,,,,,,,,,,,,,,,,,,,,,,,,,,,,,,,,,,,,,,,,,,,,,,,,,,,,,,,,,,,,,,,,,,,,,,,,,,,,,,,,,,,,,,,,,,,,,,,,,,,,,,,,,,,,,,,,,,,,,,,,,,communal/village,other,,,,,,,,,2.8188204,45.5395181,65.0,3.342,,,,
283,7/15/2024,IRC,,galmudug,Mudug,Galdogob,Qansaxle,,,brcis3,communal_land,water_points,,,,,,,,,,,,,,,,,,,,,,,,,,,,,,,,,,,,,,,,,,,,,,,,,,,,,,,,,,,,,,,,,,,,,,,,,,,,,,,,,,,,,,,,,,,,,,,,,,,,,,,,,,,,,,,,,,,,,,,,,,,,,,,,,,,,,,,,,,,communal/village,other,,,,,,,,,7.1156954,47.0974377,375.5366211,4.75,,,,
284,7/15/2024,IRC,,galmudug,Mudug,Galdogob,Qansaxle,,,brcis3,communal_land,water_points,,,,,,,,,,,,,,,,,,,,,,,,,,,,,,,,,,,,,,,,,,,,,,,,,,,,,,,,,,,,,,,,,,,,,,,,,,,,,,,,,,,,,,,,,,,,,,,,,,,,,,,,,,,,,,,,,,,,,,,,,,,,,,,,,,,,,,,,,,,communal/village,other,,,,,,,,,7.1139388,47.0919106,343.8,3.9,,,,
285,7/17/2024,NRC,,jubaland.,Lower Juba ,Kismayo,Qamqam,,,brcis3,communal_land,water_points,,,,,,,,,,,,,,,,,,,,,,,,,,,,,,,,,,,,,,,,,,,,,,,,,,,,,,,,,,,,,,,,,,,,,,,,,,,,,,,,,,,,,,,,,,,,,,,,,,,,,,,,,,,,,,,,,,,,,,,,,,,,,,,,,,,,,,,,,,,communal/village,other,,,,,,,,,-0.2025941,42.6044559,2.8,4.85,,,,
286,9/24/2024,NRC,,southwest,Bay,Baidoa,Bonkai,,,brcis3,communal_land,water_points,,,,,,,,,,,,,,,,,,,,,,,,,,,,,,,,,,,,,,,,,,,,,,,,,,,,,,,,,,,,,,,,,,,,,,,,,,,,,,,,,,,,,,,,,,,,,,,,,,,,,,,,,,,,,,,,,,,,,,,,,,,,,,,,,,,,,,,,,,,communal/village,other,,,,,,,,,3.1528878,43.6323625,435.5,4.9,,,,
287,9/30/2024,ACF,,southwest,Bakool,Hudur,Gaabaney,,,brcis3,communal_land,water_points,,,,,,,,,,,,,,,,,,,,,,,,,,,,,,,,,,,,,,,,,,,,,,,,,,,,,,,,,,,,,,,,,,,,,,,,,,,,,,,,,,,,,,,,,,,,,,,,,,,,,,,,,,,,,,,,,,,,,,,,,,,,,,,,,,,,,,,,,,,communal/village,other,,,,,,,,,4.1283799,43.9038879,460.0,4.6,,,,
288,10/10/2024,ACF,,southwest,Bakool,Rab Dhure,Balicade,,,brcis3,communal_land,water_points,,,,,,,,,,,,,,,,,,,,,,,,,,,,,,,,,,,,,,,,,,,,,,,,,,,,,,,,,,,,,,,,,,,,,,,,,,,,,,,,,,,,,,,,,,,,,,,,,,,,,,,,,,,,,,,,,,,,,,,,,,,,,,,,,,,,,,,,,,,communal/village,other,,,,,,,,,4.5534697,43.0543808,336.0,5.0,,,,
289,10/10/2024,ACF,,southwest,Bakool,Rab Dhure,Yeed,,,brcis3,communal_land,water_points,,,,,,,,,,,,,,,,,,,,,,,,,,,,,,,,,,,,,,,,,,,,,,,,,,,,,,,,,,,,,,,,,,,,,,,,,,,,,,,,,,,,,,,,,,,,,,,,,,,,,,,,,,,,,,,,,,,,,,,,,,,,,,,,,,,,,,,,,,,communal/village,other,,,,,,,,,4.5555142,43.040375,330.0,4.1,,,,
290,10/12/2024,ACF,,southwest,Bakool,Rab Dhure,Yeed,,,brcis3,communal_land,water_points,,,,,,,,,,,,,,,,,,,,,,,,,,,,,,,,,,,,,,,,,,,,,,,,,,,,,,,,,,,,,,,,,,,,,,,,,,,,,,,,,,,,,,,,,,,,,,,,,,,,,,,,,,,,,,,,,,,,,,,,,,,,,,,,,,,,,,,,,,,communal/village,other,,,,,,,,,4.5556083,43.04045,321.8,4.5,,,,
291,10/12/2024,ACF,,southwest,Bakool,Rab Dhure,Balicade,,,brcis3,communal_land,water_points,,,,,,,,,,,,,,,,,,,,,,,,,,,,,,,,,,,,,,,,,,,,,,,,,,,,,,,,,,,,,,,,,,,,,,,,,,,,,,,,,,,,,,,,,,,,,,,,,,,,,,,,,,,,,,,,,,,,,,,,,,,,,,,,,,,,,,,,,,,communal/village,other,,,,,,,,,4.5534753,43.0543718,332.7,3.3,,,,
292,10/12/2024,ACF,,southwest,Bakool,Ceel Berde,Ceel Barde,,,brcis3,communal_land,water_points,,,,,,,,,,,,,,,,,,,,,,,,,,,,,,,,,,,,,,,,,,,,,,,,,,,,,,,,,,,,,,,,,,,,,,,,,,,,,,,,,,,,,,,,,,,,,,,,,,,,,,,,,,,,,,,,,,,,,,,,,,,,,,,,,,,,,,,,,,,communal/village,other,,,,,,,,,4.8051639,43.683446,467.0614014,13.29,,,,
293,10/17/2024,ACF,,southwest,Bakool,Ceel Berde,Ceel Barde,,,brcis3,communal_land,water_points,,,,,,,,,,,,,,,,,,,,,,,,,,,,,,,,,,,,,,,,,,,,,,,,,,,,,,,,,,,,,,,,,,,,,,,,,,,,,,,,,,,,,,,,,,,,,,,,,,,,,,,,,,,,,,,,,,,,,,,,,,,,,,,,,,,,,,,,,,,communal/village,other,,,,,,,,,4.8051154,43.6834103,464.1,3.133,,,,
294,10/17/2024,NRC,,jubaland.,Lower Juba,Afmadow,Dhobley,,,brcis3,communal_land,water_points,,,,,,,,,,,,,,,,,,,,,,,,,,,,,,,,,,,,,,,,,,,,,,,,,,,,,,,,,,,,,,,,,,,,,,,,,,,,,,,,,,,,,,,,,,,,,,,,,,,,,,,,,,,,,,,,,,,,,,,,,,,,,,,,,,,,,,,,,,,communal/village,other,,,,,,,,,0.4133805,41.0080448,0.0,1700.0,,,,
295,10/20/2024,Concern,,southwest,Lower Shebelle,Wanla-Weyn,Murugeey,,,brcis3,communal_land,water_points,,,,,,,,,,,,,,,,,,,,,,,,,,,,,,,,,,,,,,,,,,,,,,,,,,,,,,,,,,,,,,,,,,,,,,,,,,,,,,,,,,,,,,,,,,,,,,,,,,,,,,,,,,,,,,,,,,,,,,,,,,,,,,,,,,,,,,,,,,,communal/village,other,,,,,,,,,2.659589,44.8295672,63.3,4.7,,,,
296,10/21/2024,Concern,,jubaland.,Gedo,Belet Hawa,Lebi Dhaxwey,,,brcis3,communal_land,water_points,,,,,,,,,,,,,,,,,,,,,,,,,,,,,,,,,,,,,,,,,,,,,,,,,,,,,,,,,,,,,,,,,,,,,,,,,,,,,,,,,,,,,,,,,,,,,,,,,,,,,,,,,,,,,,,,,,,,,,,,,,,,,,,,,,,,,,,,,,,communal/village,other,,,,,,,,,3.977155,41.9609301,188.0,4.1,,,,
297,10/21/2024,Concern,,jubaland.,Gedo,Belet Hawa,Carabo,,,brcis3,communal_land,water_points,,,,,,,,,,,,,,,,,,,,,,,,,,,,,,,,,,,,,,,,,,,,,,,,,,,,,,,,,,,,,,,,,,,,,,,,,,,,,,,,,,,,,,,,,,,,,,,,,,,,,,,,,,,,,,,,,,,,,,,,,,,,,,,,,,,,,,,,,,,communal/village,other,,,,,,,,,3.9521845,41.9263709,194.0,4.9,,,,
298,11/10/2024,NRC,,galmudug,Galgaduud,Dhuusamareeb,Dabare,,,brcis3,communal_land,water_points,,,,,,,,,,,,,,,,,,,,,,,,,,,,,,,,,,,,,,,,,,,,,,,,,,,,,,,,,,,,,,,,,,,,,,,,,,,,,,,,,,,,,,,,,,,,,,,,,,,,,,,,,,,,,,,,,,,,,,,,,,,,,,,,,,,,,,,,,,,communal/village,other,,,,,,,,,5.0797079,45.9584636,239.8118286,3.877,,,,
299,11/12/2024,KAALO,,galmudug,Mudug,Galkacyo,Gobsho,,,brcis3,communal_land,water_points,,,,,,,,,,,,,,,,,,,,,,,,,,,,,,,,,,,,,,,,,,,,,,,,,,,,,,,,,,,,,,,,,,,,,,,,,,,,,,,,,,,,,,,,,,,,,,,,,,,,,,,,,,,,,,,,,,,,,,,,,,,,,,,,,,,,,,,,,,,communal/village,other,,,,,,,,,6.9388018,47.4819227,286.0,3.4,,,,
300,11/14/2024,KAALO,,galmudug,Mudug,Jariiban,Towfiiq,,,brcis3,communal_land,water_points,,,,,,,,,,,,,,,,,,,,,,,,,,,,,,,,,,,,,,,,,,,,,,,,,,,,,,,,,,,,,,,,,,,,,,,,,,,,,,,,,,,,,,,,,,,,,,,,,,,,,,,,,,,,,,,,,,,,,,,,,,,,,,,,,,,,,,,,,,,communal/village,other,,,,,,,,,6.6137748,48.8711398,-6.0,4.916,,,,
301,11/15/2024,KAALO,,galmudug,Mudug,Jariiban,Sallax,,,brcis3,communal_land,water_points,,,,,,,,,,,,,,,,,,,,,,,,,,,,,,,,,,,,,,,,,,,,,,,,,,,,,,,,,,,,,,,,,,,,,,,,,,,,,,,,,,,,,,,,,,,,,,,,,,,,,,,,,,,,,,,,,,,,,,,,,,,,,,,,,,,,,,,,,,,communal/village,other,,,,,,,,,7.2894387,48.3181157,292.0,5.0,,,,
302,11/20/2024,NRC,,jubaland.,Lower_Juba,Kismayo,Qamqam,,,brcis3,communal_land,water_points,,,,,,,,,,,,,,,,,,,,,,,,,,,,,,,,,,,,,,,,,,,,,,,,,,,,,,,,,,,,,,,,,,,,,,,,,,,,,,,,,,,,,,,,,,,,,,,,,,,,,,,,,,,,,,,,,,,,,,,,,,,,,,,,,,,,,,,,,,,communal/village,other,,,,,,,,,-0.2154785,42.6047868,-19.27133179,4.327,,,,
303,12/10/2024,IRC,,galmudug,Mudug,Galkacyo,Dhardhar,,,brcis3,communal_land,water_points,,,,,,,,,,,,,,,,,,,,,,,,,,,,,,,,,,,,,,,,,,,,,,,,,,,,,,,,,,,,,,,,,,,,,,,,,,,,,,,,,,,,,,,,,,,,,,,,,,,,,,,,,,,,,,,,,,,,,,,,,,,,,,,,,,,,,,,,,,,communal/village,other,,,,,,,,,6.6440946,46.9516505,323.7,4.725,,,,
304,12/23/2024,SCI,,hirshabele,Hiran,BeletWeyne,Jawiil,,,brcis3,communal_land,water_points,,,,,,,,,,,,,,,,,,,,,,,,,,,,,,,,,,,,,,,,,,,,,,,,,,,,,,,,,,,,,,,,,,,,,,,,,,,,,,,,,,,,,,,,,,,,,,,,,,,,,,,,,,,,,,,,,,,,,,,,,,,,,,,,,,,,,,,,,,,communal/village,other,,,,,,,,,4.9174234,45.2211932,170.8,4.4,,,,
305,12/23/2024,SCI,,hirshabele,Hiran,BeletWeyne,Jawiil,,,brcis3,communal_land,water_points,,,,,,,,,,,,,,,,,,,,,,,,,,,,,,,,,,,,,,,,,,,,,,,,,,,,,,,,,,,,,,,,,,,,,,,,,,,,,,,,,,,,,,,,,,,,,,,,,,,,,,,,,,,,,,,,,,,,,,,,,,,,,,,,,,,,,,,,,,,communal/village,other,,,,,,,,,4.9233094,45.2234483,176.0,2.4,,,,
306,12/23/2024,SCI,,hirshabele,Hiran,BeletWeyne,Warqumayo,,,brcis3,communal_land,water_points,,,,,,,,,,,,,,,,,,,,,,,,,,,,,,,,,,,,,,,,,,,,,,,,,,,,,,,,,,,,,,,,,,,,,,,,,,,,,,,,,,,,,,,,,,,,,,,,,,,,,,,,,,,,,,,,,,,,,,,,,,,,,,,,,,,,,,,,,,,communal/village,other,,,,,,,,,4.994899,45.1602824,199.5,3.6,,,,
307,12/26/2024,IRC,,galmudug,Mudug,Galkacyo,Bitaale,,,brcis3,communal_land,water_points,,,,,,,,,,,,,,,,,,,,,,,,,,,,,,,,,,,,,,,,,,,,,,,,,,,,,,,,,,,,,,,,,,,,,,,,,,,,,,,,,,,,,,,,,,,,,,,,,,,,,,,,,,,,,,,,,,,,,,,,,,,,,,,,,,,,,,,,,,,communal/village,other,,,,,,,,,6.7050581,47.8381036,195.7,4.9,,,,
