SubmissionDate,start,basic_info-name,basic_info-date,basic_info-organisation_name,basic_info-organisation_other,geography-state_name,geography-region_name,geography-district_name,geography-community_name,plot_details-photo,plot_details-polygon,land_use_selection-project_name,land_use_selection-land_use,land_use_selection-intervention,halfmoons-halfmoon_details-halfmoon_type,halfmoons-halfmoon_details-date,halfmoons-halfmoon_details-total_halfmoons,halfmoons-halfmoon_details-size,halfmoons-halfmoon_details-length_decimal,halfmoons-halfmoon_details-width_decimal,halfmoons-halfmoon_details-depth_decimal,halfmoons-halfmoon_details_2-type_halfmoons,halfmoons-halfmoon_details_2-average_space,halfmoons-halfmoon_details_2-vertical_space,halfmoons-halfmoon_details_2-horizontal_space,halfmoons-halfmoon_details_2-manages,halfmoons-halfmoon_details_2-youth_manages,halfmoons-halfmoon_details_2-paid_unpaid_labor,swales-swales_details-type,swales-swales_details-date,swales-swales_details-total,swales-swales_details-average_size,swales-swales_details-length,swales-swales_details-width,swales-swales_details-depth,swales-swales_details-manages,swales-swales_details-youth_manages,swales-swales_details-paid_unpaid_labor,bunds-bunds_details-type,bunds-bunds_details-date,bunds-bunds_details-total,bunds-bunds_details-average_size,bunds-bunds_details-length,bunds-bunds_details-width,bunds-bunds_details-depth,bunds-bunds_details-manages,bunds-bunds_details-youth_manages,bunds-bunds_details-paid_unpaid_labor,terracing-terrace_details-type,terracing-terrace_details-date,terracing-terrace_details-total,terracing-terrace_details-average_size,terracing-terrace_details-length,terracing-terrace_details-width,terracing-terrace_details-depth,terracing-terrace_details-manages,terracing-terrace_details-youth_manages,terracing-terrace_details-paid_unpaid_labor,contour-contour_details-type,contour-contour_details-date,contour-contour_details-total,contour-contour_details-average_size,contour-contour_details-length,contour-contour_details-width,contour-contour_details-depth,contour-contour_details-manages,contour-contour_details-youth_manages,contour-contour_details-paid_unpaid_labor,keylines-keyline_details-type,keylines-keyline_details-date,keylines-keyline_details-total,keylines-keyline_details-average_size,keylines-keyline_details-length,keylines-keyline_details-width,keylines-keyline_details-depth,keylines-keyline_details-manages,keylines-keyline_details-youth_manages,keylines-keyline_details-paid_unpaid_labor,rock_dams-type,rock_dams-date,rock_dams-total,rock_dams-average_size,rock_dams-length,rock_dams-width,rock_dams-depth,rock_dams-manages,rock_dams-youth_manages,rock_dams-paid_unpaid_labor,rock_dams-trees_dams-planted_choice7,rock_dams-trees_dams-num_tree_species,rock_dams-trees_dams-num_trees_planted,rock_dams-trees_dams-num_tree_survived,rock_dams-trees_dams-dams_trees_species,rock_dams-trees_dams-other_dams_trees,rock_dams-grass_dams-num_grass_species,rock_dams-grass_dams-kg_grass_seeds,rock_dams-grass_dams-dams_grass_species,rock_dams-grass_dams-other_dams_grass,rock_dams-managements_dams-additional_management7,rock_dams-managements_dams-management_practices,rock_dams-managements_dams-crops_present7,rock_dams-managements_dams-crops_in_field7,rock_dams-managements_dams-other_crops,rock_dams-managements_dams-agricultural_field_state,rock_dams-gps-Latitude,rock_dams-gps-Longitude,rock_dams-gps-Altitude,rock_dams-gps-Accuracy,rock_dams-photo,plugging-plug_details-type,plugging-plug_details-date,plugging-plug_details-total,plugging-plug_details-average_size,plugging-plug_details-length,plugging-plug_details-width,plugging-plug_details-depth,plugging-plug_details-manages,plugging-plug_details-youth_manages,plugging-plug_details-paid_unpaid_labor,gabions-gabions_details-type,gabions-gabions_details-date,gabions-gabions_details-total,gabions-gabions_details-average_size,gabions-gabions_details-length,gabions-gabions_details-width,gabions-gabions_details-depth,gabions-gabions_details-manages,gabions-gabions_details-youth_manages,gabions-gabions_details-paid_unpaid_labor,basins-basin_details-type,basins-basin_details-date,basins-basin_details-total,basins-basin_details-average_size,basins-basin_details-length,basins-basin_details-width,basins-basin_details-depth,basins-basin_details-average_space,basins-basin_details-vertical_space,basins-basin_details-horizontal_space,basins-basin_details-manages,basins-basin_details-youth_manages,basins-basin_details-paid_unpaid_labor,invasive_removal-removal_date,invasive_removal-invasive_species,invasive_removal-other_invasive_species,invasive_removal-severity,invasive_removal-removal_methods,invasive_removal-removal_frequency,invasive_removal-tree_species,invasive_removal-other_basins_trees,invasive_removal-grass_species,invasive_removal-other_basins_grass,waterpoints-wp_ownership,waterpoints-wp_type,waterpoints-wp_depth,waterpoints-wp_avg_distance,waterpoints-wp_availability,waterpoints-wp_contami_sources,waterpoints-wp_protection,waterpoints-wp_usage,waterpoints-wp_condition,waterpoints-wp_facilities,waterpoints-gps-Latitude,waterpoints-gps-Longitude,waterpoints-gps-Altitude,waterpoints-gps-Accuracy,waterpoints-photo,end,meta-instanceID,KEY,SubmitterID,SubmitterName,AttachmentsPresent,AttachmentsExpected,Status,ReviewState,DeviceID,Edits,FormVersion
2025-04-08T09:26:25.116Z,2025-04-08T08:29:14.353+03:00,Muktar Mohamednoor Rage,2025-04-08,acf,,southwest,bakool,hudur,gomore,1744092499085.jpg,4.1795436 43.8963726 475.2 2.001; 4.1801107 43.8964003 485.3 3.994; 4.1801412 43.8967554 494.00000000000006 3.0; 4.1807561 43.8968158 492.2 3.0; 4.180878 43.8963101 491.2 3.0; 4.1807155 43.8959833 490.3 3.0; 4.180374 43.8954115 493.09999999999997 3.035; 4.179633 43.8951156 489.2 3.0; 4.1794735 43.8951624 497.7 3.0; 4.1792878 43.8953585 492.09999999999997 3.0; 4.1791547 43.8954199 494.59999999999997 3.0; 4.1789942 43.8956116 492.00000000000006 3.0; 4.1787667 43.8958376 496.3 3.0; 4.178722 43.8960777 499.59999999999997 3.0; 4.1789415 43.8962163 499.2 3.0; 4.1795436 43.8963726 475.2 2.001,brcis3,agriculture,halfmoons swales,new,2025-04-08,220,,4.0,2.0,20.0,demi_lunes,,2.0,1.5,both,no,paid,both,2025-04-08,18,,8.0,0.4,0.4,both,no,paid,,,,,,,,,,,,,,,,,,,,,,,,,,,,,,,,,,,,,,,,,,,,,,,,,,,,,,,,,,,,,,,,,,,,,,,,,,,,,,,,,,,,,,,,,,,,,,,,,,,,,,,,,,,,,,,,,,,,,,,,,,,,,,,,,,2025-04-08T12:26:15.097+03:00,uuid:b4a2d545-66fe-4d23-825b-41025149b460,uuid:b4a2d545-66fe-4d23-825b-41025149b460,120,Somalia_collector,6,6,,,collect:qnvAiCVMbz8NEdKf,0,v14
2025-04-03T15:04:11.501Z,2025-03-31T08:09:08.601+03:00,Abdi Hassan Adan,2025-03-31,acf,,southwest,bakool,waajid,waajid,1743404011357.jpg,3.8032662 43.2599455 354.9967041015625 4.422; 3.8032873 43.2599473 353.01190185546875 4.054; 3.80329 43.2599451 353.01190185546875 3.893; 3.8032838 43.259928 352.6593017578125 5.314; 3.8032662 43.2599455 354.9967041015625 4.422,brcis3,rangeland,halfmoons swales soil_bunds water_points,new,2025-03-29,1050,,3.0,1.5,0.2,demi_lunes,,1.0,2.0,both,no,paid,new,2025-03-29,2,,100.0,2.0,1.5,both,no,paid,new,2025-03-29,0,,0.0,0.0,0.0,male,no,paid,,,,,,,,,,,,,,,,,,,,,,,,,,,,,,,,,,,,,,,,,,,,,,,,,,,,,,,,,,,,,,,,,,,,,,,,,,,,,,,,,,,,,,,,,,,,,,,,,,,,,,,,,communal/village,well,12,100m_to_500m,all_year,none,fenced,livestock,funtional,solar_panels pump,3.8041133,43.2599293,345.4754638671875,4.935,1743692352912.jpg,2025-04-03T17:59:25.650+03:00,uuid:366f2dfd-c43f-4b67-b8a2-b5056ad18b45,uuid:366f2dfd-c43f-4b67-b8a2-b5056ad18b45,120,Somalia_collector,8,8,,,collect:PB2LNOmqvGg1Ekq1,0,v14
2025-04-02T11:19:36.846Z,2025-04-02T14:16:36.946+03:00,Abdullahi Sharif Noor LLG ,2025-03-29,concern,,jubaland.,gedo,baardhere,shimbiroole east,1743592632832.jpg,2.3383528 42.2843823 71.80000305175781 56.1;2.3384602 42.2843619 71.80000305175781 20.509;2.338441 42.2843687 71.80000305175781 23.292;2.3384576 42.2843632 71.80000305175781 10.146;2.3383528 42.2843823 71.80000305175781 56.1,brcis3,rangeland,water_points,,,,,,,,,,,,,,,,,,,,,,,,,,,,,,,,,,,,,,,,,,,,,,,,,,,,,,,,,,,,,,,,,,,,,,,,,,,,,,,,,,,,,,,,,,,,,,,,,,,,,,,,,,,,,,,,,,,,,,,,,,,,,,,,,,,,,,,,,,,communal/village,other,4,100m_to_500m,all_year,not_known,fenced,drinking,funtional,pump generator windmill solar_panels,2.3383745,42.2843729,71.80000305175781,18.181,1743592764936.jpg,2025-04-02T14:19:34.790+03:00,uuid:052bf8bd-5378-491f-9944-071ff8b9e023,uuid:052bf8bd-5378-491f-9944-071ff8b9e023,120,Somalia_collector,2,2,,,collect:bWeHXCfshtndtck7,0,v14
2025-03-29T09:44:09.862Z,2025-03-29T09:38:07.818+03:00,Ali Aden,2025-03-29,concern,,jubaland.,gedo,baardhere,buulo dhato,1743235462246.jpg,2.2952842 42.2544324 64.12939453125 3.216; 2.2942334 42.2551254 65.843505859375 3.216; 2.2961085 42.2573668 64.55706787109375 3.216; 2.2966629 42.2567731 68.50775146484375 3.216; 2.2952842 42.2544324 64.12939453125 3.216,brcis3,agriculture,terracing,,,,,,,,,,,,,,,,,,,,,,,,,,,,,,,,,,,new,2025-03-29,15,,10.0,15.0,16.0,both,yes,paid,,,,,,,,,,,,,,,,,,,,,,,,,,,,,,,,,,,,,,,,,,,,,,,,,,,,,,,,,,,,,,,,,,,,,,,,,,,,,,,,,,,,,,,,,,,,,,,,,,,,,,,,,,,,,,2025-03-29T12:38:55.769+03:00,uuid:feec15d9-9f68-49cd-b251-9816e5cdd302,uuid:feec15d9-9f68-49cd-b251-9816e5cdd302,120,Somalia_collector,3,3,,,collect:qbLeOIEFmUB2sJV7,0,v14
2025-03-29T07:36:14.935Z,2025-03-29T10:17:52.005+03:00,abdullahi Sharif LLG ,2025-03-29,concern,,jubaland.,gedo,baardhere,hurena,1743233174839.jpg,2.3819724 42.3140109 78.026123046875 3.79;2.3825438 42.3145703 74.7391357421875 6.041;2.3812963 42.3155069 70.05419921875 5.284;2.3808331 42.3150588 70.08447265625 3.79;2.3819724 42.3140109 78.026123046875 3.79,brcis3,agriculture,terracing,,,,,,,,,,,,,,,,,,,,,,,,,,,,,,,,,,,existing,2025-03-10,2,,500.0,2.0,3.0,both,yes,unpaid,,,,,,,,,,,,,,,,,,,,,,,,,,,,,,,,,,,,,,,,,,,,,,,,,,,,,,,,,,,,,,,,,,,,,,,,,,,,,,,,,,,,,,,,,,,,,,,,,,,,,,,,,,,,,,2025-03-29T10:36:04.175+03:00,uuid:93a4de6b-e4d4-42ad-af3d-868aae8bc724,uuid:93a4de6b-e4d4-42ad-af3d-868aae8bc724,120,Somalia_collector,2,2,,,collect:bWeHXCfshtndtck7,0,v14
2025-03-27T10:29:18.866Z,2025-03-27T12:21:43.491+03:00,Abdullahi Sharif LLG ,2025-03-27,concern,,jubaland.,gedo,baardhere,mardha,1743068108391.jpg,2.3993763 42.3345803 73.785888671875 3.79;2.3989322 42.3337857 76.79150390625 5.1;2.3973455 42.3345816 73.5838623046875 8.286;2.3993763 42.3345803 73.785888671875 3.79,brcis3,agriculture,terracing,,,,,,,,,,,,,,,,,,,,,,,,,,,,,,,,,,,new,2025-03-11,2,,1.0,1.0,5.0,both,yes,unpaid,,,,,,,,,,,,,,,,,,,,,,,,,,,,,,,,,,,,,,,,,,,,,,,,,,,,,,,,,,,,,,,,,,,,,,,,,,,,,,,,,,,,,,,,,,,,,,,,,,,,,,,,,,,,,,2025-03-27T13:18:59.431+03:00,uuid:b5ab198a-5c8b-4e40-90c4-f0efa1e969ff,uuid:b5ab198a-5c8b-4e40-90c4-f0efa1e969ff,120,Somalia_collector,4,4,,,collect:bWeHXCfshtndtck7,0,v14
2025-03-27T07:46:37.249Z,2025-03-27T10:05:35.511+03:00,abdullahi Sharif LLG ,2025-03-25,concern,,jubaland.,gedo,baardhere,bula adey,1743059925153.jpg,2.3142527 42.263926 73.3662109375 4.014;2.3147918 42.2622021 70.55926513671875 8.348;2.3169107 42.2630112 105.7132568359375 9.058;2.316475 42.2648814 73.82733154296875 3.79;2.3142527 42.263926 73.3662109375 4.014,,agriculture,contour_planting,,,,,,,,,,,,,,,,,,,,,,,,,,,,,,,,,,,,,,,,,,,,,new,2025-03-11,10,,1.0,2.0,0.5,both,no,paid,,,,,,,,,,,,,,,,,,,,,,,,,,,,,,,,,,,,,,,,,,,,,,,,,,,,,,,,,,,,,,,,,,,,,,,,,,,,,,,,,,,,,,,,,,,,,,,,,,,,2025-03-27T10:46:35.095+03:00,uuid:97032189-66a7-4baf-bef1-c15f17d8098a,uuid:97032189-66a7-4baf-bef1-c15f17d8098a,120,Somalia_collector,2,2,,,collect:bWeHXCfshtndtck7,0,v13
2025-03-26T08:13:19.607Z,2025-03-26T11:08:29.608+03:00,Abdullahi Sharif Noor LLG ,2025-03-11,concern,,jubaland.,gedo,baardhere,bula adey,1742976612328.jpg,2.338481 42.2842712 71.5999984741211 6.52;2.33848 42.2843202 71.5999984741211 11.946;2.3384695 42.2842836 71.5999984741211 4.043;2.338481 42.2842712 71.5999984741211 6.52,,rangeland,gabions,,,,,,,,,,,,,,,,,,,,,,,,,,,,,,,,,,,,,,,,,,,,,,,,,,,,,,,,,,,,,,,,,,,,,,,,,,,,,,,,,,,,,,,,,,,,,,,,,,,,,,,,,,new,2025-03-11,1,,2.0,1.0,5.0,both,yes,unpaid,,,,,,,,,,,,,,,,,,,,,,,,,,,,,,,,,,,,,,,2025-03-26T11:13:15.439+03:00,uuid:7f7994f6-e4e6-4136-b881-0bc16590284c,uuid:7f7994f6-e4e6-4136-b881-0bc16590284c,120,Somalia_collector,2,2,,,collect:bWeHXCfshtndtck7,0,v13
2025-03-26T07:58:24.597Z,2025-03-26T10:19:33.150+03:00,Jamal Ali Tagal,2025-03-26,acf,,southwest,bakool,ceel berde,higlowayn,1742973601842.jpg,4.8409833 43.7004244 473.7 1.7;4.8427297 43.6997548 462.40000000000003 2.05;4.8427217 43.6997533 462.1 1.899;4.8427217 43.6997533 462.1 1.25;4.8441545 43.7025398 468.5 1.6;4.8428669 43.7025075 463.90000000000003 3.265;4.8409833 43.7004244 473.7 1.7,,rangeland,halfmoons swales,new,2025-03-16,3340,,3.0,1.5,0.2,demi_lunes,,3.0,6.0,both,yes,paid,new,2025-03-16,2,,100.0,1.0,0.4,both,no,paid,,,,,,,,,,,,,,,,,,,,,,,,,,,,,,,,,,,,,,,,,,,,,,,,,,,,,,,,,,,,,,,,,,,,,,,,,,,,,,,,,,,,,,,,,,,,,,,,,,,,,,,,,,,,,,,,,,,,,,,,,,,,,,,,,,2025-03-26T10:56:22.770+03:00,uuid:b4f8fdf0-db8e-4e92-a608-89888fe863d4,uuid:b4f8fdf0-db8e-4e92-a608-89888fe863d4,120,Somalia_collector,5,5,,,collect:wbXmnJPe0rKynOgA,0,v13
2025-03-25T08:38:20.415Z,2025-03-25T11:26:17.077+03:00,Abdullahi Sharif LLG ,2025-03-10,concern,,jubaland.,gedo,baardhere,bandar,1742891228629.jpg,2.3280496 42.2731773 72.44256591796875 4.297;2.3290902 42.2716145 71.14019775390625 4.293;2.3294455 42.2715516 73.885986328125 3.79;2.3293036 42.2709678 70.1915283203125 4.445;2.3280496 42.2731773 72.44256591796875 4.297,,rangeland,swales,,,,,,,,,,,,,,,new,2025-03-03,1,,2.0,5.0,1.0,male,yes,unpaid,,,,,,,,,,,,,,,,,,,,,,,,,,,,,,,,,,,,,,,,,,,,,,,,,,,,,,,,,,,,,,,,,,,,,,,,,,,,,,,,,,,,,,,,,,,,,,,,,,,,,,,,,,,,,,,,,,,,,,,,,,,,,,,,,,2025-03-25T11:38:16.495+03:00,uuid:4af9be3c-e89c-4487-9f8f-5fde041be91c,uuid:4af9be3c-e89c-4487-9f8f-5fde041be91c,120,Somalia_collector,2,2,,,collect:bWeHXCfshtndtck7,0,v13
2025-03-20T07:27:33.945Z,2025-03-19T14:14:03.644+03:00,Abdullahi Sharif ,2025-03-17,concern,,jubaland.,gedo,baardhere,shimbiroole east,1742455402182.jpg,2.3384263 42.2843865 71.80000305175781 20.4; 2.3384254 42.2843864 71.80000305175781 21.601; 2.3384224 42.2843864 71.69999694824219 12.939; 2.3384245 42.2843861 71.80000305175781 7.886; 2.3384272 42.2843836 71.80000305175781 5.228; 2.3384263 42.2843865 71.80000305175781 20.4,,agriculture,water_points,,,,,,,,,,,,,,,,,,,,,,,,,,,,,,,,,,,,,,,,,,,,,,,,,,,,,,,,,,,,,,,,,,,,,,,,,,,,,,,,,,,,,,,,,,,,,,,,,,,,,,,,,,,,,,,,,,,,,,,,,,,,,,,,,,,,,,,,,,,communal/village,other,25,100m_to_500m,all_year,agricultural_runoff,fenced,drinking,funtional,solar_panels,2.3384798,42.2842587,71.80000305175781,4.932,1742383031929.jpg,2025-03-20T10:23:36.524+03:00,uuid:299740bf-34a3-4fa6-9f53-4bb11d27c1c6,uuid:299740bf-34a3-4fa6-9f53-4bb11d27c1c6,120,Somalia_collector,2,2,,,collect:bWeHXCfshtndtck7,0,v13
2025-03-20T07:27:16.866Z,2025-03-20T10:09:48.398+03:00,Abdullahi ,2025-03-18,concern,,jubaland.,gedo,baardhere,shimbiroole east,1742454670415.jpg,2.3691896 42.2982767 86.9410400390625 7.193;2.3695008 42.2968961 83.08685302734375 12.85;2.3710704 42.2970254 81.5863037109375 6.29;2.370594 42.2986572 79.434326171875 7.524;2.3691896 42.2982767 86.9410400390625 7.193,,agriculture,water_points,,,,,,,,,,,,,,,,,,,,,,,,,,,,,,,,,,,,,,,,,,,,,,,,,,,,,,,,,,,,,,,,,,,,,,,,,,,,,,,,,,,,,,,,,,,,,,,,,,,,,,,,,,,,,,,,,,,,,,,,,,,,,,,,,,,,,,,,,,,communal/village,other,3,less_than_100m,all_year,none,fenced,drinking,funtional,pump solar_panels,2.3711331,42.2992008,80.6197509765625,4.944,1742455341334.jpg,2025-03-20T10:22:30.154+03:00,uuid:44f63c09-ff87-4a7c-8559-1b74406435bf,uuid:44f63c09-ff87-4a7c-8559-1b74406435bf,120,Somalia_collector,2,2,,,collect:bWeHXCfshtndtck7,0,v13
2025-03-19T05:53:48.465Z,2025-03-15T13:19:20.298+03:00,Abdijalil,2025-03-15,kaalo,,puntland,mudug.,jariiban,sallax,1742363548507.jpg,7.2893551 48.3187716 313.0 7.0; 7.2893786 48.3178419 305.0 3.521; 7.2895673 48.3178726 308.0 3.328; 7.2893551 48.3187716 313.0 7.0,,rangeland,water_points,,,,,,,,,,,,,,,,,,,,,,,,,,,,,,,,,,,,,,,,,,,,,,,,,,,,,,,,,,,,,,,,,,,,,,,,,,,,,,,,,,,,,,,,,,,,,,,,,,,,,,,,,,,,,,,,,,,,,,,,,,,,,,,,,,,,,,,,,,,communal/village,borehole,300,1000_to_2000m,all_year,none,none,livestock,funtional,pump generator solar_panels,7.2894082,48.3183829,307.0,4.7,1742034585926.jpg,2025-03-19T08:53:24.439+03:00,uuid:cf12f097-add2-429b-ae66-4199c249cb0f,uuid:cf12f097-add2-429b-ae66-4199c249cb0f,120,Somalia_collector,2,2,,,collect:cWWhQzPQ85R3BJ6S,0,v13
2025-03-19T05:51:46.651Z,2025-03-17T11:11:20.092+03:00,Abdijalil said,2025-03-17,kaalo,,puntland,mudug.,galkacyo.,gacmo fale,1742199887089.jpg,7.039027 47.7684938 280.0 3.334; 7.038411 47.7669904 283.0 1.5; 7.0367555 47.7715493 281.0 1.5; 7.0242049 47.7520424 286.0 2.0; 7.0242041 47.7520441 286.0 2.0; 7.039027 47.7684938 280.0 3.334,,agriculture,gabions,,,,,,,,,,,,,,,,,,,,,,,,,,,,,,,,,,,,,,,,,,,,,,,,,,,,,,,,,,,,,,,,,,,,,,,,,,,,,,,,,,,,,,,,,,,,,,,,,,,,,,,,,,new,2024-12-28,110,,2.0,1.0,1.0,both,no,paid,,,,,,,,,,,,,,,,,,,,,,,,,,,,,,,,,,,,,,,2025-03-19T08:44:14.549+03:00,uuid:46fd18b5-074f-4875-8547-ec70ee14478d,uuid:46fd18b5-074f-4875-8547-ec70ee14478d,120,Somalia_collector,4,4,,,collect:cWWhQzPQ85R3BJ6S,0,v13
2025-03-19T05:51:44.660Z,2025-03-16T09:53:17.984+03:00,Abdijalil said,2025-03-16,kaalo,,puntland,mudug.,jariiban,balibusle,1742109079462.jpg,7.1496232 48.1492397 255.0 3.5; 7.1491413 48.1495998 252.0 3.446; 7.1494305 48.1512259 250.0 3.294; 7.1496232 48.1492397 255.0 3.5,,rangeland,gabions,,,,,,,,,,,,,,,,,,,,,,,,,,,,,,,,,,,,,,,,,,,,,,,,,,,,,,,,,,,,,,,,,,,,,,,,,,,,,,,,,,,,,,,,,,,,,,,,,,,,,,,,,,new,2025-01-05,80,,2.0,1.0,1.0,both,yes,paid,,,,,,,,,,,,,,,,,,,,,,,,,,,,,,,,,,,,,,,2025-03-19T08:42:27.490+03:00,uuid:c1703221-8e2a-4e5b-9c4b-6ea19acd86de,uuid:c1703221-8e2a-4e5b-9c4b-6ea19acd86de,120,Somalia_collector,4,4,,,collect:cWWhQzPQ85R3BJ6S,0,v13
2025-03-19T05:51:42.485Z,2025-03-15T13:00:20.658+03:00,Abdijalil said,2025-03-15,kaalo,,puntland,mudug.,jariiban,sallax,1742032867782.jpg,7.2885134 48.326266 301.0 3.623; 7.2878514 48.3251193 296.0 3.418; 7.2869007 48.3247811 296.0 3.565; 7.2869113 48.3247877 296.0 3.055; 7.2885134 48.326266 301.0 3.623,,rangeland,gabions,,,,,,,,,,,,,,,,,,,,,,,,,,,,,,,,,,,,,,,,,,,,,,,,,,,,,,,,,,,,,,,,,,,,,,,,,,,,,,,,,,,,,,,,,,,,,,,,,,,,,,,,,,new,2024-12-25,110,,2.0,1.0,1.0,both,yes,paid,,,,,,,,,,,,,,,,,,,,,,,,,,,,,,,,,,,,,,,2025-03-19T08:39:36.743+03:00,uuid:ebb84261-cb61-4373-a49b-5143ebc771a1,uuid:ebb84261-cb61-4373-a49b-5143ebc771a1,120,Somalia_collector,5,5,,,collect:cWWhQzPQ85R3BJ6S,0,v13
2025-03-12T06:18:11.628Z,2025-03-05T11:41:55.229+03:00,Zakariye haji ali,2025-02-28,acf,,southwest,bakool,rab dhure,ato,1741170901218.jpg,4.6377401 43.3781383 376.0 1.3; 4.6383086 43.3785518 375.7 1.433; 4.6385259 43.3770692 375.59999999999997 1.466; 4.637521 43.3765875 377.1 1.433; 4.6373245 43.3778004 374.40000000000003 1.4; 4.6376993 43.3781231 376.40000000000003 1.5; 4.6377401 43.3781383 376.0 1.3,,communal_land,halfmoons swales,new,2025-02-28,1890,,3.0,1.5,0.2,demi_lunes,,6.0,3.0,both,yes,unpaid,new,2025-02-28,7,,100.0,0.6,0.2,both,yes,unpaid,,,,,,,,,,,,,,,,,,,,,,,,,,,,,,,,,,,,,,,,,,,,,,,,,,,,,,,,,,,,,,,,,,,,,,,,,,,,,,,,,,,,,,,,,,,,,,,,,,,,,,,,,,,,,,,,,,,,,,,,,,,,,,,,,,2025-03-05T22:12:14.193+03:00,uuid:c5552452-4596-4494-9874-534580d3ecff,uuid:c5552452-4596-4494-9874-534580d3ecff,120,Somalia_collector,7,7,,,collect:ZQdP1Ka82y4QRGHu,0,v13
2025-03-10T13:38:34.980Z,2025-03-10T16:35:04.534+03:00,Test,2025-03-10,nrc,,southwestâ€¦,bay.,baidoa.,bonkai,1741613761691.jpg,-1.234977123733409 36.82067569345236 0.0 0.0;-1.2343120903293194 36.81837972253561 0.0 0.0;-1.235714 36.8188806 0.0 0.0;-1.234977123733409 36.82067569345236 0.0 0.0,,rangeland,halfmoons,new,2025-03-22,23,,3.0,2.0,2.0,boomerangs demi_lunes,,1.0,2.0,male,no,unpaid,,,,,,,,,,,,,,,,,,,,,,,,,,,,,,,,,,,,,,,,,,,,,,,,,,,,,,,,,,,,,,,,,,,,,,,,,,,,,,,,,,,,,,,,,,,,,,,,,,,,,,,,,,,,,,,,,,,,,,,,,,,,,,,,,,,,,,,,,,,,2025-03-10T16:38:33.215+03:00,uuid:c71d87c9-f5f1-4208-80d2-62163f6f1774,uuid:c71d87c9-f5f1-4208-80d2-62163f6f1774,120,Somalia_collector,2,2,,,collect:jn4cBJ64OMgq5nrA,0,v13
2025-03-09T10:54:06.553Z,2025-03-09T13:50:08.262+03:00,Test,2025-03-09,acf,,southwest,bakool,hudur,faraq,1741517443813.jpg,-1.2255489 36.8286062 0.0 0.0;-1.2249355709473733 36.8289989233017 0.0 0.0;-1.2250388123937626 36.828433983027935 0.0 0.0;-1.2255489 36.8286062 0.0 0.0,,rangeland,halfmoons,new,2025-03-09,10,,2.0,2.0,40.0,boomerangs,,3.0,3.0,both,yes,paid,,,,,,,,,,,,,,,,,,,,,,,,,,,,,,,,,,,,,,,,,,,,,,,,,,,,,,,,,,,,,,,,,,,,,,,,,,,,,,,,,,,,,,,,,,,,,,,,,,,,,,,,,,,,,,,,,,,,,,,,,,,,,,,,,,,,,,,,,,,,2025-03-09T13:54:04.195+03:00,uuid:adbedcdb-5b34-49e5-a0e0-34b0945d3050,uuid:adbedcdb-5b34-49e5-a0e0-34b0945d3050,120,Somalia_collector,2,2,,,collect:texxLYQtLnNu8dN9,0,v13
2025-03-06T14:53:45.020Z,2025-03-06T17:49:59.747+03:00,Test,2025-03-06,acf,,southwest,bakool,hudur,faraq,1741272719818.jpg,-1.2358263 36.8188806 0.0 0.0;-1.2355613742126943 36.819433495402336 0.0 0.0;-1.2352536622723291 36.81898958981037 0.0 0.0;-1.2358263 36.8188806 0.0 0.0,,rangeland,halfmoons,new,2025-03-06,10,,6.0,6.0,40.0,boomerangs,,5.0,5.0,both,yes,paid,,,,,,,,,,,,,,,,,,,,,,,,,,,,,,,,,,,,,,,,,,,,,,,,,,,,,,,,,,,,,,,,,,,,,,,,,,,,,,,,,,,,,,,,,,,,,,,,,,,,,,,,,,,,,,,,,,,,,,,,,,,,,,,,,,,,,,,,,,,,2025-03-06T17:53:44.642+03:00,uuid:2eabbcad-cee4-4e2b-8d09-3f946df08794,uuid:2eabbcad-cee4-4e2b-8d09-3f946df08794,120,Somalia_collector,2,2,,,collect:YISlIwr2Hxr609pJ,0,v13
2025-01-31T10:30:22.671Z,2025-01-26T13:00:03.586+03:00,Abdiaziz Adan Hassan,2024-09-24,gredo,,southwest..,bay,baidoa,qurunlow reer dumal,1737885965901.jpg,3.1963233 43.5414233 459.2 5.3; 3.1964503 43.5416194 460.1 3.338; 3.1966304 43.5418511 461.4 3.538; 3.1967687 43.5421002 461.5 3.565; 3.1970427 43.5423732 459.2 3.523; 3.1972458 43.5425623 460.9 3.361; 3.1974669 43.5427658 459.6 3.605; 3.1977029 43.5429486 462.3 3.667; 3.1979353 43.5430789 462.9 3.382; 3.1981752 43.5432263 463.9 3.549; 3.1984271 43.5433227 461.9 3.0; 3.1987034 43.5433015 460.8 3.0; 3.1988987 43.5432591 461.2 3.239; 3.1988849 43.5430838 461.4 3.0; 3.1986038 43.5429737 463.4 3.62; 3.198412 43.542736 461.3 3.779; 3.1981345 43.542683 461.2 3.514; 3.1978632 43.5426173 462.8 3.0; 3.1976574 43.542444 463.1 3.504; 3.1974289 43.5422748 462.1 3.381; 3.1973023 43.5420282 463.7 3.525; 3.1971979 43.5419137 462.2 3.0; 3.1970142 43.5417013 463.0 3.804; 3.1968634 43.541485 462.2 3.598; 3.1967457 43.5412751 461.2 3.577; 3.1965341 43.5413132 460.3 3.0; 3.1963167 43.5413322 459.7 3.52; 3.1963807 43.5415403 461.4 3.0; 3.1963233 43.5414233 459.2 5.3,,agriculture,halfmoons swales gulley_plugging,new,2024-09-24,25,,10.0,8.0,70.0,demi_lunes,,3.0,6.0,both,no,paid,new,2024-09-24,6,,45.0,0.9,60.0,both,no,paid,,,,,,,,,,,,,,,,,,,,,,,,,,,,,,,,,,,,,,,,,,,,,,,,,,,,,,,,,,,,,,,,,,,,,,,,,,,,,,,,,,,,,,,,,,,,,,,,,,,,,,,,,,,,,,,,,,,,,,,,,,,,,,,,,,2025-01-31T13:28:31.223+03:00,uuid:61c95233-dadf-4692-81bb-76328bd3440a,uuid:61c95233-dadf-4692-81bb-76328bd3440a,120,Somalia_collector,3,3,,,collect:3RqLo8YDnYmIwP7y,0,v13
2025-01-31T10:30:21.389Z,2025-01-26T10:22:11.355+03:00,Abdiaziz Adan Hassan,2024-09-24,gredo,,southwest..,bay,baidoa,buulo-xaawa,1737876190933.jpg,3.1818117 43.4386366 449.6 2.733; 3.1816925 43.4387955 445.7 3.0; 3.1816681 43.4390141 447.5 3.0; 3.1817287 43.4392442 448.3 3.0; 3.1817295 43.4394976 447.8 3.0; 3.1818569 43.4396915 447.2 3.0; 3.1818496 43.4399467 447.2 3.0; 3.1819386 43.4401707 447.8 3.079; 3.1821744 43.4402131 448.8 3.133; 3.1824188 43.4402085 448.0 3.0; 3.1824565 43.4402148 450.0 3.0; 3.1824567 43.440215 450.0 1.2; 3.18246 43.4402097 450.5 1.233; 3.1825658 43.4401537 447.7 3.0; 3.182582 43.4399429 447.6 3.0; 3.1826061 43.4397204 448.40000000000003 3.0; 3.1826662 43.4394979 448.3 3.0; 3.1827439 43.4392905 448.6 3.0; 3.1827055 43.4391181 448.8 3.0; 3.1826273 43.4388681 447.0 3.0; 3.1825492 43.4386232 448.6 3.0; 3.1825044 43.4384919 449.0 3.0; 3.1823773 43.4383201 447.40000000000003 3.0; 3.1823871 43.4380776 448.6 3.0; 3.182192 43.4379408 447.90000000000003 3.131; 3.1820485 43.437936 447.3 3.639; 3.1819092 43.4381645 448.0 3.446; 3.1817851 43.4383725 448.40000000000003 3.0; 3.1816793 43.4386099 448.3 3.129; 3.1818117 43.4386366 449.6 2.733,,agriculture,halfmoons swales gulley_plugging,new,2024-09-24,30,,10.0,8.0,70.0,demi_lunes,,3.0,6.0,both,no,paid,new,2024-09-24,4,,100.0,0.9,60.0,both,no,paid,,,,,,,,,,,,,,,,,,,,,,,,,,,,,,,,,,,,,,,,,,,,,,,,,,,,,,,,,,,,,,,,,,,,,,,,,,,,,,,,,,,,,,,,,,,,,,,,,,,,,,,,,,,,,,,,,,,,,,,,,,,,,,,,,,2025-01-31T13:28:36.896+03:00,uuid:4ffc56dd-460d-4325-ada6-3aa571863662,uuid:4ffc56dd-460d-4325-ada6-3aa571863662,120,Somalia_collector,3,3,,,collect:3RqLo8YDnYmIwP7y,0,v13
2025-01-31T10:30:19.089Z,2025-01-26T09:24:36.261+03:00,Abdiaziz Adan Hassa,2024-09-24,gredo,,southwest..,bay,baidoa,qurunlow-asharaafed,1737872741180.jpg,3.2037556 43.4777385 450.9 3.133; 3.2035388 43.4776426 452.4 3.589; 3.2032761 43.4775208 453.2 3.0; 3.2030357 43.4773961 451.09999999999997 3.61; 3.2028057 43.4772539 452.2 3.587; 3.2026815 43.4775041 453.2 3.702; 3.2025716 43.4777385 453.09999999999997 3.454; 3.2025634 43.4779617 453.09999999999997 3.0; 3.2025752 43.4780982 453.9 3.0; 3.2027598 43.4780826 453.8 3.0; 3.2029963 43.4781353 454.9 3.211; 3.203253 43.4782344 454.2 3.427; 3.203487 43.478364 454.3 3.381; 3.203735 43.4784945 454.0 3.154; 3.203973 43.4785961 454.7 3.0; 3.2041673 43.4787105 453.7 3.0; 3.2043373 43.478696 448.8 3.0; 3.2042667 43.4785718 450.7 3.0; 3.2042653 43.4783837 452.09999999999997 3.0; 3.2042604 43.4781592 450.8 3.0; 3.2041284 43.4779217 452.8 3.194; 3.2038768 43.4778198 455.09999999999997 3.577; 3.2037556 43.4777385 450.9 3.133,,agriculture,halfmoons swales gulley_plugging,new,2024-09-24,200,,10.0,8.0,60.0,demi_lunes,,3.0,6.0,both,no,paid,new,2024-09-24,12,,35.0,0.9,60.0,both,no,paid,,,,,,,,,,,,,,,,,,,,,,,,,,,,,,,,,,,,,,,,,,,,,,,,,,,,,,,,,,,,,,,,,,,,,,,,,,,,,,,,,,,,,,,,,,,,,,,,,,,,,,,,,,,,,,,,,,,,,,,,,,,,,,,,,,2025-01-31T13:28:41.932+03:00,uuid:68af1fb2-1062-4e4b-ab80-eac113a31c0f,uuid:68af1fb2-1062-4e4b-ab80-eac113a31c0f,120,Somalia_collector,3,3,,,collect:3RqLo8YDnYmIwP7y,0,v13
2025-01-31T10:30:17.452Z,2025-01-26T08:56:08.230+03:00,Abdiaziz Adan Hassan,2024-09-24,gredo,,southwest..,bay,baidoa,qurunlow-asharaafed,1737871105117.jpg,3.2051914 43.4781403 454.09999999999997 3.0; 3.2051616 43.4782975 454.8 3.0; 3.2051761 43.4785398 454.5 3.582; 3.2051942 43.4787393 455.3 3.0; 3.2053875 43.478881 455.0 3.0; 3.2056256 43.478862 453.9 3.0; 3.2058596 43.4789053 451.5 3.22; 3.206118 43.478921 451.9 3.765; 3.2063263 43.478849 452.5 3.0; 3.2062094 43.478605 452.3 3.508; 3.2060887 43.4783651 452.9 3.541; 3.205997 43.4781142 453.8 3.637; 3.205765 43.4780879 454.4 3.0; 3.205521 43.478126 452.8 3.0; 3.205284 43.4780888 453.7 3.0; 3.2051914 43.4781403 454.09999999999997 3.0,,agriculture,halfmoons swales gulley_plugging,new,2024-09-24,30,,10.0,8.0,70.0,demi_lunes,,3.0,6.0,both,no,paid,new,2024-09-24,5,,35.0,0.9,60.0,both,no,paid,,,,,,,,,,,,,,,,,,,,,,,,,,,,,,,,,,,,,,,,,,,,,,,,,,,,,,,,,,,,,,,,,,,,,,,,,,,,,,,,,,,,,,,,,,,,,,,,,,,,,,,,,,,,,,,,,,,,,,,,,,,,,,,,,,2025-01-31T13:28:47.205+03:00,uuid:08c45549-3c59-4104-a372-b4ce870f4ae1,uuid:08c45549-3c59-4104-a372-b4ce870f4ae1,120,Somalia_collector,3,3,,,collect:3RqLo8YDnYmIwP7y,0,v13
2025-01-31T10:30:15.625Z,2025-01-25T13:54:15.082+03:00,Abdiaziz Adan Hassan,2024-09-24,gredo,,southwest..,bay,baidoa,irinta yarey,1737802509490.jpg,3.187854 43.4568495 447.59999999999997 1.5; 3.1878579 43.4568516 448.59999999999997 1.316; 3.1878568 43.4568546 448.59999999999997 1.216; 3.1878210740015485 43.45690369606018 0.0 0.0; 3.1878589015783585 43.45692280679941 0.0 0.0; 3.1877738732179197 43.4568751975894 0.0 0.0; 3.1878210740015485 43.45690369606018 0.0 0.0; 3.187810361767164 43.456857427954674 0.0 0.0; 3.1877738732179197 43.4568751975894 0.0 0.0; 3.1877290157336136 43.456854075193405 0.0 0.0; 3.1877738732179197 43.4568751975894 0.0 0.0; 3.187854 43.4568495 447.59999999999997 1.5,,agriculture,halfmoons swales gulley_plugging,new,2024-09-24,80,,10.0,8.0,70.0,demi_lunes,,3.0,6.0,both,no,paid,new,2024-09-24,25,,45.0,0.9,60.0,both,no,paid,,,,,,,,,,,,,,,,,,,,,,,,,,,,,,,,,,,,,,,,,,,,,,,,,,,,,,,,,,,,,,,,,,,,,,,,,,,,,,,,,,,,,,,,,,,,,,,,,,,,,,,,,,,,,,,,,,,,,,,,,,,,,,,,,,2025-01-31T13:28:52.107+03:00,uuid:23774259-a66d-4a03-a1ac-7d5a6c6445b3,uuid:23774259-a66d-4a03-a1ac-7d5a6c6445b3,120,Somalia_collector,3,3,,,collect:3RqLo8YDnYmIwP7y,0,v13
2025-01-31T10:30:11.442Z,2025-01-25T13:18:59.438+03:00,Abdiaziz Adan Hassan,2024-09-24,gredo,,southwest..,bay,baidoa,irinta yarey,1737800379520.jpg,3.1870065 43.4571934 372.8 2.812; 3.1870086 43.4571933 374.0 1.883; 3.1870217 43.4571982 375.3 1.716; 3.1870381 43.4571958 376.8 1.65; 3.187078916748798 43.457266464829445 0.0 0.0; 3.1870381 43.4571958 0.0 0.0; 3.1870065 43.4571934 0.0 0.0; 3.1869520436240566 43.45722354948521 0.0 0.0; 3.1868867658888593 43.45722187310457 0.0 0.0; 3.1868797359786667 43.45716957002878 0.0 0.0; 3.1869520436240566 43.45722354948521 0.0 0.0; 3.1868867658888593 43.45722187310457 0.0 0.0; 3.1870065 43.4571934 372.8 2.812,,agriculture,halfmoons swales gulley_plugging,new,2024-09-24,16,,10.0,90.0,70.0,demi_lunes,,3.0,6.0,both,no,paid,new,2024-09-24,4,,113.0,2.0,60.0,both,no,paid,,,,,,,,,,,,,,,,,,,,,,,,,,,,,,,,,,,,,,,,,,,,,,,,,,,,,,,,,,,,,,,,,,,,,,,,,,,,,,,,,,,,,,,,,,,,,,,,,,,,,,,,,,,,,,,,,,,,,,,,,,,,,,,,,,2025-01-31T13:28:57.545+03:00,uuid:bab7ac50-49ce-4114-9eb7-c2f2d62cf3b4,uuid:bab7ac50-49ce-4114-9eb7-c2f2d62cf3b4,120,Somalia_collector,3,3,,,collect:3RqLo8YDnYmIwP7y,0,v13
2025-01-31T10:30:08.216Z,2025-01-25T12:00:14.000+03:00,Abdiaziz Adan Hassan,2024-09-24,gredo,,southwest..,bay,baidoa,aroos xaawa,1737795869330.jpg,3.1889755 43.4848648 449.5 1.733; 3.189066 43.4846704 452.40000000000003 3.436; 3.1891855 43.4844066 453.0 3.581; 3.1893231 43.4841672 451.6 3.541; 3.1893189 43.4840198 455.1 3.011; 3.1890652 43.4839033 452.20000000000005 3.549; 3.1888117 43.4838091 452.6 3.554; 3.1885851 43.4836815 451.90000000000003 3.029; 3.1883471 43.4835523 450.3 3.0; 3.188108 43.4834123 452.0 3.496; 3.1878942 43.4832809 452.3 3.469; 3.1877659 43.4834729 450.5 3.6; 3.1876571 43.4836647 450.3 3.164; 3.1876624 43.4838743 449.90000000000003 3.0; 3.1878128 43.4841186 450.6 3.654; 3.1879545 43.4843857 450.90000000000003 3.463; 3.188072 43.4846417 450.90000000000003 3.556; 3.1882613 43.484832 453.8 3.0; 3.1885509 43.4848467 452.6 3.424; 3.1888188 43.4848774 451.0 3.0; 3.1889755 43.4848648 449.5 1.733,,agriculture,halfmoons swales gulley_plugging,new,2024-09-24,40,,10.0,8.0,70.0,demi_lunes,,3.0,6.0,both,yes,paid,new,2024-09-24,15,,25.0,90.0,60.0,both,no,paid,,,,,,,,,,,,,,,,,,,,,,,,,,,,,,,,,,,,,,,,,,,,,,,,,,,,,,,,,,,,,,,,,,,,,,,,,,,,,,,,,,,,,,,,,,,,,,,,,,,,,,,,,,,,,,,,,,,,,,,,,,,,,,,,,,2025-01-31T13:29:02.952+03:00,uuid:258a33b5-0037-4764-bfc3-f9d17634986c,uuid:258a33b5-0037-4764-bfc3-f9d17634986c,120,Somalia_collector,3,3,,,collect:3RqLo8YDnYmIwP7y,0,v13
2025-01-31T10:30:05.614Z,2025-01-21T11:13:21.127+03:00,Abdiaziz Adan Hassa,2025-01-21,gredo,,southwest..,bay,baidoa,badicade,1737447235147.jpg,3.1267365 43.6642623 0.0 0.0; 3.1267367 43.6642435 0.0 0.0; 3.1267365 43.6642623 0.0 0.0; 3.1267367 43.6642435 0.0 0.0; 3.1267365 43.6642623 0.0 0.0,,agriculture,halfmoons,new,2025-01-21,800,,10.0,5.0,7.0,demi_lunes,,5.0,6.0,both,yes,paid,,,,,,,,,,,,,,,,,,,,,,,,,,,,,,,,,,,,,,,,,,,,,,,,,,,,,,,,,,,,,,,,,,,,,,,,,,,,,,,,,,,,,,,,,,,,,,,,,,,,,,,,,,,,,,,,,,,,,,,,,,,,,,,,,,,,,,,,,,,,2025-01-31T13:28:14.401+03:00,uuid:3e3c4b82-c9ef-48e0-ba59-45826194df8f,uuid:3e3c4b82-c9ef-48e0-ba59-45826194df8f,120,Somalia_collector,2,2,,,collect:3RqLo8YDnYmIwP7y,0,v13
2025-01-31T10:27:17.209Z,2025-01-26T12:18:31.575+03:00,Abdikarin Mohamed Ismail,2025-01-26,gredo,,southwest..,bay,baidoa,qurunlow reer dumal,1737886195315.jpg,3.2010609 43.5447788 464.0235595703125 4.3; 3.2011064 43.5445666 464.4776899202732 6.866; 3.201041 43.5442427 463.6027151685762 8.224; 3.2013302 43.5439826 464.0141166914351 8.133; 3.2015867 43.5439901 462.38774074779974 7.741; 3.2018271 43.544037 463.7767792038079 6.574; 3.2031787 43.5439361 463.77212843559676 6.141; 3.2032493 43.5441425 464.6890204946112 7.667; 3.2032228 43.5443819 465.1696105518197 7.098; 3.2030296 43.5443418 465.3765706318112 6.501; 3.202737 43.5444545 464.91630745507405 5.476; 3.2027008 43.5444603 464.9273261931014 6.948; 3.2019974 43.5445556 465.87684197767953 6.069; 3.2016807 43.5446525 465.3151947666199 4.338; 3.201493 43.5448264 466.36848381232846 5.296; 3.2010609 43.5447788 464.0235595703125 4.3,,agriculture,halfmoons swales gulley_plugging,new,2024-09-24,98,,10.0,8.0,70.0,demi_lunes,,3.0,6.0,male,no,paid,new,2024-09-24,12,,45.0,0.9,70.0,both,no,paid,,,,,,,,,,,,,,,,,,,,,,,,,,,,,,,,,,,,,,,,,,,,,,,,,,,,,,,,,,,,,,,,,,,,,,,,,,,,,,,,,,,,,,,,,,,,,,,,,,,,,,,,,,,,,,,,,,,,,,,,,,,,,,,,,,2025-01-31T13:26:44.342+03:00,uuid:d0825aea-557d-40f2-a9b7-573980a05e61,uuid:d0825aea-557d-40f2-a9b7-573980a05e61,120,Somalia_collector,3,3,,,collect:rG3yD0CJZjDrEA4T,0,v13
2025-01-31T10:27:14.629Z,2025-01-26T10:19:02.386+03:00,Abdikarin Mohamed Ismail,2024-09-24,gredo,,southwest..,bay,baidoa,buulo-xaawa,1737876042339.jpg,3.1871643 43.4405875 414.3421630859375 5.681; 3.1872013 43.4404681 445.65400806333815 7.188; 3.1881127 43.4383405 446.9660983349708 7.404; 3.1880873 43.4382784 448.52890422261373 6.006; 3.1877752 43.4382582 449.9475520450354 4.088; 3.1874943 43.4382147 449.80279453389846 4.876; 3.1870471 43.4382569 449.8598946358748 5.398; 3.186879 43.4383773 450.2871157271069 6.524; 3.1865936 43.4384195 449.44025802797404 4.937; 3.1863457 43.4384511 449.4759234103539 5.01; 3.1861856 43.4382452 448.7911728102627 4.528; 3.1856958 43.4381797 448.00671881675277 5.029; 3.1854869 43.4381559 448.4669830704553 7.08; 3.185176 43.4383086 448.250033940393 4.561; 3.1851356 43.4385807 448.3178190614899 4.889; 3.1850624 43.439242 448.27907704150226 8.129; 3.1850646 43.4395194 448.5026062828369 5.199; 3.185047 43.4399347 449.07403143453627 6.394; 3.1851788 43.4400753 449.1819955230931 5.386; 3.1871643 43.4405875 414.3421630859375 5.681,,agriculture,halfmoons swales gulley_plugging,new,2024-09-24,150,,10.0,8.0,70.0,demi_lunes,,3.0,6.0,both,no,paid,new,2024-09-24,15,,350.0,0.9,70.0,male,no,paid,,,,,,,,,,,,,,,,,,,,,,,,,,,,,,,,,,,,,,,,,,,,,,,,,,,,,,,,,,,,,,,,,,,,,,,,,,,,,,,,,,,,,,,,,,,,,,,,,,,,,,,,,,,,,,,,,,,,,,,,,,,,,,,,,,2025-01-31T13:26:10.400+03:00,uuid:f174a70e-fef8-4c6a-9af1-1b31ae64f804,uuid:f174a70e-fef8-4c6a-9af1-1b31ae64f804,120,Somalia_collector,3,3,,,collect:rG3yD0CJZjDrEA4T,0,v13
2025-01-31T10:27:12.989Z,2025-01-26T09:29:17.817+03:00,Abdikarin Mohamed Ismail,2025-01-26,gredo,,southwest..,bay,baidoa,qurunlow-asharaafed,1737873050909.jpg,3.2076533 43.4803706 455.10917015870393 4.304; 3.207643 43.4803017 454.86690697312633 5.819; 3.207643 43.4801408 455.47102465841857 4.167; 3.207615 43.4798947 455.0543526463064 5.488; 3.2075739 43.479647 454.99953548331905 4.703; 3.2075605 43.4794285 455.29792035909423 4.431; 3.2075112 43.4792598 455.94355171330324 4.767; 3.2073425 43.479241 455.2663312012468 4.372; 3.2071344 43.4792927 455.3878204147065 5.589; 3.2068805 43.4793515 455.3878204147065 4.678; 3.206731 43.479382 455.43817373238926 8.031; 3.2065185 43.4795748 455.3869279451411 6.587; 3.206324 43.479649 455.2860650981625 7.772; 3.2061268 43.4795679 455.22117715271565 4.718; 3.2060159 43.4797475 455.47879480671213 4.808; 3.2059768 43.4798418 454.9339443728846 6.706; 3.2061159 43.4800855 455.4224907833737 4.809; 3.2062281 43.4802081 455.8593227826382 6.683; 3.2071289 43.4805205 456.6428411007792 5.311; 3.2073803 43.4804587 456.3454523904762 3.715; 3.2076533 43.4803706 455.10917015870393 4.304,,agriculture,halfmoons swales gulley_plugging,new,2024-09-24,63,,10.0,8.0,70.0,demi_lunes,,3.0,6.0,both,no,paid,new,2024-09-24,12,,40.0,0.9,70.0,both,no,paid,,,,,,,,,,,,,,,,,,,,,,,,,,,,,,,,,,,,,,,,,,,,,,,,,,,,,,,,,,,,,,,,,,,,,,,,,,,,,,,,,,,,,,,,,,,,,,,,,,,,,,,,,,,,,,,,,,,,,,,,,,,,,,,,,,2025-01-31T13:25:40.730+03:00,uuid:583662f0-e5c8-428f-96c8-99ebd4ec812e,uuid:583662f0-e5c8-428f-96c8-99ebd4ec812e,120,Somalia_collector,3,3,,,collect:rG3yD0CJZjDrEA4T,0,v13
2025-01-31T10:27:10.840Z,2025-01-26T09:06:00.070+03:00,Abdikarim Mohamed Ismail,2025-01-26,gredo,,southwest..,bay,baidoa,qurunlow-asharaafed,1737871970637.jpg,3.2085293 43.4808471 465.738525390625 4.505; 3.2085325 43.4809041 456.1245977442974 7.35; 3.2086412 43.4811158 455.9974114357411 5.601; 3.2087012 43.4813639 455.58500078581983 5.376; 3.2087895 43.48155 455.49368306682135 4.441; 3.2088487 43.4818113 455.39281193855135 4.437; 3.2088975 43.4819992 454.8542970951068 4.697; 3.208772 43.4820713 455.2644899610526 4.54; 3.2085526 43.4820062 455.32702705752683 4.742; 3.2083524 43.481978 455.0474008223484 4.643; 3.2082007 43.4819356 454.87417200641244 4.549; 3.2080183 43.4819942 455.4293114100796 5.817; 3.2079538 43.4819435 455.14063929398634 7.147; 3.2079366 43.481683 455.19984438109196 4.498; 3.2078968 43.4814877 455.06970151455585 4.708; 3.207845 43.4813217 455.26064500189096 4.42; 3.2077457 43.4811364 455.5259613560401 4.393; 3.207689 43.4809597 455.05453711973155 4.695; 3.2085293 43.4808471 465.738525390625 4.505,,agriculture,halfmoons swales gulley_plugging,new,2024-09-24,121,,10.0,8.0,70.0,demi_lunes,,3.0,6.0,both,no,paid,new,2024-09-24,12,,25.0,0.9,70.0,both,no,paid,,,,,,,,,,,,,,,,,,,,,,,,,,,,,,,,,,,,,,,,,,,,,,,,,,,,,,,,,,,,,,,,,,,,,,,,,,,,,,,,,,,,,,,,,,,,,,,,,,,,,,,,,,,,,,,,,,,,,,,,,,,,,,,,,,2025-01-31T13:24:44.858+03:00,uuid:a8fdfe37-243f-441c-91b3-9156dc99c8fb,uuid:a8fdfe37-243f-441c-91b3-9156dc99c8fb,120,Somalia_collector,3,3,,,collect:rG3yD0CJZjDrEA4T,0,v13
2025-01-31T10:27:08.963Z,2025-01-25T13:52:28.752+03:00,Abdikarin Mohamed Ismail,2025-01-25,gredo,,southwest..,bay,baidoa,irinta yarey,1737802423491.jpg,3.1876384 43.4574681 455.83057777052124 4.837; 3.1876287 43.4574489 454.8374078132259 3.078; 3.1876438 43.4574416 454.3993367687182 4.29; 3.1877081 43.4582283 455.4943802380948 8.184; 3.1877526 43.4584199 455.3753278203877 7.174; 3.1877843 43.4585113 455.0336124423826 7.108; 3.1877523 43.4586226 455.240844664224 6.939; 3.1877675 43.4586185 454.73395427671585 4.644; 3.1877807 43.4586162 454.48659307786045 3.954; 3.1878608 43.4586335 453.96675413581136 6.282; 3.1879614 43.4586722 454.1559140430476 4.705; 3.188141 43.4587445 454.469592792918 4.903; 3.1882654 43.4588062 454.3256610260107 4.376; 3.1883471 43.4588296 454.380774403326 9.368; 3.1882247 43.4576496 456.2738156310778 4.186; 3.1882048 43.4576328 456.32232871576343 7.401; 3.1876384 43.4574681 455.83057777052124 4.837,,agriculture,swales halfmoons gulley_plugging,new,2024-09-24,62,,10.0,8.0,0.7,demi_lunes,,3.0,6.0,both,no,paid,new,2024-10-24,11,,25.0,0.9,0.7,both,no,paid,,,,,,,,,,,,,,,,,,,,,,,,,,,,,,,,,,,,,,,,,,,,,,,,,,,,,,,,,,,,,,,,,,,,,,,,,,,,,,,,,,,,,,,,,,,,,,,,,,,,,,,,,,,,,,,,,,,,,,,,,,,,,,,,,,2025-01-31T13:23:53.672+03:00,uuid:d58626ab-fa62-4f66-9507-978337140973,uuid:d58626ab-fa62-4f66-9507-978337140973,120,Somalia_collector,3,3,,,collect:rG3yD0CJZjDrEA4T,0,v13
2025-01-31T10:27:05.608Z,2025-01-25T13:18:57.384+03:00,Abdikarin Mohamed Ismail,2024-10-24,gredo,,southwest..,bay,baidoa,irinta yarey,1737802052465.jpg,3.1871101 43.4559297 453.0520870457465 3.0; 3.1871063 43.4559075 452.63371649330577 3.246; 3.1871693 43.4558065 452.1277037536619 6.424; 3.1872294 43.4557221 452.334799431285 8.374; 3.1873029 43.4556125 452.2070164026668 7.416; 3.1873645 43.4555228 452.2806702656479 3.97; 3.1879321 43.4545038 453.44967674190013 6.632; 3.1879266 43.4544921 453.4484259359425 5.083; 3.1879315 43.4544801 453.35966052189644 4.117; 3.1878525 43.4543916 453.2689477669089 4.721; 3.1877412 43.4542795 452.8913853364022 4.139; 3.1877457 43.4542788 452.83037158941045 3.835; 3.1876623 43.4541433 452.98020993546766 4.15; 3.1875974 43.4540708 452.74179220098995 4.716; 3.1876075 43.4539019 452.1340818348524 4.71; 3.1876083 43.4537867 452.01525570991055 5.158; 3.1875905 43.453763 452.0108487844201 6.577; 3.1868526 43.4555942 453.04653837073784 5.54; 3.1868357 43.4556702 453.12807667693653 6.762; 3.1871101 43.4559297 453.0520870457465 3.0,,agriculture,halfmoons swales gulley_plugging,new,2024-09-24,75,,10.0,8.0,70.0,demi_lunes,,3.0,6.0,both,no,paid,new,2024-09-24,9,,25.0,0.9,0.7,both,no,paid,,,,,,,,,,,,,,,,,,,,,,,,,,,,,,,,,,,,,,,,,,,,,,,,,,,,,,,,,,,,,,,,,,,,,,,,,,,,,,,,,,,,,,,,,,,,,,,,,,,,,,,,,,,,,,,,,,,,,,,,,,,,,,,,,,2025-01-31T13:23:06.542+03:00,uuid:1a3b1b27-d990-4bfb-a3bd-93de4071689c,uuid:1a3b1b27-d990-4bfb-a3bd-93de4071689c,120,Somalia_collector,3,3,,,collect:rG3yD0CJZjDrEA4T,0,v13
2025-01-31T10:27:02.490Z,2025-01-25T12:45:18.334+03:00,Abdikarin Mohamed Ismail,2025-01-25,gredo,,southwest..,bay,baidoa,aroos xaawa,1737799001374.jpg,3.1805586 43.4761508 453.09365306692735 6.268; 3.1806209 43.4758074 452.1949449629067 8.327; 3.1805951 43.475115 454.14551384502636 5.332; 3.180492 43.4748768 452.9869362907865 5.049; 3.1803672 43.4749408 453.88537820164424 5.032; 3.1802555 43.4751237 453.9271905304863 4.608; 3.1801114 43.4752609 453.95405680400177 5.469; 3.1797996 43.4753625 454.1495249863284 6.476; 3.1795582 43.4754283 454.2643513936598 5.228; 3.179518 43.4756999 453.3874426383916 8.372; 3.1797295 43.4757914 454.2111460643782 9.393; 3.1799585 43.4756947 453.9048263876027 7.172; 3.1798233 43.4759627 454.14688057510386 5.056; 3.1799598 43.4761709 455.0712461796244 5.196; 3.180189 43.4763381 453.61687966751424 6.846; 3.1805586 43.4761508 453.09365306692735 6.268,,agriculture,halfmoons swales gulley_plugging,new,2024-09-24,91,,10.0,8.0,70.0,demi_lunes,,3.0,6.0,both,no,paid,new,2024-09-24,11,,40.0,9.0,0.7,both,no,paid,,,,,,,,,,,,,,,,,,,,,,,,,,,,,,,,,,,,,,,,,,,,,,,,,,,,,,,,,,,,,,,,,,,,,,,,,,,,,,,,,,,,,,,,,,,,,,,,,,,,,,,,,,,,,,,,,,,,,,,,,,,,,,,,,,2025-01-31T13:22:08.134+03:00,uuid:0fbb2a28-501e-4747-ab39-87a7801da25f,uuid:0fbb2a28-501e-4747-ab39-87a7801da25f,120,Somalia_collector,3,3,,,collect:rG3yD0CJZjDrEA4T,0,v13
2025-01-31T10:27:00.513Z,2025-01-25T12:31:39.837+03:00,Abdikarin Mohamed Ismail,2025-01-25,gredo,,southwest..,bay,baidoa,aroos xaawa,1737797573444.jpg,3.1800701 43.4774617 448.7030029296875 6.463; 3.1799404 43.4775775 452.47535661994334 6.599; 3.1798489 43.4778827 452.8841921612493 6.779; 3.1797895 43.4780039 453.16392696419985 6.357; 3.1795734 43.4781357 450.08391231873577 4.331; 3.1793566 43.4783278 450.46786416509235 4.889; 3.1791609 43.4784766 450.60866463835 5.213; 3.1789918 43.4783353 451.88351216699675 4.613; 3.1788336 43.4781587 451.8237668324314 4.878; 3.1786683 43.4779703 451.54690324266267 4.355; 3.1788037 43.4776397 451.3137047853942 5.89; 3.1789164 43.4774066 451.45841086488804 7.593; 3.1790668 43.4769582 452.3957101403229 7.036; 3.179186 43.4767494 452.29229684321444 4.447; 3.1800289 43.4766989 452.09867529027395 5.777; 3.1800701 43.4774617 448.7030029296875 6.463,,agriculture,halfmoons swales gulley_plugging,new,2024-09-24,103,,10.0,8.0,70.0,demi_lunes,,3.0,6.0,both,no,paid,new,2024-09-24,12,,32.0,0.9,0.7,both,no,paid,,,,,,,,,,,,,,,,,,,,,,,,,,,,,,,,,,,,,,,,,,,,,,,,,,,,,,,,,,,,,,,,,,,,,,,,,,,,,,,,,,,,,,,,,,,,,,,,,,,,,,,,,,,,,,,,,,,,,,,,,,,,,,,,,,2025-01-31T13:19:58.854+03:00,uuid:74912dcc-e037-4b63-b094-66d6e9b8577f,uuid:74912dcc-e037-4b63-b094-66d6e9b8577f,120,Somalia_collector,3,3,,,collect:rG3yD0CJZjDrEA4T,0,v13
2025-01-28T11:52:04.928Z,2025-01-26T09:34:53.201+03:00,Osman Ebey Omar,2025-01-26,concern,,southwest.,lower_shebelle,afgoye,shanta barako,1737882116206.jpg,2.1976214358565707 45.16190383583307 0.0 0.0; 2.1970274283740157 45.16144618391991 0.0 0.0; 2.1971192265001336 45.16219988465309 0.0 0.0; 2.1967788363399556 45.16189880669117 0.0 0.0; 2.1976214358565707 45.16190383583307 0.0 0.0,,agriculture,water_points,,,,,,,,,,,,,,,,,,,,,,,,,,,,,,,,,,,,,,,,,,,,,,,,,,,,,,,,,,,,,,,,,,,,,,,,,,,,,,,,,,,,,,,,,,,,,,,,,,,,,,,,,,,,,,,,,,,,,,,,,,,,,,,,,,,,,,,,,,,communal/village,river/stream,8,100m_to_500m,all_year,agricultural_runoff,none,agriculture,funtional,generator pump,2.195895,45.186665,92.1,2.3,1737913721227.jpg,2025-01-28T14:44:13.953+03:00,uuid:39faf58b-7da8-4873-bf6b-9bc13a86e39d,uuid:39faf58b-7da8-4873-bf6b-9bc13a86e39d,120,Somalia_collector,2,2,,,collect:obXPrIswEcdKbM9T,0,v13
2025-01-28T11:51:12.723Z,2025-01-25T09:37:52.256+03:00,osman Ebey Omar,2025-01-26,concern,,southwest.,lower_shebelle,afgoye,iri dole,1737882048283.jpg,2.193684163580676 45.18220614641905 0.0 0.0; 2.1934107787353936 45.18185779452324 0.0 0.0; 2.1931484498479046 45.18210656940937 0.0 0.0; 2.193684163580676 45.18220614641905 0.0 0.0,,agriculture,water_points,,,,,,,,,,,,,,,,,,,,,,,,,,,,,,,,,,,,,,,,,,,,,,,,,,,,,,,,,,,,,,,,,,,,,,,,,,,,,,,,,,,,,,,,,,,,,,,,,,,,,,,,,,,,,,,,,,,,,,,,,,,,,,,,,,,,,,,,,,,communal/village,river/stream,8,100m_to_500m,all_year,agricultural_runoff other,none,agriculture,funtional,pump generator,2.1956623,45.1839692,84.2,4.9,1737882028094.jpg,2025-01-28T14:43:21.614+03:00,uuid:53ae8577-9661-4d81-b99b-1cbb2baeeae8,uuid:53ae8577-9661-4d81-b99b-1cbb2baeeae8,120,Somalia_collector,2,2,,,collect:obXPrIswEcdKbM9T,0,v13
2025-01-28T11:50:09.715Z,2025-01-22T20:51:39.698+03:00,Osman Ebey Omar,2025-01-22,concern,,southwest.,lower_shebelle,afgoye,bulo khalif 2,1737912662843.jpg,2.2231910051498636 45.21279204636812 0.0 0.0; 2.2286267556931394 45.21260965615511 0.0 0.0; 2.2280016035231744 45.20961597561836 0.0 0.0; 2.2232412587135113 45.21050646901131 0.0 0.0; 2.2231910051498636 45.21279204636812 0.0 0.0,,agriculture,water_points,,,,,,,,,,,,,,,,,,,,,,,,,,,,,,,,,,,,,,,,,,,,,,,,,,,,,,,,,,,,,,,,,,,,,,,,,,,,,,,,,,,,,,,,,,,,,,,,,,,,,,,,,,,,,,,,,,,,,,,,,,,,,,,,,,,,,,,,,,,communal/village,river/stream,8,500m_to_1000m,all_year,agricultural_runoff,none,agriculture,funtional,generator pump,2.2255133,45.2116767,85.5,2.0,1737912869802.jpg,2025-01-28T14:42:18.741+03:00,uuid:3bd22c32-ed92-4f8e-acd3-a802f3d1b6c5,uuid:3bd22c32-ed92-4f8e-acd3-a802f3d1b6c5,120,Somalia_collector,2,2,,,collect:obXPrIswEcdKbM9T,0,v13
2025-01-28T11:49:05.928Z,2025-01-22T20:18:07.816+03:00,Osman Ebey Omar,2025-01-22,concern,,southwest.,lower_shebelle,afgoye,buulo-madiina,1737913438659.jpg,2.2318268874010605 45.21801095455885 0.0 0.0; 2.2342179360374175 45.22032871842384 0.0 0.0; 2.2320681030767497 45.22213116288185 0.0 0.0; 2.230599367016129 45.21977048367262 0.0 0.0; 2.2318268874010605 45.21801095455885 0.0 0.0,,agriculture,water_points,,,,,,,,,,,,,,,,,,,,,,,,,,,,,,,,,,,,,,,,,,,,,,,,,,,,,,,,,,,,,,,,,,,,,,,,,,,,,,,,,,,,,,,,,,,,,,,,,,,,,,,,,,,,,,,,,,,,,,,,,,,,,,,,,,,,,,,,,,,communal/village,river/stream,8,500m_to_1000m,all_year,agricultural_runoff,none,agriculture,funtional,generator pump,2.2321551,45.2197633,84.3,2.3,1737913522630.jpg,2025-01-28T14:41:12.922+03:00,uuid:8a002e9d-aeea-474a-bb40-0dd29a2e49b2,uuid:8a002e9d-aeea-474a-bb40-0dd29a2e49b2,120,Somalia_collector,2,2,,,collect:obXPrIswEcdKbM9T,0,v13
2025-01-27T06:45:35.489Z,2025-01-26T13:27:33.024+03:00,Abdirashid Sheikh Mohamed ,2024-09-24,gredo,,southwest..,bay,baidoa,qurunlow reer dumal,1737887293467.jpg,3.1970615 43.5435134 475.1 5.0;3.1972054 43.5435521 464.7 3.0;3.1974498 43.5434862 459.7 3.0;3.1976814 43.5434671 462.6 3.0;3.1979125 43.5434377 461.0 3.0;3.1981278 43.5433791 459.0 3.0;3.1982117 43.5432576 465.0 3.0;3.1982685 43.5432523 470.5 3.0;3.1984824 43.5432715 462.1 3.0;3.1986509 43.5431486 460.3 3.0;3.1985371 43.5429091 464.1 3.412;3.1984408 43.5427641 462.8 3.0;3.1984637 43.542781 462.0 3.0;3.1984681 43.5427843 462.0 3.785;3.1986928 43.5432876 460.7 3.841;3.1984122 43.5433332 457.2 3.048;3.1981805 43.5432286 459.6 3.46;3.1979254 43.5431125 462.6 3.566;3.1976862 43.5429671 464.2 3.283;3.1974568 43.5428217 463.5 3.0;3.1974395 43.5427952 464.8 3.0;3.197364 43.5427572 463.7 1.533;3.1970845 43.5428003 459.9 2.895;3.1969259 43.5429536 463.5 3.0;3.1969782 43.5431884 466.8 3.0;3.1970173 43.5434383 465.1 3.0;3.1970615 43.5435134 475.1 5.0,,agriculture,halfmoons swales gulley_plugging,new,2024-09-24,35,,10.0,8.0,7.0,demi_lunes,,6.0,6.0,both,yes,paid,new,2024-09-24,6,,25.0,9.0,6.0,both,yes,paid,,,,,,,,,,,,,,,,,,,,,,,,,,,,,,,,,,,,,,,,,,,,,,,,,,,,,,,,,,,,,,,,,,,,,,,,,,,,,,,,,,,,,,,,,,,,,,,,,,,,,,,,,,,,,,,,,,,,,,,,,,,,,,,,,,2025-01-26T13:42:39.867+03:00,uuid:c184fe42-d7d6-4aca-8668-84bc0eef7461,uuid:c184fe42-d7d6-4aca-8668-84bc0eef7461,120,Somalia_collector,3,3,,,collect:K4TisDa2reFVS7wi,0,v13
2025-01-27T06:45:25.706Z,2025-01-26T13:01:11.100+03:00,Abdirashid Sheikh Mohamed ,2025-01-26,gredo,,southwest..,bay,baidoa,qurunlow reer dumal,1737885707822.jpg,3.1961356 43.5416209 475.4 3.633;3.1959037 43.5417316 474.3 3.0;3.195842 43.5419625 464.9 3.0;3.1958434 43.5421836 463.5 3.0;3.1959931 43.5423886 462.0 3.0;3.1961556 43.5425179 459.8 3.0;3.196414 43.5425463 460.8 3.0;3.1965893 43.5425457 459.5 3.0;3.1966567 43.5425772 462.4 1.95;3.1968436 43.5425949 459.7 3.0;3.1971082 43.5426609 459.8 3.582;3.1971756 43.5425068 460.8 3.186;3.1970595 43.542403 460.3 3.0;3.1968523 43.5422337 460.9 3.0;3.1967998 43.5421801 460.3 3.0;3.1966843 43.5419685 459.6 3.0;3.1965516 43.5417431 461.3 3.437;3.1963694 43.541566 458.9 3.0;3.1961982 43.5415176 462.3 3.0;3.1961356 43.5416209 475.4 3.633,,agriculture,halfmoons swales gulley_plugging,new,2024-09-24,42,,10.0,8.0,7.0,demi_lunes,,6.0,6.0,both,yes,paid,new,2024-09-24,7,,25.0,9.0,6.0,both,yes,paid,,,,,,,,,,,,,,,,,,,,,,,,,,,,,,,,,,,,,,,,,,,,,,,,,,,,,,,,,,,,,,,,,,,,,,,,,,,,,,,,,,,,,,,,,,,,,,,,,,,,,,,,,,,,,,,,,,,,,,,,,,,,,,,,,,2025-01-26T13:22:05.501+03:00,uuid:c939dd5f-d813-4085-b2df-16c6a468a69b,uuid:c939dd5f-d813-4085-b2df-16c6a468a69b,120,Somalia_collector,3,3,,,collect:K4TisDa2reFVS7wi,0,v13
2025-01-26T07:40:13.979Z,2025-01-25T09:36:49.744+03:00,22,2025-01-25,concern,,southwest.,lower_shebelle,afgoye,iri dole,1737788103375.jpg,2.1956751 45.18386 0.0 0.0; 2.1959047435359293 45.18394488841295 0.0 0.0; 2.1956751 45.18386 0.0 0.0; 2.195577419268817 45.18399719148874 0.0 0.0; 2.195548606689159 45.18377188593149 0.0 0.0; 2.195779777370761 45.18377456814051 0.0 0.0; 2.1959047435359293 45.18394488841295 0.0 0.0; 2.1956751 45.18386 0.0 0.0,,rangeland,water_points,,,,,,,,,,,,,,,,,,,,,,,,,,,,,,,,,,,,,,,,,,,,,,,,,,,,,,,,,,,,,,,,,,,,,,,,,,,,,,,,,,,,,,,,,,,,,,,,,,,,,,,,,,,,,,,,,,,,,,,,,,,,,,,,,,,,,,,,,,,private/individual,other,2,less_than_100m,all_year,none,none,drinking,funtional,other pump,2.1925102,45.1796897,105.3,4.38,1737870360600.jpg,2025-01-26T10:32:23.829+03:00,uuid:07bf2f91-d673-4183-b944-277203effb53,uuid:07bf2f91-d673-4183-b944-277203effb53,120,Somalia_collector,2,2,,,collect:obXPrIswEcdKbM9T,0,v13
2025-01-23T14:10:29.371Z,2025-01-23T09:08:06.646+03:00,Abdikarin Mohamed Ismail,2025-01-23,gredo,,southwest..,bay,baidoa,badicade,1737618696152.jpg,3.1398206 43.5825926 455.5743408203125 4.656; 3.1398262 43.5825515 459.634521484375 4.541; 3.1398941 43.5823298 459.6376556633051 4.344; 3.1400559 43.5821259 459.66838760203547 4.55; 3.1402225 43.5819275 459.07378294154046 4.851; 3.1403963 43.5818283 458.9694875281562 4.091; 3.1406164 43.5819486 459.01558552450047 4.936; 3.1408417 43.5820251 459.1253436532119 4.803; 3.1410419 43.5820851 458.9059609388822 4.271; 3.1410675 43.5822246 458.9227331555144 4.802; 3.1409275 43.582384 458.7295522414722 4.164; 3.1408626 43.5824016 459.15453951739613 4.213; 3.1407197 43.5829056 458.85248504832646 4.98; 3.1406003 43.5830206 458.4952120683446 4.481; 3.1404599 43.5831988 459.4957377076966 4.791; 3.1398206 43.5825926 455.5743408203125 4.656,,agriculture,halfmoons swales gulley_plugging,new,2024-09-25,60,,10.0,8.0,0.6,demi_lunes,,6.0,6.0,both,no,paid,new,2024-09-24,15,,25.0,0.9,0.6,both,no,paid,,,,,,,,,,,,,,,,,,,,,,,,,,,,,,,,,,,,,,,,,,,,,,,,,,,,,,,,,,,,,,,,,,,,,,,,,,,,,,,,,,,,,,,,,,,,,,,,,,,,,,,,,,,,,,,,,,,,,,,,,,,,,,,,,,2025-01-23T17:10:18.335+03:00,uuid:9392c8fa-fbcd-4948-9068-c1a2ae7dc50f,uuid:9392c8fa-fbcd-4948-9068-c1a2ae7dc50f,120,Somalia_collector,3,3,,,collect:rG3yD0CJZjDrEA4T,0,v13
2025-01-23T14:10:26.996Z,2025-01-19T14:46:44.474+03:00,Abdikarin Mohamed Ismail,2025-01-19,gredo,,southwest..,bay,baidoa,badicade,1737619968664.jpg,3.140302 43.5832617 459.93095210762226 3.326; 3.1402128 43.583315 459.7745371168579 5.589; 3.1400335 43.5835358 460.1463438329301 4.143; 3.1399909 43.58365 459.10713716702617 4.546; 3.1401789 43.5838663 459.9633504489495 4.964; 3.1402744 43.5841005 459.51703963662044 7.793; 3.1404055 43.5843284 459.48771116993277 6.37; 3.140527 43.5845287 459.1403808061774 4.114; 3.1407119 43.5844526 459.88704213128295 4.788; 3.1408548 43.5842397 459.77243727448376 7.353; 3.1410424 43.5839801 460.0886589858923 7.827; 3.1410337 43.5837861 460.48821008988136 8.357; 3.1408305 43.5836073 460.0268561064638 7.82; 3.1406227 43.5834015 460.7553241331318 7.725; 3.1404353 43.5832512 460.51500820186027 7.565; 3.140302 43.5832617 459.93095210762226 3.326,,agriculture,halfmoons swales gulley_plugging,new,2024-09-24,36,,10.0,8.0,0.6,demi_lunes,,6.0,6.0,both,no,paid,new,2024-09-24,4,,70.0,0.9,0.6,both,no,paid,,,,,,,,,,,,,,,,,,,,,,,,,,,,,,,,,,,,,,,,,,,,,,,,,,,,,,,,,,,,,,,,,,,,,,,,,,,,,,,,,,,,,,,,,,,,,,,,,,,,,,,,,,,,,,,,,,,,,,,,,,,,,,,,,,2025-01-23T17:10:13.372+03:00,uuid:b048b1ce-bdd2-4f2b-a9fc-1c4bddafb471,uuid:b048b1ce-bdd2-4f2b-a9fc-1c4bddafb471,120,Somalia_collector,4,4,,,collect:rG3yD0CJZjDrEA4T,0,v13
2025-01-23T09:28:59.576Z,2025-01-23T11:41:01.273+03:00,Abdirashid Sheikh Mohamed ,2025-01-23,gredo,,southwest..,bay,baidoa,badicade,1737621722476.jpg,3.1435466 43.5615917 456.3 3.98;3.1435821 43.5615209 453.3 3.0;3.1434657 43.5613484 451.5 3.0;3.1432216 43.5613484 453.1 3.0;3.1429966 43.5614166 453.3 3.0;3.1427599 43.5614079 453.6 3.0;3.1425266 43.5613937 454.6 3.0;3.1423181 43.5614916 456.0 3.0;3.1422734 43.5617173 456.5 3.0;3.1424185 43.5618984 455.40000000000003 3.0;3.1426213 43.5620387 456.3 3.0;3.1428344 43.56213 456.8 3.0;3.1430843 43.56203 457.5 3.0;3.1433074 43.5619374 454.1 3.0;3.1434934 43.5618047 453.1 3.0;3.1435466 43.5615917 456.3 3.98,,agriculture,halfmoons swales gulley_plugging,new,2024-09-24,28,,10.0,8.0,6.0,demi_lunes,,6.0,6.0,both,yes,paid,new,2025-01-23,7,,25.0,9.0,6.0,both,yes,paid,,,,,,,,,,,,,,,,,,,,,,,,,,,,,,,,,,,,,,,,,,,,,,,,,,,,,,,,,,,,,,,,,,,,,,,,,,,,,,,,,,,,,,,,,,,,,,,,,,,,,,,,,,,,,,,,,,,,,,,,,,,,,,,,,,2025-01-23T11:52:34.445+03:00,uuid:3b181c6d-8c6f-4c26-aabb-63ec6ce29886,uuid:3b181c6d-8c6f-4c26-aabb-63ec6ce29886,120,Somalia_collector,3,3,,,collect:K4TisDa2reFVS7wi,0,v13
2025-01-23T09:19:10.105Z,2025-01-23T10:49:33.657+03:00,Abdirashid Sheikh Mohamed ,2025-01-23,gredo,,southwest..,bay,baidoa,badicade,1737618626043.jpg,3.1362078 43.582686 466.5 2.457;3.1362497 43.5826264 464.59999999999997 1.747;3.1364514 43.5824241 463.0 5.388;3.1366295 43.5825662 464.59999999999997 3.233;3.1368679 43.5825943 459.9 3.0;3.1370394 43.5824482 458.59999999999997 3.0;3.1372508 43.5825179 458.59999999999997 3.0;3.1372203 43.5826633 459.4 3.0;3.1370566 43.5827188 462.7 3.005;3.1368733 43.5828968 459.9 3.0;3.1367175 43.583086 459.59999999999997 3.0;3.1365568 43.5832695 458.3 3.0;3.1363535 43.5834364 457.09999999999997 3.0;3.1361453 43.5833757 454.9 3.0;3.1360256 43.5832352 458.9 3.0;3.1361074 43.5830539 457.9 3.0;3.1361975 43.5828655 457.59999999999997 3.0;3.1362078 43.582686 466.5 2.457,,agriculture,halfmoons swales gulley_plugging,new,2024-09-24,22,,10.0,8.0,6.0,demi_lunes,,6.0,6.0,male,yes,paid,new,2024-09-24,6,,25.0,9.0,6.0,both,yes,paid,,,,,,,,,,,,,,,,,,,,,,,,,,,,,,,,,,,,,,,,,,,,,,,,,,,,,,,,,,,,,,,,,,,,,,,,,,,,,,,,,,,,,,,,,,,,,,,,,,,,,,,,,,,,,,,,,,,,,,,,,,,,,,,,,,2025-01-23T11:03:23.846+03:00,uuid:1d7ebb91-9806-4b99-9229-51aec2513dc5,uuid:1d7ebb91-9806-4b99-9229-51aec2513dc5,120,Somalia_collector,3,3,,,collect:K4TisDa2reFVS7wi,0,v13
2025-01-19T08:45:34.498Z,2025-01-19T11:14:34.841+03:00,Ahmed Ibrahim Mohamed ,2025-01-19,nrc,,jubaland,lower_juba,kismayo,yontoy,1737274496287.jpg,-0.1171171 42.5669545 -27.0 5.75;-0.1171039 42.5668757 -31.0 3.478;-0.1172411 42.5668734 -29.0 3.628;-0.1172347 42.5669372 -29.0 3.907;-0.1171171 42.5669545 -27.0 5.75,,agriculture,water_points,,,,,,,,,,,,,,,,,,,,,,,,,,,,,,,,,,,,,,,,,,,,,,,,,,,,,,,,,,,,,,,,,,,,,,,,,,,,,,,,,,,,,,,,,,,,,,,,,,,,,,,,,,,,,,,,,,,,,,,,,,,,,,,,,,,,,,,,,,,communal/village,well,8,less_than_100m,all_year,none,fenced well_covered,drinking,funtional,solar_panels,-0.117127,42.5669453,-29.0,4.9,1737276312577.jpg,2025-01-19T11:45:25.580+03:00,uuid:71d3caaa-d9dc-48ff-ab6a-697811a372bd,uuid:71d3caaa-d9dc-48ff-ab6a-697811a372bd,120,Somalia_collector,2,2,,,collect:O2SnUAech2zAqNCK,0,v13
2025-01-19T07:09:25.623Z,2025-01-18T10:13:44.718+03:00,Yusuf Mahi munye,2025-01-18,concern,,southwest.,lower_shebelle,wanla-weyn,murugeey,1737184576079.jpg,2.6642917338898333 44.794008024036884 0.0 0.0; 2.664311158884645 44.79392923414707 0.0 0.0; 2.6642672851890175 44.79391850531101 0.0 0.0; 2.6642414968328447 44.79397114366293 0.0 0.0; 2.6642917338898333 44.794008024036884 0.0 0.0,,communal_land,water_points,,,,,,,,,,,,,,,,,,,,,,,,,,,,,,,,,,,,,,,,,,,,,,,,,,,,,,,,,,,,,,,,,,,,,,,,,,,,,,,,,,,,,,,,,,,,,,,,,,,,,,,,,,,,,,,,,,,,,,,,,,,,,,,,,,,,,,,,,,,communal/village,rain_water_harvesting,2,less_than_100m,dry_season,not_known,fenced,drinking,non-functional,none,2.6593699,44.8296734,55.7,3.75,1737184838928.jpg,2025-01-19T10:09:23.194+03:00,uuid:6d693942-82bb-476e-b213-098adeabedf1,uuid:6d693942-82bb-476e-b213-098adeabedf1,120,Somalia_collector,2,2,,,collect:RmCXAAZ9bJGqnNqp,0,v13
2025-01-19T07:03:53.020Z,2025-01-17T11:06:47.573+03:00,Yusuf Mahi munye,2025-01-17,concern,,southwest.,lower_shebelle,wanla-weyn,balow,1737101234089.jpg,2.6292233 44.8378133 0.0 0.0; 2.62918993490947 44.83784068375826 0.0 0.0; 2.6292234272281814 44.837878569960594 0.0 0.0; 2.6292652926252886 44.83785208314657 0.0 0.0; 2.6292233 44.8378133 0.0 0.0,,communal_land,water_points,,,,,,,,,,,,,,,,,,,,,,,,,,,,,,,,,,,,,,,,,,,,,,,,,,,,,,,,,,,,,,,,,,,,,,,,,,,,,,,,,,,,,,,,,,,,,,,,,,,,,,,,,,,,,,,,,,,,,,,,,,,,,,,,,,,,,,,,,,,private/individual,well,75,2000_to_5000m,dry_season,latrines,fenced,drinking,funtional,pump generator solar_panels,2.6292223,44.8378185,51.400000000000006,4.8,1737101412570.jpg,2025-01-19T10:03:49.993+03:00,uuid:096b8d25-d9ea-491e-97fd-7cadd1886138,uuid:096b8d25-d9ea-491e-97fd-7cadd1886138,120,Somalia_collector,2,2,,,collect:RmCXAAZ9bJGqnNqp,0,v13
2025-01-19T07:03:07.607Z,2025-01-17T10:24:31.701+03:00,Yusuf Mahi munye,2025-01-17,concern,,southwest.,lower_shebelle,wanla-weyn,masiirey,1737098736804.jpg,2.6838833 44.8642117 0.0 0.0; 2.683831783747928 44.8642198741436 0.0 0.0; 2.6838565669671954 44.864292964339256 0.0 0.0; 2.6839346006137776 44.86427787691355 0.0 0.0; 2.6838833 44.8642117 0.0 0.0,,communal_land,water_points,,,,,,,,,,,,,,,,,,,,,,,,,,,,,,,,,,,,,,,,,,,,,,,,,,,,,,,,,,,,,,,,,,,,,,,,,,,,,,,,,,,,,,,,,,,,,,,,,,,,,,,,,,,,,,,,,,,,,,,,,,,,,,,,,,,,,,,,,,,private/individual,well,69,2000_to_5000m,dry_season,latrines,fenced,drinking,funtional,pump solar_panels generator,2.6839153,44.8644856,53.8,3.4,1737099225023.jpg,2025-01-19T10:03:01.905+03:00,uuid:1391a50d-8176-4399-b102-06bffec79545,uuid:1391a50d-8176-4399-b102-06bffec79545,120,Somalia_collector,2,2,,,collect:RmCXAAZ9bJGqnNqp,0,v13
2025-01-17T08:47:33.088Z,2025-01-16T10:21:42.340+03:00,Mowlid borai,2025-01-16,nrc,,galmudug.,galgaduud.,dhuusamareeb,guri_ceel,1737012161898.jpg,5.2954603 45.8180613 312.720947265625 3.79; 5.2954482 45.8183628 313.12016232110125 91.453; 5.2976352 45.8181621 313.6312469980781 97.478; 5.298117 45.8176683 314.41565419587636 171.968; 5.2954603 45.8180613 312.720947265625 3.79,,agriculture,halfmoons swales soil_bunds contour_planting water_points,existing,2024-03-03,300,,5.0,2.5,40.0,demi_lunes,,5.0,2.5,male,no,paid,existing,2024-03-03,2,,500.0,3.0,60.0,male,no,paid,existing,2024-03-03,12,,35.0,1.0,30.0,male,no,unpaid,,,,,,,,,,,existing,2024-03-05,13,,30.0,1.0,30.0,male,no,unpaid,,,,,,,,,,,,,,,,,,,,,,,,,,,,,,,,,,,,,,,,,,,,,,,,,,,,,,,,,,,,,,,,,,,,,,,,,,,,,,,,,,,,,communal/village,borehole,120,1000_to_2000m,all_year,none,fenced well_covered,agriculture,funtional,pump generator solar_panels,5.2960503,45.8176361,307.52180405387725,3.79,1737017201264.jpg,2025-01-17T11:47:09.011+03:00,uuid:9cc9b262-1f73-4acd-86ff-ec5651d1b280,uuid:9cc9b262-1f73-4acd-86ff-ec5651d1b280,120,Somalia_collector,14,14,,,collect:6Zbb0EyxvxA2wBYG,0,v13
2025-01-17T07:14:15.175Z,2025-01-16T10:21:53.012+03:00,Moulid Abdullahi Abdi,2025-01-16,nrc,,galmudug.,galgaduud.,dhuusamareeb,guri_ceel,1737012177292.jpg,5.2955384 45.8180659 309.35150146484375 4.924; 5.2955387 45.8182138 250.90594482421875 15.613; 5.298169 45.8180403 308.1160888671875 7.354; 5.2981338 45.817592 312.88177490234375 4208.155; 5.2955384 45.8180659 309.35150146484375 4.924,,agriculture,halfmoons swales soil_bunds contour_planting water_points,existing,2024-03-03,200,,5.0,2.5,40.0,demi_lunes,,5.0,2.5,male,no,paid,both,2024-03-03,2,,500.0,3.0,60.0,male,no,paid,existing,2024-03-03,12,,27.0,1.0,30.0,male,no,paid,,,,,,,,,,,existing,2024-03-04,12,,251.0,1.0,30.0,male,no,unpaid,,,,,,,,,,,,,,,,,,,,,,,,,,,,,,,,,,,,,,,,,,,,,,,,,,,,,,,,,,,,,,,,,,,,,,,,,,,,,,,,,,,,,communal/village,borehole,130,100m_to_500m,all_year,none,fenced,agriculture,funtional,pump generator solar_panels,5.2958735,45.8176449,304.33251953125,4.767,1737017069027.jpg,2025-01-17T10:14:09.037+03:00,uuid:91755b0a-6073-4d6d-88a8-55eaa382d3e6,uuid:91755b0a-6073-4d6d-88a8-55eaa382d3e6,120,Somalia_collector,13,13,,,collect:sk7Pzo26F2nG5zK7,0,v13
2025-01-16T17:56:26.471Z,2025-01-16T14:29:08.163+03:00,Osman Ebey Omar,2025-01-16,concern,,southwest.,lower_shebelle,afgoye,dhajalaq,1737034806435.jpg,2.181798912401474 45.15634328126907 0.0 0.0; 2.1817808206154803 45.155520513653755 0.0 0.0; 2.1812846365480514 45.15552520751953 0.0 0.0; 2.1811613443303632 45.15622157603502 0.0 0.0; 2.181798912401474 45.15634328126907 0.0 0.0,,agriculture,water_points,,,,,,,,,,,,,,,,,,,,,,,,,,,,,,,,,,,,,,,,,,,,,,,,,,,,,,,,,,,,,,,,,,,,,,,,,,,,,,,,,,,,,,,,,,,,,,,,,,,,,,,,,,,,,,,,,,,,,,,,,,,,,,,,,,,,,,,,,,,communal/village,other,2,100m_to_500m,all_year,not_known,none,agriculture,funtional,generator,2.1817443,45.155842,48.0,5.0,1737039701443.jpg,2025-01-16T20:56:18.918+03:00,uuid:f8429283-4223-4583-a7f9-8cf1d7a1d1c6,uuid:f8429283-4223-4583-a7f9-8cf1d7a1d1c6,120,Somalia_collector,2,2,,,collect:dUYl44JL3kQnN9WK,0,v13
2025-01-16T08:51:07.360Z,2025-01-13T13:18:55.443+03:00,Mowlid,2025-01-13,nrc,,galmudug.,galgaduud.,dhuusamareeb,dabare,1736792032546.jpg,5.308337 45.8855996 263.6000061035156 41.025; 5.3083353 45.8855896 263.6000061035156 262.779; 5.3083348 45.8855891 263.6000061035156 64.428; 5.3083286 45.8855982 263.6000061035156 9.92; 5.308337 45.8855996 263.6000061035156 41.025,,rangeland,halfmoons water_points,new,2025-01-13,2400,,5.0,2.5,2.8,demi_lunes,,5.0,2.5,both,yes,paid,,,,,,,,,,,,,,,,,,,,,,,,,,,,,,,,,,,,,,,,,,,,,,,,,,,,,,,,,,,,,,,,,,,,,,,,,,,,,,,,,,,,,,,,,,,,,,,,,,,,,,,,,,,,,,,,,,,,,,,,,,,,,communal/village,borehole,75,less_than_100m,all_year,none,fenced,livestock,funtional,solar_panels generator,5.3083132,45.8856086,263.6000061035156,4.77,1736793286359.jpg,2025-01-16T11:49:17.732+03:00,uuid:eb80a8cb-313f-4fd2-9c44-27b37cf78773,uuid:eb80a8cb-313f-4fd2-9c44-27b37cf78773,120,Somalia_collector,4,4,,,collect:sk7Pzo26F2nG5zK7,0,v13
2025-01-16T06:51:36.811Z,2025-01-15T10:30:08.415+03:00,Mowlid Borai,2025-01-15,nrc,,galmudug.,galgaduud.,dhuusamareeb,dabare,1736926652436.jpg,5.0790517 45.9597134 235.81044885779878 3.685; 5.0814606 45.9600402 239.06940657030162 3.79; 5.0814586 45.9597967 239.292613653658 202.316; 5.0786879 45.9583859 237.4433925724233 3.986; 5.0790517 45.9597134 235.81044885779878 3.685,,rangeland,halfmoons water_points,new,2024-12-15,2400,,5.0,2.5,25.0,demi_lunes,,5.0,2.5,both,yes,paid,,,,,,,,,,,,,,,,,,,,,,,,,,,,,,,,,,,,,,,,,,,,,,,,,,,,,,,,,,,,,,,,,,,,,,,,,,,,,,,,,,,,,,,,,,,,,,,,,,,,,,,,,,,,,,,,,,,,,,,,,,,,,communal/village,borehole,105,100m_to_500m,all_year,none,well_covered,drinking,funtional,pump generator solar_panels other,5.0797614,45.9584293,238.68407734353036,4.808,1736930277929.jpg,2025-01-16T09:51:31.038+03:00,uuid:1c670a7e-4f3a-4d43-aaee-c99d942e14e9,uuid:1c670a7e-4f3a-4d43-aaee-c99d942e14e9,120,Somalia_collector,7,7,,,collect:6Zbb0EyxvxA2wBYG,0,v13
2025-01-15T13:48:58.148Z,2025-01-15T14:28:38.793+03:00,Osman Ebey Omar,2025-01-15,concern,,southwest.,lower_shebelle,afgoye,jambaluul,1736940541992.jpg,2.1841533 45.1496425 0.0 0.0; 2.184036596623977 45.15439432114363 0.0 0.0; 2.179558209547359 45.15328019857406 0.0 0.0; 2.1799009488513703 45.14944463968277 0.0 0.0; 2.1841533 45.1496425 0.0 0.0,,agriculture,water_points,,,,,,,,,,,,,,,,,,,,,,,,,,,,,,,,,,,,,,,,,,,,,,,,,,,,,,,,,,,,,,,,,,,,,,,,,,,,,,,,,,,,,,,,,,,,,,,,,,,,,,,,,,,,,,,,,,,,,,,,,,,,,,,,,,,,,,,,,,,communal/village,other,1,100m_to_500m,all_year,none,none,agriculture,funtional,generator,2.18415,45.14964,88.4,4.1,1736940651115.jpg,2025-01-15T16:47:42.857+03:00,uuid:57f901e8-fca0-4125-a353-be3c52c7a5ee,uuid:57f901e8-fca0-4125-a353-be3c52c7a5ee,120,Somalia_collector,2,2,,,collect:TVNxsUkaya3devZA,0,v13
2025-01-15T13:48:54.826Z,2025-01-15T13:15:26.243+03:00,Osman iibeey omar,2025-01-15,concern,,southwest.,lower_shebelle,afgoye,abbannaale,1736936176155.jpg,2.2208210451452297 45.148800574243076 0.0 0.0; 2.220713837364983 45.142704583704464 0.0 0.0; 2.216706605977781 45.14250073581933 0.0 0.0; 2.2160961898769744 45.14720432460308 0.0 0.0; 2.2208210451452297 45.148800574243076 0.0 0.0,,communal_land,water_points,,,,,,,,,,,,,,,,,,,,,,,,,,,,,,,,,,,,,,,,,,,,,,,,,,,,,,,,,,,,,,,,,,,,,,,,,,,,,,,,,,,,,,,,,,,,,,,,,,,,,,,,,,,,,,,,,,,,,,,,,,,,,,,,,,,,,,,,,,,communal/village,rain_water_harvesting,2,500m_to_1000m,dry_season,none,fenced,drinking,non-functional,none,2.21828,45.1457017,97.3,4.7,1736936264817.jpg,2025-01-15T16:47:31.283+03:00,uuid:1490b3f9-82e0-497e-a91f-5ea559572863,uuid:1490b3f9-82e0-497e-a91f-5ea559572863,120,Somalia_collector,2,2,,,collect:TVNxsUkaya3devZA,0,v13
2025-01-15T11:29:29.945Z,2025-01-15T11:04:15.681+03:00,Abdi Mohamed Aden,2025-01-15,nrc,,galmudug.,galgaduud.,dhuusamareeb,dabare,1736928303992.jpg,5.081489 45.9600912 237.53167724609375 3.519; 5.0814256 45.9581836 240.5045166015625 4.423; 5.0811735 45.9581834 234.43341064453125 318.587; 5.0786534 45.9588085 233.4659423828125 181.008; 5.081489 45.9600912 237.53167724609375 3.519,,rangeland,halfmoons water_points,new,2024-12-15,2400,,5.0,2.5,25.0,demi_lunes,,5.0,2.5,both,yes,paid,,,,,,,,,,,,,,,,,,,,,,,,,,,,,,,,,,,,,,,,,,,,,,,,,,,,,,,,,,,,,,,,,,,,,,,,,,,,,,,,,,,,,,,,,,,,,,,,,,,,,,,,,,,,,,,,,,,,,,,,,,,,,communal/village,borehole,105,500m_to_1000m,all_year,none,well_covered,drinking,funtional,pump generator solar_panels other,5.0796834,45.958449,231.68634033203125,4.35,1736930660727.jpg,2025-01-15T14:29:25.423+03:00,uuid:5da5c1ad-1859-4d1f-b5c4-038dc555e134,uuid:5da5c1ad-1859-4d1f-b5c4-038dc555e134,120,Somalia_collector,7,7,,,collect:h6f7e13PUXM7x3sj,0,v13
2025-01-15T10:32:13.254Z,2025-01-15T10:57:04.208+03:00,Moulid Abdullahi Abdi,2025-01-15,nrc,,galmudug.,galgaduud.,dhuusamareeb,dabare,1736927873926.jpg,5.0790001 45.9596983 231.3419189453125 3.79; 5.0815032 45.9600711 229.4388427734375 4.683; 5.0814627 45.9581657 236.07550048828125 3.79; 5.0786637 45.9584188 235.123291015625 4.942; 5.0790001 45.9596983 231.3419189453125 3.79,,rangeland,halfmoons water_points,new,2024-12-15,2400,,5.0,2.5,25.0,demi_lunes,,5.0,2.5,both,yes,paid,,,,,,,,,,,,,,,,,,,,,,,,,,,,,,,,,,,,,,,,,,,,,,,,,,,,,,,,,,,,,,,,,,,,,,,,,,,,,,,,,,,,,,,,,,,,,,,,,,,,,,,,,,,,,,,,,,,,,,,,,,,,,communal/village,borehole,105,100m_to_500m,all_year,none,well_covered,drinking,funtional,pump generator solar_panels,5.0798304,45.9584812,233.484130859375,3.79,1736930575895.jpg,2025-01-15T13:32:06.903+03:00,uuid:eb23f73e-ef7d-470b-bb1a-730e7034179a,uuid:eb23f73e-ef7d-470b-bb1a-730e7034179a,120,Somalia_collector,7,7,,,collect:sk7Pzo26F2nG5zK7,0,v13
2025-01-15T10:26:50.091Z,2025-01-15T10:30:14.712+03:00,Abdirahman Gure,2025-01-15,nrc,,galmudug.,galgaduud.,dhuusamareeb,dabare,1736926643188.jpg,5.0789805 45.9596918 229.1 1.3; 5.081395 45.9601549 227.1 1.7; 5.0814249 45.9581846 230.29999999999998 2.285; 5.0786536 45.9584156 232.79999999999998 1.533; 5.0789805 45.9596918 229.1 1.3,,rangeland,halfmoons water_points,new,2024-12-05,2400,,5.0,2.5,25.0,demi_lunes,,5.0,2.5,both,yes,paid,,,,,,,,,,,,,,,,,,,,,,,,,,,,,,,,,,,,,,,,,,,,,,,,,,,,,,,,,,,,,,,,,,,,,,,,,,,,,,,,,,,,,,,,,,,,,,,,,,,,,,,,,,,,,,,,,,,,,,,,,,,,,communal/village,borehole,105,500m_to_1000m,all_year,none,well_covered,drinking,funtional,generator pump solar_panels,5.0796853,45.9585016,249.70000000000002,3.35,1736930676514.jpg,2025-01-15T13:26:33.424+03:00,uuid:6a87e78a-5250-4b89-baaa-fec6db7a7fba,uuid:6a87e78a-5250-4b89-baaa-fec6db7a7fba,120,Somalia_collector,7,7,,,collect:ZiJX9HzkGQfShtmq,0,v13
2025-01-14T16:27:03.866Z,2025-01-14T11:32:20.609+03:00,Abdijalil said,2025-01-14,kaalo,,puntland,mudug.,galkacyo.,gacmo fale,1736845926906.jpg,7.0074261 47.8082031 257.0 3.207; 7.0087121 47.8076322 262.0 3.471; 7.0075486 47.8056746 266.0 3.706; 7.0074261 47.8082031 257.0 3.207,,rangeland,halfmoons,new,2024-11-02,286,,5.0,2.0,0.3,boomerangs,,2.0,1.0,both,yes,paid,,,,,,,,,,,,,,,,,,,,,,,,,,,,,,,,,,,,,,,,,,,,,,,,,,,,,,,,,,,,,,,,,,,,,,,,,,,,,,,,,,,,,,,,,,,,,,,,,,,,,,,,,,,,,,,,,,,,,,,,,,,,,,,,,,,,,,,,,,,,2025-01-14T19:22:01.782+03:00,uuid:b5b6fc0e-9886-431f-90fe-2b87bd3ff7a9,uuid:b5b6fc0e-9886-431f-90fe-2b87bd3ff7a9,120,Somalia_collector,9,9,,,collect:cWWhQzPQ85R3BJ6S,0,v13
2025-01-14T09:28:18.959Z,2025-01-14T10:32:29.277+03:00,Fathi ,2025-01-14,concern,,jubaland.,gedo,belet hawa,lebi dhaxwey,1736842839096.jpg,3.9889947 41.9591883 181.9 1.416;3.9882106 41.9587246 177.5 1.75;3.9885283 41.9577649 173.7 1.683;3.9895117 41.9578967 174.9 12.3;3.9890465 41.959163 174.4 2.2;3.9889947 41.9591883 181.9 1.416,,agriculture,soil_bunds,,,,,,,,,,,,,,,,,,,,,,,,,new,2024-09-08,15,,2.0,2.0,1.0,both,no,paid,,,,,,,,,,,,,,,,,,,,,,,,,,,,,,,,,,,,,,,,,,,,,,,,,,,,,,,,,,,,,,,,,,,,,,,,,,,,,,,,,,,,,,,,,,,,,,,,,,,,,,,,,,,,,,,,,,,,,,,,2025-01-14T11:52:15.483+03:00,uuid:7d128298-f9f8-483e-a566-94326ec61f66,uuid:7d128298-f9f8-483e-a566-94326ec61f66,120,Somalia_collector,16,16,,,collect:ZAcQKzUVTGERU8lm,0,v13
2025-01-14T09:17:00.967Z,2025-01-14T10:32:03.740+03:00,Abdikheir Mohamed ,2025-01-14,concern,,jubaland.,gedo,belet hawa,lebi dhaxwey,1736840124624.jpg,3.9775719 41.9608038 184.0 6.5;3.9776211 41.9611018 196.0 8.78;3.977217 41.9612196 187.0 6.502;3.9771021 41.9612441 191.0 5.031;3.9770634 41.9608864 186.0 18.752;3.977509 41.9607954 188.0 6.194;3.9775719 41.9608038 184.0 6.5,,rangeland,water_points,,,,,,,,,,,,,,,,,,,,,,,,,,,,,,,,,,,,,,,,,,,,,,,,,,,,,,,,,,,,,,,,,,,,,,,,,,,,,,,,,,,,,,,,,,,,,,,,,,,,,,,,,,,,,,,,,,,,,,,,,,,,,,,,,,,,,,,,,,,communal/village,rain_water_harvesting,2,100m_to_500m,wet_season,none,none,drinking,non-functional,none,3.977497,41.9608486,179.0,4.8,1736840450045.jpg,2025-01-14T10:41:03.349+03:00,uuid:5c159b0a-a0ed-4ab6-92db-53714fa24877,uuid:5c159b0a-a0ed-4ab6-92db-53714fa24877,120,Somalia_collector,2,2,,,collect:AAL46sMT95Zp0xRT,0,v13
2025-01-13T13:42:08.464Z,2025-01-13T11:58:16.169+03:00,Abdijalil,2025-01-13,kaalo,,puntland,mudug.,galkacyo.,afariridod,1736758825223.jpg,6.9996269 47.3692764 307.0 3.0;6.9990168 47.3678921 307.0 3.666;6.9979054 47.3682531 308.0 3.0;6.9979017 47.3682437 308.0 2.0;6.9979017 47.3682436 308.0 2.0;6.9996269 47.3692764 307.0 3.0,,rangeland,halfmoons,new,2024-11-25,125,,5.0,2.0,0.4,boomerangs,,1.0,2.0,both,yes,paid,,,,,,,,,,,,,,,,,,,,,,,,,,,,,,,,,,,,,,,,,,,,,,,,,,,,,,,,,,,,,,,,,,,,,,,,,,,,,,,,,,,,,,,,,,,,,,,,,,,,,,,,,,,,,,,,,,,,,,,,,,,,,,,,,,,,,,,,,,,,2025-01-13T16:29:20.867+03:00,uuid:ad58ff44-d3e8-476c-b1bc-d6cbc6a41de6,uuid:ad58ff44-d3e8-476c-b1bc-d6cbc6a41de6,120,Somalia_collector,10,10,,,collect:cWWhQzPQ85R3BJ6S,0,v13
2025-01-13T13:36:37.994Z,2025-01-13T11:32:48.561+03:00,Abdijalil said ,2025-01-13,kaalo,,puntland,mudug.,galkacyo.,afariridod,1736757534133.jpg,6.9979742 47.3751837 310.0 6.75; 6.9987352 47.3749507 303.0 3.341; 6.9986176 47.374653 305.0 3.495; 6.9979742 47.3751837 310.0 6.75,,rangeland,gabions,,,,,,,,,,,,,,,,,,,,,,,,,,,,,,,,,,,,,,,,,,,,,,,,,,,,,,,,,,,,,,,,,,,,,,,,,,,,,,,,,,,,,,,,,,,,,,,,,,,,,,,,,,new,2024-12-25,50,,2.0,1.0,1.0,both,yes,paid,,,,,,,,,,,,,,,,,,,,,,,,,,,,,,,,,,,,,,,2025-01-13T16:25:41.746+03:00,uuid:d04f0fa4-3d5e-4a54-884c-206853b0db20,uuid:d04f0fa4-3d5e-4a54-884c-206853b0db20,120,Somalia_collector,5,5,,,collect:cWWhQzPQ85R3BJ6S,0,v13
2025-01-13T13:36:14.343Z,2025-01-13T08:55:04.262+03:00,Abdijalil said ,2025-01-13,kaalo,,puntland,mudug.,galkacyo.,bayra,1736750941649.heic,6.9377364 47.3220737 290.0 2.5; 6.9379262 47.3200637 289.0 3.877; 6.9425765 47.3195255 291.0 3.383; 6.9425708 47.3195226 291.0 2.25; 6.9429247 47.3209133 291.0 3.896; 6.9377364 47.3220737 290.0 2.5,,rangeland,halfmoons,both,2024-10-28,262,,12.0,6.0,0.4,boomerangs,,2.0,5.0,both,yes,paid,,,,,,,,,,,,,,,,,,,,,,,,,,,,,,,,,,,,,,,,,,,,,,,,,,,,,,,,,,,,,,,,,,,,,,,,,,,,,,,,,,,,,,,,,,,,,,,,,,,,,,,,,,,,,,,,,,,,,,,,,,,,,,,,,,,,,,,,,,,,2025-01-13T16:23:33.679+03:00,uuid:291e716a-0ee9-4094-b149-2a02fb5a81d9,uuid:291e716a-0ee9-4094-b149-2a02fb5a81d9,120,Somalia_collector,9,9,,,collect:cWWhQzPQ85R3BJ6S,0,v13
2025-01-13T09:01:32.400Z,2025-01-13T11:19:32.024+03:00,Abdikheir Mohamed,2025-01-13,concern,,jubaland.,gedo,belet hawa,carabo,1736756546268.jpg,3.9521014 41.9263937 185.0 9.0; 3.9526655 41.9264721 183.0 3.542; 3.9529149 41.9261809 184.0 7.291; 3.9524291 41.9260119 180.0 5.437; 3.9521014 41.9263937 185.0 9.0,,rangeland,water_points,,,,,,,,,,,,,,,,,,,,,,,,,,,,,,,,,,,,,,,,,,,,,,,,,,,,,,,,,,,,,,,,,,,,,,,,,,,,,,,,,,,,,,,,,,,,,,,,,,,,,,,,,,,,,,,,,,,,,,,,,,,,,,,,,,,,,,,,,,,communal/village,rain_water_harvesting,3,1000_to_2000m,wet_season,none,fenced,drinking,non-functional,none,3.952207,41.9263679,184.0,4.8,1736756903578.jpg,2025-01-13T12:01:28.490+03:00,uuid:f5238d3f-5776-42f4-a313-9235c1ed46cd,uuid:f5238d3f-5776-42f4-a313-9235c1ed46cd,120,Somalia_collector,2,2,,,collect:AAL46sMT95Zp0xRT,0,v13
2025-01-13T07:45:32.062Z,2025-01-13T10:15:04.590+03:00,Fathi Abdirashid ,2025-01-13,concern,,jubaland.,gedo,belet hawa,carabo,1736752549412.jpg,3.940094 41.9226088 181.6 1.7;3.9400892 41.922948 186.0 3.075;3.9386692 41.9232886 186.8 5.104;3.9385092 41.9228767 186.8 8.292;3.9400676 41.9225361 186.5 2.8;3.9401162 41.9226143 186.20000000000002 1.4;3.940094 41.9226088 181.6 1.7,,agriculture,soil_bunds,,,,,,,,,,,,,,,,,,,,,,,,,new,2024-09-10,20,,2.0,2.0,1.0,both,no,paid,,,,,,,,,,,,,,,,,,,,,,,,,,,,,,,,,,,,,,,,,,,,,,,,,,,,,,,,,,,,,,,,,,,,,,,,,,,,,,,,,,,,,,,,,,,,,,,,,,,,,,,,,,,,,,,,,,,,,,,,2025-01-13T10:45:15.828+03:00,uuid:8281fd6a-4c39-41fb-9cd0-1b5f0870c7f9,uuid:8281fd6a-4c39-41fb-9cd0-1b5f0870c7f9,120,Somalia_collector,14,14,,,collect:ZAcQKzUVTGERU8lm,0,v13
2025-01-12T14:51:33.139Z,2025-01-12T13:06:32.901+03:00,Muktar Mohamednoor Rage,2025-01-12,acf,,southwest,bakool,hudur,gaabaney,1736676424790.jpg,4.1281521 43.9034523 458.59999999999997 8.0; 4.1284004 43.903684 464.5 3.0; 4.1284664 43.9037875 464.5 3.0; 4.1288222 43.9037021 462.3 3.0; 4.1291707 43.903532 462.7 3.0; 4.1294076 43.9033673 461.2 3.0; 4.1296026 43.9032716 463.5 3.0; 4.1295813 43.9028099 461.8 3.0; 4.1298828 43.9027824 462.4 3.0; 4.1298106 43.9024623 461.7 3.538; 4.1296716 43.902448 462.8 3.186; 4.1294886 43.9023779 462.0 3.362; 4.1291134 43.9023673 463.9 3.454; 4.1290098 43.9026935 468.2 3.331; 4.1290637 43.9028919 464.8 3.146; 4.1287593 43.903021 463.5 3.449; 4.1287831 43.9031171 464.0 3.0; 4.1281521 43.9034523 458.59999999999997 8.0,,agriculture,halfmoons swales,new,2024-09-10,102,,4.0,2.0,20.0,demi_lunes,,15.0,3.0,male,no,paid,new,2024-09-15,100,,88.0,45.0,40.0,male,no,paid,,,,,,,,,,,,,,,,,,,,,,,,,,,,,,,,,,,,,,,,,,,,,,,,,,,,,,,,,,,,,,,,,,,,,,,,,,,,,,,,,,,,,,,,,,,,,,,,,,,,,,,,,,,,,,,,,,,,,,,,,,,,,,,,,,2025-01-12T17:51:26.157+03:00,uuid:e00c6211-02a9-45d8-961d-6ff84d480a1b,uuid:e00c6211-02a9-45d8-961d-6ff84d480a1b,120,Somalia_collector,6,6,,,collect:qnvAiCVMbz8NEdKf,0,v13
2025-01-12T14:49:35.916Z,2025-01-12T10:51:13.080+03:00,Muktar Mohamednoor Rage,2025-01-12,acf,,southwest,bakool,hudur,gaabaney,1736668317481.jpg,4.1340896 43.8969761 469.09999999999997 1.666; 4.1342812 43.8968655 468.09999999999997 3.0; 4.1343819 43.8968899 467.7 2.514; 4.1345188 43.8968706 469.3 3.0; 4.134745 43.8976933 467.8 3.0; 4.1341608 43.8977061 466.59999999999997 3.0; 4.134216 43.8973334 466.7 3.024; 4.1341843 43.8972145 466.3 3.0; 4.1340749 43.8969889 467.0 3.212; 4.1340831 43.8969833 466.2 3.0; 4.1340896 43.8969761 469.09999999999997 1.666,,agriculture,halfmoons swales,new,2024-09-16,34,,4.0,2.0,20.0,demi_lunes,,18.0,3.0,male,no,paid,new,2024-09-17,4,,65.0,0.4,0.5,male,no,paid,,,,,,,,,,,,,,,,,,,,,,,,,,,,,,,,,,,,,,,,,,,,,,,,,,,,,,,,,,,,,,,,,,,,,,,,,,,,,,,,,,,,,,,,,,,,,,,,,,,,,,,,,,,,,,,,,,,,,,,,,,,,,,,,,,2025-01-12T17:49:28.160+03:00,uuid:d16c462b-885e-49d4-86ab-60d828716e74,uuid:d16c462b-885e-49d4-86ab-60d828716e74,120,Somalia_collector,6,6,,,collect:qnvAiCVMbz8NEdKf,0,v13
2025-01-12T14:37:41.641Z,2025-01-12T15:55:14.129+03:00,Abdi Hassan Adan,2025-01-12,acf,,southwest,bakool,waajid,waajid,1736691901737.jpg,3.817549 43.2404917 345.078857421875 3.79;3.8175443 43.2404925 345.57720947265625 4.002;3.8175567 43.2404711 347.4266357421875 10.162;3.8175765 43.2404814 346.014404296875 5.95;3.817549 43.2404917 345.078857421875 3.79,,rangeland,halfmoons swales water_points,new,2025-01-12,10506,,6.0,3.0,1.0,demi_lunes,,1.0,6.0,male,no,paid,new,2024-12-27,84,,10.0,0.6,0.5,male,no,paid,,,,,,,,,,,,,,,,,,,,,,,,,,,,,,,,,,,,,,,,,,,,,,,,,,,,,,,,,,,,,,,,,,,,,,,,,,,,,,,,,,,,,,,,,,,,,,,,,,,,,,,,,,,,,,,,,,,communal/village,well,10,100m_to_500m,all_year,none,fenced well_covered,drinking,funtional,pump solar_panels,3.8175879,43.2405644,348.45147705078125,4.996,1736691609500.jpg,2025-01-12T17:27:00.943+03:00,uuid:75587eb0-f84f-4f80-b52e-8615f0638a35,uuid:75587eb0-f84f-4f80-b52e-8615f0638a35,120,Somalia_collector,4,4,,,collect:PB2LNOmqvGg1Ekq1,0,v13
2025-01-12T09:47:15.814Z,2025-01-11T07:13:43.592+03:00,Abdullahi Hassan Adan,2024-12-27,acf,,southwest,bakool,rab dhure,dhuuray,1736568888717.jpg,4.2776992 42.9088313 267.0 2.6; 4.2777442 42.9081516 269.5 1.371; 4.2771129 42.9080836 267.6 1.4; 4.2773018 42.9088917 270.0 1.4; 4.2776992 42.9088313 267.0 2.6,,rangeland,halfmoons swales water_points,new,2024-12-27,1890,,3.0,1.5,0.2,demi_lunes,,6.0,3.0,both,yes,unpaid,new,2024-12-21,7,,100.0,0.6,0.2,both,yes,unpaid,,,,,,,,,,,,,,,,,,,,,,,,,,,,,,,,,,,,,,,,,,,,,,,,,,,,,,,,,,,,,,,,,,,,,,,,,,,,,,,,,,,,,,,,,,,,,,,,,,,,,,,,,,,,,,,,,,,communal/village,well,14,500m_to_1000m,all_year,none,well_covered,drinking,non-functional,pump solar_panels,4.2760966,42.9188814,252.0,3.55,1736590424968.jpg,2025-01-12T12:44:06.645+03:00,uuid:f8a33b7a-e769-41f7-b58e-422d1cc80f47,uuid:f8a33b7a-e769-41f7-b58e-422d1cc80f47,120,Somalia_collector,9,9,,,collect:ZQdP1Ka82y4QRGHu,0,v13
2025-01-12T09:03:10.674Z,2025-01-11T09:36:09.954+03:00,Abdullahi Hassan Adan,2025-01-11,acf,,southwest,bakool,rab dhure,yeed,1736577403096.jpg,4.5543265 43.0408007 315.0 9.75; 4.5541182 43.0410511 330.0 3.721; 4.5553718 43.0420991 335.0 6.5; 4.5564881 43.0429455 336.0 6.5; 4.5566663 43.0429117 334.0 2.0; 4.5581915 43.0414944 336.0 3.482; 4.5579581 43.0399127 322.0 13.5; 4.5577847 43.0396011 334.0 4.609; 4.5558369 43.0376242 327.0 3.909; 4.5539581 43.0368002 327.0 3.914; 4.5542526 43.0387525 342.0 16.5; 4.5543219 43.0391122 323.0 3.38; 4.5543265 43.0408007 315.0 9.75,,rangeland,halfmoons swales water_points,new,2024-09-12,2100,,3.0,1.5,0.2,demi_lunes,,6.0,3.0,both,yes,unpaid,new,2024-09-21,12,,100.0,0.6,0.2,both,yes,unpaid,,,,,,,,,,,,,,,,,,,,,,,,,,,,,,,,,,,,,,,,,,,,,,,,,,,,,,,,,,,,,,,,,,,,,,,,,,,,,,,,,,,,,,,,,,,,,,,,,,,,,,,,,,,,,,,,,,,communal/village,rain_water_harvesting,2,2000_to_5000m,dry_season,none,fenced,drinking,funtional,none,4.5559596,43.0408755,334.0,5.0,1736581129705.jpg,2025-01-12T11:56:13.450+03:00,uuid:f7f737c6-f68a-4016-9fba-78a011e44638,uuid:f7f737c6-f68a-4016-9fba-78a011e44638,120,Somalia_collector,8,8,,,collect:9tNoY74SAREgXz3U,0,v13
2025-01-12T08:00:25.870Z,2025-01-12T10:44:59.100+03:00,Jamal Ali,2025-01-12,acf,,southwest,bakool,ceel berde,ceel barde,1736667942332.jpg,4.8044323 43.6837381 453.0 3.943;4.8048183 43.6834283 461.3 74.769;4.8054791 43.6846296 458.3 2.621;4.8049017 43.68468 450.2 37.141;4.8044323 43.6837381 453.0 3.943,,agriculture,halfmoons swales,new,2024-09-30,33,,3.0,1.5,20.0,demi_lunes,,6.0,3.0,male,yes,paid,new,2025-01-12,3,,45.0,1.0,60.0,male,no,paid,,,,,,,,,,,,,,,,,,,,,,,,,,,,,,,,,,,,,,,,,,,,,,,,,,,,,,,,,,,,,,,,,,,,,,,,,,,,,,,,,,,,,,,,,,,,,,,,,,,,,,,,,,,,,,,,,,,,,,,,,,,,,,,,,,2025-01-12T11:00:21.738+03:00,uuid:c39544e5-9437-4b4b-b5c4-e9996302eec4,uuid:c39544e5-9437-4b4b-b5c4-e9996302eec4,120,Somalia_collector,6,6,,,collect:4p2w1VTpjgK3EdzM,0,v13
2025-01-09T17:48:21.788Z,2025-01-09T20:45:27.058+03:00,ICRAF,2025-01-09,other,,,,,,1736444756707.jpg,-1.2254314 36.8286509 0.0 0.0;-1.224205506320145 36.82926412671805 0.0 0.0;-1.224226959094387 36.828171126544476 0.0 0.0;-1.2254314 36.8286509 0.0 0.0,,rangeland,halfmoons,new,2025-01-09,10,,2.0,2.0,50.0,boomerangs,,6.0,6.0,male,yes,paid,,,,,,,,,,,,,,,,,,,,,,,,,,,,,,,,,,,,,,,,,,,,,,,,,,,,,,,,,,,,,,,,,,,,,,,,,,,,,,,,,,,,,,,,,,,,,,,,,,,,,,,,,,,,,,,,,,,,,,,,,,,,,,,,,,,,,,,,,,,,2025-01-09T20:48:18.099+03:00,uuid:9be61384-3ee0-4bfd-826e-b2950aed39ae,uuid:9be61384-3ee0-4bfd-826e-b2950aed39ae,120,Somalia_collector,3,3,,,collect:qlVP623Zo9kPIKJ0,0,v13
2024-12-04T15:26:20.382Z,2024-12-04T12:30:51.334+03:00,Muhammad ,2024-12-04,kaalo,,,,,,1733305063232.jpg,-1.2357047 36.818713 1686.4000244140625 3.598;-1.2357968 36.8191073 1686.4000244140625 3.0;-1.2354086 36.8192078 1682.7537841796875 3.0;-1.2353064 36.8189983 1684.3568115234375 3.0;-1.2357047 36.818713 1686.4000244140625 3.598,,rangeland,halfmoons,new,2024-12-04,10,,,,,demi_lunes,,6.0,9.0,both,yes,,,,,,,,,,,,,,,,,,,,,,,,,,,,,,,,,,,,,,,,,,,,,,,,,,,,,,,,,,,,,,,,,,,,,,,,,,,,,,,,,,,,,,,,,,,,,,,,,,,,,,,,,,,,,,,,,,,,,,,,,,,,,,,,,,,,,,,,,,,,,,uuid:aa4b02b5-f983-40e6-81c2-3984c379e754,uuid:aa4b02b5-f983-40e6-81c2-3984c379e754,120,Somalia_collector,2,2,,,collect:YISlIwr2Hxr609pJ,0,3
2024-10-26T19:12:31.070Z,2024-10-26T22:10:19.877+03:00,Jasper,2024-10-26,,,,,,,1729969831010.jpg,-1.2531917 36.8109275 0.0 0.0;-1.2543595560893464 36.80965147912502 0.0 0.0;-1.2547353105348114 36.81090205907822 0.0 0.0;-1.2543267069024298 36.81210368871689 0.0 0.0;-1.2531917 36.8109275 0.0 0.0,,rangeland,halfmoons,new,2024-10-24,100,,,,,boomerangs,,5.0,5.0,male,yes,,,,,,,,,,,,,,,,,,,,,,,,,,,,,,,,,,,,,,,,,,,,,,,,,,,,,,,,,,,,,,,,,,,,,,,,,,,,,,,,,,,,,,,,,,,,,,,,,,,,,,,,,,,,,,,,,,,,,,,,,,,,,,,,,,,,,,,,,,,,,,uuid:3f114d11-b825-443e-a697-4ecd821415f1,uuid:3f114d11-b825-443e-a697-4ecd821415f1,120,Somalia_collector,2,2,,,collect:ZEZTI4L2JYkIURuF,0,2
2024-10-25T19:09:57.596Z,2024-10-25T22:05:08.850+03:00,Test ,2024-10-25,other,ICRAF,,,,,1729883158964.jpg,-1.2254648 36.8286298 0.0 0.0;-1.2254663 36.828629 0.0 0.0;-1.2254648 36.8286298 0.0 0.0;-1.224098912845537 36.829030103981495 0.0 0.0;-1.2254663 36.828629 0.0 0.0;-1.225462 36.8286299 0.0 0.0;-1.2238344403383636 36.82765681296587 0.0 0.0;-1.2255861931128498 36.82744961231947 0.0 0.0;-1.2254648 36.8286298 0.0 0.0,,rangeland,halfmoons soil_bunds,new,2024-10-25,2,,,,,boomerangs,,2.0,2.0,both,yes,,,,,,,,,,,,new,2024-10-25,2,,20.0,2.0,20.0,both,yes,,,,,,,,,,,,,,,,,,,,,,,,,,,,,,,,,,,,,,,,,,,,,,,,,,,,,,,,,,,,,,,,,,,,,,,,,,,,,,,,,,,,,,,,,,,,,,,,,,,,,,,,,,,,,,,,,,,,,,,,,,uuid:35b2f7f4-8d00-4647-9428-f02ad4800068,uuid:35b2f7f4-8d00-4647-9428-f02ad4800068,120,Somalia_collector,2,2,,,collect:YISlIwr2Hxr609pJ,0,
