,Unnamed: 0.2,Unnamed: 0.1,Unnamed: 0,GID_3,GID_0,COUNTRY,GID_1,NAME_1,NL_NAME_1,GID_2,NAME_2,NL_NAME_2,NAME_3,VARNAME_3,NL_NAME_3,TYPE_3,ENGTYPE_3,CC_3,HASC_3
0,0,0,0,ETH.1.1.1_1,ETH,Ethiopia,ETH.1_1,Addis Abeba,,ETH.1.1_1,Addis Abeba,,Addis Ketema,,,Woreda,District,140108,
1,1,1,1,ETH.1.1.2_1,ETH,Ethiopia,ETH.1_1,Addis Abeba,,ETH.1.1_1,Addis Abeba,,Akaki Kalit,,,Woreda,District,140101,
2,2,2,2,ETH.1.1.3_1,ETH,Ethiopia,ETH.1_1,Addis Abeba,,ETH.1.1_1,Addis Abeba,,Arada,,,Woreda,District,140109,
3,3,3,3,ETH.1.1.4_1,ETH,Ethiopia,ETH.1_1,Addis Abeba,,ETH.1.1_1,Addis Abeba,,Bole,,,Woreda,District,140104,
4,4,4,4,ETH.1.1.5_1,ETH,Ethiopia,ETH.1_1,Addis Abeba,,ETH.1.1_1,Addis Abeba,,Gulele,,,Woreda,District,140110,
5,5,5,5,ETH.1.1.6_1,ETH,Ethiopia,ETH.1_1,Addis Abeba,,ETH.1.1_1,Addis Abeba,,Kirkos,,,Woreda,District,140106,
6,6,6,6,ETH.1.1.7_1,ETH,Ethiopia,ETH.1_1,Addis Abeba,,ETH.1.1_1,Addis Abeba,,Kolfe Keran,,,Woreda,District,140103,
7,7,7,7,ETH.1.1.8_1,ETH,Ethiopia,ETH.1_1,Addis Abeba,,ETH.1.1_1,Addis Abeba,,Lideta,,,Woreda,District,140105,
8,8,8,8,ETH.1.1.9_1,ETH,Ethiopia,ETH.1_1,Addis Abeba,,ETH.1.1_1,Addis Abeba,,Nefas Silk,,,Woreda,District,140102,
9,9,9,9,ETH.1.1.10_1,ETH,Ethiopia,ETH.1_1,Addis Abeba,,ETH.1.1_1,Addis Abeba,,Yeka,,,Woreda,District,140107,
10,10,10,10,ETH.2.1.1_1,ETH,Ethiopia,ETH.2_1,Afar,,ETH.2.1_1,Afar Zone1,,Adaa'r,,,Woreda,District,201051,
11,11,11,11,ETH.2.1.2_1,ETH,Ethiopia,ETH.2_1,Afar,,ETH.2.1_1,Afar Zone1,,Afambo,,,Woreda,District,20104,
12,12,12,12,ETH.2.1.3_1,ETH,Ethiopia,ETH.2_1,Afar,,ETH.2.1_1,Afar Zone1,,Aysaita,,,Woreda,District,20103,
13,13,13,13,ETH.2.1.4_1,ETH,Ethiopia,ETH.2_1,Afar,,ETH.2.1_1,Afar Zone1,,Chifra,,,Woreda,District,20106,
14,14,14,14,ETH.2.1.5_1,ETH,Ethiopia,ETH.2_1,Afar,,ETH.2.1_1,Afar Zone1,,Dubti,,,Woreda,District,20101,
15,15,15,15,ETH.2.1.6_1,ETH,Ethiopia,ETH.2_1,Afar,,ETH.2.1_1,Afar Zone1,,Elidar,,,Woreda,District,20102,
16,16,16,16,ETH.2.1.7_1,ETH,Ethiopia,ETH.2_1,Afar,,ETH.2.1_1,Afar Zone1,,Kurri,,,Woreda,District,201011,
17,17,17,17,ETH.2.1.8_1,ETH,Ethiopia,ETH.2_1,Afar,,ETH.2.1_1,Afar Zone1,,Mile,,,Woreda,District,20105,
18,18,18,18,ETH.2.2.1_1,ETH,Ethiopia,ETH.2_1,Afar,,ETH.2.2_1,Afar Zone2,,Ab Ala,,,Woreda,District,20203,
19,19,19,19,ETH.2.2.2_1,ETH,Ethiopia,ETH.2_1,Afar,,ETH.2.2_1,Afar Zone2,,Afdera,,,Woreda,District,20207,
20,20,20,20,ETH.2.2.3_1,ETH,Ethiopia,ETH.2_1,Afar,,ETH.2.2_1,Afar Zone2,,Berahile,,,Woreda,District,20205,
21,21,21,21,ETH.2.2.4_1,ETH,Ethiopia,ETH.2_1,Afar,,ETH.2.2_1,Afar Zone2,,Bidu,,,Woreda,District,202071,
22,22,22,22,ETH.2.2.5_1,ETH,Ethiopia,ETH.2_1,Afar,,ETH.2.2_1,Afar Zone2,,Dalul,,,Woreda,District,20206,
23,23,23,23,ETH.2.2.6_1,ETH,Ethiopia,ETH.2_1,Afar,,ETH.2.2_1,Afar Zone2,,Erebti,,,Woreda,District,20201,
24,24,24,24,ETH.2.2.7_1,ETH,Ethiopia,ETH.2_1,Afar,,ETH.2.2_1,Afar Zone2,,Koneba,,,Woreda,District,20202,
25,25,25,25,ETH.2.2.8_1,ETH,Ethiopia,ETH.2_1,Afar,,ETH.2.2_1,Afar Zone2,,Megale,,,Woreda,District,20204,
26,26,26,26,ETH.2.3.1_1,ETH,Ethiopia,ETH.2_1,Afar,,ETH.2.3_1,Afar Zone3,,Amibara,,,Woreda,District,20301,
27,27,27,27,ETH.2.3.2_1,ETH,Ethiopia,ETH.2_1,Afar,,ETH.2.3_1,Afar Zone3,,Argoba Special Woreda,,,Woreda,District,20306,
28,28,28,28,ETH.2.3.3_1,ETH,Ethiopia,ETH.2_1,Afar,,ETH.2.3_1,Afar Zone3,,Awash Fentale,,,Woreda,District,20302,
29,29,29,29,ETH.2.3.4_1,ETH,Ethiopia,ETH.2_1,Afar,,ETH.2.3_1,Afar Zone3,,Bure Mudaytu,,,Woreda,District,20305,
30,30,30,30,ETH.2.3.5_1,ETH,Ethiopia,ETH.2_1,Afar,,ETH.2.3_1,Afar Zone3,,Dulecha,,,Woreda,District,20304,
31,31,31,31,ETH.2.3.6_1,ETH,Ethiopia,ETH.2_1,Afar,,ETH.2.3_1,Afar Zone3,,Gewane,,,Woreda,District,20303,
32,32,32,32,ETH.2.4.1_1,ETH,Ethiopia,ETH.2_1,Afar,,ETH.2.4_1,Afar Zone4,,Awra,,,Woreda,District,20401,
33,33,33,33,ETH.2.4.2_1,ETH,Ethiopia,ETH.2_1,Afar,,ETH.2.4_1,Afar Zone4,,Ewa,,,Woreda,District,20402,
34,34,34,34,ETH.2.4.3_1,ETH,Ethiopia,ETH.2_1,Afar,,ETH.2.4_1,Afar Zone4,,Gulina,,,Woreda,District,20405,
35,35,35,35,ETH.2.4.4_1,ETH,Ethiopia,ETH.2_1,Afar,,ETH.2.4_1,Afar Zone4,,Teru,,,Woreda,District,20403,
36,36,36,36,ETH.2.4.5_1,ETH,Ethiopia,ETH.2_1,Afar,,ETH.2.4_1,Afar Zone4,,Yalo,,,Woreda,District,20404,
37,37,37,37,ETH.2.5.1_1,ETH,Ethiopia,ETH.2_1,Afar,,ETH.2.5_1,Afar Zone5,,Dalfagi,,,Woreda,District,20504,
38,38,38,38,ETH.2.5.2_1,ETH,Ethiopia,ETH.2_1,Afar,,ETH.2.5_1,Afar Zone5,,Dewe,,,Woreda,District,20503,
39,39,39,39,ETH.2.5.3_1,ETH,Ethiopia,ETH.2_1,Afar,,ETH.2.5_1,Afar Zone5,,Hadelela,,,Woreda,District,20505,
40,40,40,40,ETH.2.5.4_1,ETH,Ethiopia,ETH.2_1,Afar,,ETH.2.5_1,Afar Zone5,,Simurobi Gele'alo,,,Woreda,District,20502,
41,41,41,41,ETH.2.5.5_1,ETH,Ethiopia,ETH.2_1,Afar,,ETH.2.5_1,Afar Zone5,,Telalak,,,Woreda,District,20501,
42,42,42,42,ETH.3.1.1_1,ETH,Ethiopia,ETH.3_1,Amhara,,ETH.3.1_1,Agew Awi,,Ankasha,,,Woreda,District,30903,
43,43,43,43,ETH.3.1.2_1,ETH,Ethiopia,ETH.3_1,Amhara,,ETH.3.1_1,Agew Awi,,Banja,,,Woreda,District,30902,
44,44,44,44,ETH.3.1.3_1,ETH,Ethiopia,ETH.3_1,Amhara,,ETH.3.1_1,Agew Awi,,Dangila,,,Woreda,District,30901,
45,45,45,45,ETH.3.1.4_1,ETH,Ethiopia,ETH.3_1,Amhara,,ETH.3.1_1,Agew Awi,,Fagta Lakoma,,,Woreda,District,30905,
46,46,46,46,ETH.3.1.5_1,ETH,Ethiopia,ETH.3_1,Amhara,,ETH.3.1_1,Agew Awi,,Guagusa Shikudad,,,Woreda,District,30907,
47,47,47,47,ETH.3.1.6_1,ETH,Ethiopia,ETH.3_1,Amhara,,ETH.3.1_1,Agew Awi,,Guangua,,,Woreda,District,30904,
48,48,48,48,ETH.3.1.7_1,ETH,Ethiopia,ETH.3_1,Amhara,,ETH.3.1_1,Agew Awi,,Jawi,,,Woreda,District,30906,
49,49,49,49,ETH.3.2.1_1,ETH,Ethiopia,ETH.3_1,Amhara,,ETH.3.2_1,Argoba,,Argoba,,,Woreda,District,31201,
50,50,50,50,ETH.3.3.1_1,ETH,Ethiopia,ETH.3_1,Amhara,,ETH.3.3_1,Bahir Dar Special Zone,,Bahir Dar,,,Woreda,District,31101,
51,51,51,51,ETH.3.4.1_1,ETH,Ethiopia,ETH.3_1,Amhara,,ETH.3.4_1,Debub Gondar,,Dera,,,Woreda,District,30209,
52,52,52,52,ETH.3.4.2_1,ETH,Ethiopia,ETH.3_1,Amhara,,ETH.3.4_1,Debub Gondar,,East Esite,,,Woreda,District,30208,
53,53,53,53,ETH.3.4.3_1,ETH,Ethiopia,ETH.3_1,Amhara,,ETH.3.4_1,Debub Gondar,,Ebenat,,,Woreda,District,30201,
54,54,54,54,ETH.3.4.4_1,ETH,Ethiopia,ETH.3_1,Amhara,,ETH.3.4_1,Debub Gondar,,Farta,,,Woreda,District,30204,
55,55,55,55,ETH.3.4.5_1,ETH,Ethiopia,ETH.3_1,Amhara,,ETH.3.4_1,Debub Gondar,,Fogera,,,Woreda,District,30203,
56,56,56,56,ETH.3.4.6_1,ETH,Ethiopia,ETH.3_1,Amhara,,ETH.3.4_1,Debub Gondar,,Lay Gayint,,,Woreda,District,30205,
57,57,57,57,ETH.3.4.7_1,ETH,Ethiopia,ETH.3_1,Amhara,,ETH.3.4_1,Debub Gondar,,Libo Kemkem,,,Woreda,District,30202,
58,58,58,58,ETH.3.4.8_1,ETH,Ethiopia,ETH.3_1,Amhara,,ETH.3.4_1,Debub Gondar,,Simada,,,Woreda,District,30207,
59,59,59,59,ETH.3.4.9_1,ETH,Ethiopia,ETH.3_1,Amhara,,ETH.3.4_1,Debub Gondar,,Tach Gayint,,,Woreda,District,30206,
60,60,60,60,ETH.3.4.10_1,ETH,Ethiopia,ETH.3_1,Amhara,,ETH.3.4_1,Debub Gondar,,West Esite,,,Woreda,District,30211,
61,61,61,61,ETH.3.5.1_1,ETH,Ethiopia,ETH.3_1,Amhara,,ETH.3.5_1,Debub Wollo,,Albuko,,,Woreda,District,30408,
62,62,62,62,ETH.3.5.2_1,ETH,Ethiopia,ETH.3_1,Amhara,,ETH.3.5_1,Debub Wollo,,Ambasel,,,Woreda,District,30404,
63,63,63,63,ETH.3.5.3_1,ETH,Ethiopia,ETH.3_1,Amhara,,ETH.3.5_1,Debub Wollo,,Debresina,,,Woreda,District,30412,
64,64,64,64,ETH.3.5.4_1,ETH,Ethiopia,ETH.3_1,Amhara,,ETH.3.5_1,Debub Wollo,,Dessie Zuria,,,Woreda,District,30409,
65,65,65,65,ETH.3.5.5_1,ETH,Ethiopia,ETH.3_1,Amhara,,ETH.3.5_1,Debub Wollo,,Jama,,,Woreda,District,30414,
66,66,66,66,ETH.3.5.6_1,ETH,Ethiopia,ETH.3_1,Amhara,,ETH.3.5_1,Debub Wollo,,Kalu,,,Woreda,District,30407,
67,67,67,67,ETH.3.5.7_1,ETH,Ethiopia,ETH.3_1,Amhara,,ETH.3.5_1,Debub Wollo,,Kelela,,,Woreda,District,30413,
68,68,68,68,ETH.3.5.8_1,ETH,Ethiopia,ETH.3_1,Amhara,,ETH.3.5_1,Debub Wollo,,Kutaber,,,Woreda,District,30403,
69,69,69,69,ETH.3.5.9_1,ETH,Ethiopia,ETH.3_1,Amhara,,ETH.3.5_1,Debub Wollo,,Legambo,,,Woreda,District,30410,
70,70,70,70,ETH.3.5.10_1,ETH,Ethiopia,ETH.3_1,Amhara,,ETH.3.5_1,Debub Wollo,,Legehida,,,Woreda,District,30420,
71,71,71,71,ETH.3.5.11_1,ETH,Ethiopia,ETH.3_1,Amhara,,ETH.3.5_1,Debub Wollo,,Mehal Sayint,,,Woreda,District,30419,
72,72,72,72,ETH.3.5.12_1,ETH,Ethiopia,ETH.3_1,Amhara,,ETH.3.5_1,Debub Wollo,,Mekdela,,,Woreda,District,30401,
73,73,73,73,ETH.3.5.13_1,ETH,Ethiopia,ETH.3_1,Amhara,,ETH.3.5_1,Debub Wollo,,Sayint,,,Woreda,District,30411,
74,74,74,74,ETH.3.5.14_1,ETH,Ethiopia,ETH.3_1,Amhara,,ETH.3.5_1,Debub Wollo,,Tenta,,,Woreda,District,30402,
75,75,75,75,ETH.3.5.15_1,ETH,Ethiopia,ETH.3_1,Amhara,,ETH.3.5_1,Debub Wollo,,Thehulederie,,,Woreda,District,30405,
76,76,76,76,ETH.3.5.16_1,ETH,Ethiopia,ETH.3_1,Amhara,,ETH.3.5_1,Debub Wollo,,Wegde,,,Woreda,District,30416,
77,77,77,77,ETH.3.5.17_1,ETH,Ethiopia,ETH.3_1,Amhara,,ETH.3.5_1,Debub Wollo,,Were Ilu,,,Woreda,District,30415,
78,78,78,78,ETH.3.5.18_1,ETH,Ethiopia,ETH.3_1,Amhara,,ETH.3.5_1,Debub Wollo,,Worebabu,,,Woreda,District,30406,
79,79,79,79,ETH.3.6.1_1,ETH,Ethiopia,ETH.3_1,Amhara,,ETH.3.6_1,Mirab Gojjam,,Bahir Dar Zuria,,,Woreda,District,30702,
80,80,80,80,ETH.3.6.2_1,ETH,Ethiopia,ETH.3_1,Amhara,,ETH.3.6_1,Mirab Gojjam,,Bure,,,Woreda,District,30710,
81,81,81,81,ETH.3.6.3_1,ETH,Ethiopia,ETH.3_1,Amhara,,ETH.3.6_1,Mirab Gojjam,,Debub Achefer,,,Woreda,District,30713,
82,82,82,82,ETH.3.6.4_1,ETH,Ethiopia,ETH.3_1,Amhara,,ETH.3.6_1,Mirab Gojjam,,Dega Damot,,,Woreda,District,30707,
83,83,83,83,ETH.3.6.5_1,ETH,Ethiopia,ETH.3_1,Amhara,,ETH.3.6_1,Mirab Gojjam,,Dembecha,,,Woreda,District,30708,
84,84,84,84,ETH.3.6.6_1,ETH,Ethiopia,ETH.3_1,Amhara,,ETH.3.6_1,Mirab Gojjam,,Jabi Tehnan,,,Woreda,District,30709,
85,85,85,85,ETH.3.6.7_1,ETH,Ethiopia,ETH.3_1,Amhara,,ETH.3.6_1,Mirab Gojjam,,Mecha,,,Woreda,District,30704,
86,86,86,86,ETH.3.6.8_1,ETH,Ethiopia,ETH.3_1,Amhara,,ETH.3.6_1,Mirab Gojjam,,Quarit,,,Woreda,District,30706,
87,87,87,87,ETH.3.6.9_1,ETH,Ethiopia,ETH.3_1,Amhara,,ETH.3.6_1,Mirab Gojjam,,Sekela,,,Woreda,District,30705,
88,88,88,88,ETH.3.6.10_1,ETH,Ethiopia,ETH.3_1,Amhara,,ETH.3.6_1,Mirab Gojjam,,Semen Achefer,,,Woreda,District,30701,
89,89,89,89,ETH.3.6.11_1,ETH,Ethiopia,ETH.3_1,Amhara,,ETH.3.6_1,Mirab Gojjam,,Wemberma,,,Woreda,District,30711,
90,90,90,90,ETH.3.6.12_1,ETH,Ethiopia,ETH.3_1,Amhara,,ETH.3.6_1,Mirab Gojjam,,Yilmana Densa,,,Woreda,District,30703,
91,91,91,91,ETH.3.7.1_1,ETH,Ethiopia,ETH.3_1,Amhara,,ETH.3.7_1,Misraq Gojjam,,Aneded,,,Woreda,District,30617,
92,92,92,92,ETH.3.7.2_1,ETH,Ethiopia,ETH.3_1,Amhara,,ETH.3.7_1,Misraq Gojjam,,Awabel,,,Woreda,District,30612,
93,93,93,93,ETH.3.7.3_1,ETH,Ethiopia,ETH.3_1,Amhara,,ETH.3.7_1,Misraq Gojjam,,Baso Liben,,,Woreda,District,30611,
94,94,94,94,ETH.3.7.4_1,ETH,Ethiopia,ETH.3_1,Amhara,,ETH.3.7_1,Misraq Gojjam,,Bibugn,,,Woreda,District,30601,
95,95,95,95,ETH.3.7.5_1,ETH,Ethiopia,ETH.3_1,Amhara,,ETH.3.7_1,Misraq Gojjam,,Debay Telatgen,,,Woreda,District,30607,
96,96,96,96,ETH.3.7.6_1,ETH,Ethiopia,ETH.3_1,Amhara,,ETH.3.7_1,Misraq Gojjam,,Debre Elias,,,Woreda,District,30608,
97,97,97,97,ETH.3.7.7_1,ETH,Ethiopia,ETH.3_1,Amhara,,ETH.3.7_1,Misraq Gojjam,,Dejen,,,Woreda,District,30613,
98,98,98,98,ETH.3.7.8_1,ETH,Ethiopia,ETH.3_1,Amhara,,ETH.3.7_1,Misraq Gojjam,,Enarj Enawga,,,Woreda,District,30605,
99,99,99,99,ETH.3.7.9_1,ETH,Ethiopia,ETH.3_1,Amhara,,ETH.3.7_1,Misraq Gojjam,,Enbise Sar Midir,,,Woreda,District,30604,
100,100,100,100,ETH.3.7.10_1,ETH,Ethiopia,ETH.3_1,Amhara,,ETH.3.7_1,Misraq Gojjam,,Enemay,,,Woreda,District,30606,
101,101,101,101,ETH.3.7.11_1,ETH,Ethiopia,ETH.3_1,Amhara,,ETH.3.7_1,Misraq Gojjam,,Goncha Siso Enese,,,Woreda,District,30603,
102,102,102,102,ETH.3.7.12_1,ETH,Ethiopia,ETH.3_1,Amhara,,ETH.3.7_1,Misraq Gojjam,,Gonje,,,Woreda,District,30618,
103,103,103,103,ETH.3.7.13_1,ETH,Ethiopia,ETH.3_1,Amhara,,ETH.3.7_1,Misraq Gojjam,,Guzamn,,,Woreda,District,30610,
104,104,104,104,ETH.3.7.14_1,ETH,Ethiopia,ETH.3_1,Amhara,,ETH.3.7_1,Misraq Gojjam,,Hulet Ej Enese,,,Woreda,District,30602,
105,105,105,105,ETH.3.7.15_1,ETH,Ethiopia,ETH.3_1,Amhara,,ETH.3.7_1,Misraq Gojjam,,Michakel,,,Woreda,District,30609,
106,106,106,106,ETH.3.7.16_1,ETH,Ethiopia,ETH.3_1,Amhara,,ETH.3.7_1,Misraq Gojjam,,Senan,,,Woreda,District,30616,
107,107,107,107,ETH.3.7.17_1,ETH,Ethiopia,ETH.3_1,Amhara,,ETH.3.7_1,Misraq Gojjam,,Shebel Bereta,,,Woreda,District,30614,
108,108,108,108,ETH.3.8.1_1,ETH,Ethiopia,ETH.3_1,Amhara,,ETH.3.8_1,North Shewa,,Angolelana Tera,,,Woreda,District,30513,
109,109,109,109,ETH.3.8.2_1,ETH,Ethiopia,ETH.3_1,Amhara,,ETH.3.8_1,North Shewa,,Ankober,,,Woreda,District,30515,
110,110,110,110,ETH.3.8.3_1,ETH,Ethiopia,ETH.3_1,Amhara,,ETH.3.8_1,North Shewa,,Antsokiya,,,Woreda,District,30507,
111,111,111,111,ETH.3.8.4_1,ETH,Ethiopia,ETH.3_1,Amhara,,ETH.3.8_1,North Shewa,,Assagirt,,,Woreda,District,30514,
112,112,112,112,ETH.3.8.5_1,ETH,Ethiopia,ETH.3_1,Amhara,,ETH.3.8_1,North Shewa,,Basona Worena,,,Woreda,District,30519,
113,113,113,113,ETH.3.8.6_1,ETH,Ethiopia,ETH.3_1,Amhara,,ETH.3.8_1,North Shewa,,Berehet,,,Woreda,District,30517,
114,114,114,114,ETH.3.8.7_1,ETH,Ethiopia,ETH.3_1,Amhara,,ETH.3.8_1,North Shewa,,Eferatana Gidem,,,Woreda,District,30508,
115,115,115,115,ETH.3.8.8_1,ETH,Ethiopia,ETH.3_1,Amhara,,ETH.3.8_1,North Shewa,,Ensaro,,,Woreda,District,30503,
116,116,116,116,ETH.3.8.9_1,ETH,Ethiopia,ETH.3_1,Amhara,,ETH.3.8_1,North Shewa,,Gishe Rabel,,,Woreda,District,30506,
117,117,117,117,ETH.3.8.10_1,ETH,Ethiopia,ETH.3_1,Amhara,,ETH.3.8_1,North Shewa,,Hagere Mariam,,,Woreda,District,30516,
118,118,118,118,ETH.3.8.11_1,ETH,Ethiopia,ETH.3_1,Amhara,,ETH.3.8_1,North Shewa,,Kewet,,,Woreda,District,30512,
119,119,119,119,ETH.3.8.12_1,ETH,Ethiopia,ETH.3_1,Amhara,,ETH.3.8_1,North Shewa,,Menz Gera Midir,,,Woreda,District,30505,
120,120,120,120,ETH.3.8.13_1,ETH,Ethiopia,ETH.3_1,Amhara,,ETH.3.8_1,North Shewa,,Menz Keya Gabriel,,,Woreda,District,30521,
121,121,121,121,ETH.3.8.14_1,ETH,Ethiopia,ETH.3_1,Amhara,,ETH.3.8_1,North Shewa,,Menz Lalo Midir,,,Woreda,District,30522,
122,122,122,122,ETH.3.8.15_1,ETH,Ethiopia,ETH.3_1,Amhara,,ETH.3.8_1,North Shewa,,Menz Mama Midir,,,Woreda,District,30509,
123,123,123,123,ETH.3.8.16_1,ETH,Ethiopia,ETH.3_1,Amhara,,ETH.3.8_1,North Shewa,,Merahbete,,,Woreda,District,30502,
124,124,124,124,ETH.3.8.17_1,ETH,Ethiopia,ETH.3_1,Amhara,,ETH.3.8_1,North Shewa,,Mimo Weremo,,,Woreda,District,30501,
125,125,125,125,ETH.3.8.18_1,ETH,Ethiopia,ETH.3_1,Amhara,,ETH.3.8_1,North Shewa,,Minjar Shenkora,,,Woreda,District,30518,
126,126,126,126,ETH.3.8.19_1,ETH,Ethiopia,ETH.3_1,Amhara,,ETH.3.8_1,North Shewa,,Mojan Wedera,,,Woreda,District,30511,
127,127,127,127,ETH.3.8.20_1,ETH,Ethiopia,ETH.3_1,Amhara,,ETH.3.8_1,North Shewa,,Moretna Jiru,,,Woreda,District,30504,
128,128,128,128,ETH.3.8.21_1,ETH,Ethiopia,ETH.3_1,Amhara,,ETH.3.8_1,North Shewa,,Siya Debirna Wayu,,,Woreda,District,30523,
129,129,129,129,ETH.3.8.22_1,ETH,Ethiopia,ETH.3_1,Amhara,,ETH.3.8_1,North Shewa,,Tarema Ber,,,Woreda,District,30510,
130,130,130,130,ETH.3.9.1_1,ETH,Ethiopia,ETH.3_1,Amhara,,ETH.3.9_1,Oromia,,Artuma Fursi,,,Woreda,District,31004,
131,131,131,131,ETH.3.9.2_1,ETH,Ethiopia,ETH.3_1,Amhara,,ETH.3.9_1,Oromia,,Bati,,,Woreda,District,31002,
132,132,132,132,ETH.3.9.3_1,ETH,Ethiopia,ETH.3_1,Amhara,,ETH.3.9_1,Oromia,,Dewa Cheffa,,,Woreda,District,31001,
133,133,133,133,ETH.3.9.4_1,ETH,Ethiopia,ETH.3_1,Amhara,,ETH.3.9_1,Oromia,,Dewa Harewa,,,Woreda,District,31005,
134,134,134,134,ETH.3.9.5_1,ETH,Ethiopia,ETH.3_1,Amhara,,ETH.3.9_1,Oromia,,Jille Timuga,,,Woreda,District,31003,
135,135,135,135,ETH.3.10.1_1,ETH,Ethiopia,ETH.3_1,Amhara,,ETH.3.10_1,Semen Gondar,,Addi Arekay,,,Woreda,District,30101,
136,136,136,136,ETH.3.10.2_1,ETH,Ethiopia,ETH.3_1,Amhara,,ETH.3.10_1,Semen Gondar,,Alfa,,,Woreda,District,30115,
137,137,137,137,ETH.3.10.3_1,ETH,Ethiopia,ETH.3_1,Amhara,,ETH.3.10_1,Semen Gondar,,Beyeda,,,Woreda,District,30102,
138,138,138,138,ETH.3.10.4_1,ETH,Ethiopia,ETH.3_1,Amhara,,ETH.3.10_1,Semen Gondar,,Chilga,,,Woreda,District,30112,
139,139,139,139,ETH.3.10.5_1,ETH,Ethiopia,ETH.3_1,Amhara,,ETH.3.10_1,Semen Gondar,,Dabat,,,Woreda,District,30105,
140,140,140,140,ETH.3.10.6_1,ETH,Ethiopia,ETH.3_1,Amhara,,ETH.3.10_1,Semen Gondar,,Debark,,,Woreda,District,30104,
141,141,141,141,ETH.3.10.7_1,ETH,Ethiopia,ETH.3_1,Amhara,,ETH.3.10_1,Semen Gondar,,Dembia,,,Woreda,District,30111,
142,142,142,142,ETH.3.10.8_1,ETH,Ethiopia,ETH.3_1,Amhara,,ETH.3.10_1,Semen Gondar,,East Belesa,,,Woreda,District,30117,
143,143,143,143,ETH.3.10.9_1,ETH,Ethiopia,ETH.3_1,Amhara,,ETH.3.10_1,Semen Gondar,,Gonder Zuria,,,Woreda,District,30110,
144,144,144,144,ETH.3.10.10_1,ETH,Ethiopia,ETH.3_1,Amhara,,ETH.3.10_1,Semen Gondar,,Janamora,,,Woreda,District,30103,
145,145,145,145,ETH.3.10.11_1,ETH,Ethiopia,ETH.3_1,Amhara,,ETH.3.10_1,Semen Gondar,,Lay Armacho,,,Woreda,District,30108,
146,146,146,146,ETH.3.10.12_1,ETH,Ethiopia,ETH.3_1,Amhara,,ETH.3.10_1,Semen Gondar,,Metema,,,Woreda,District,30113,
147,147,147,147,ETH.3.10.13_1,ETH,Ethiopia,ETH.3_1,Amhara,,ETH.3.10_1,Semen Gondar,,Mirab Armacho,,,Woreda,District,30106,
148,148,148,148,ETH.3.10.14_1,ETH,Ethiopia,ETH.3_1,Amhara,,ETH.3.10_1,Semen Gondar,,Quara,,,Woreda,District,30114,
149,149,149,149,ETH.3.10.15_1,ETH,Ethiopia,ETH.3_1,Amhara,,ETH.3.10_1,Semen Gondar,,Tach Armacho,,,Woreda,District,30120,
150,150,150,150,ETH.3.10.16_1,ETH,Ethiopia,ETH.3_1,Amhara,,ETH.3.10_1,Semen Gondar,,Takusa,,,Woreda,District,30121,
151,151,151,151,ETH.3.10.17_1,ETH,Ethiopia,ETH.3_1,Amhara,,ETH.3.10_1,Semen Gondar,,Tsegede,,,Woreda,District,30107,
152,152,152,152,ETH.3.10.18_1,ETH,Ethiopia,ETH.3_1,Amhara,,ETH.3.10_1,Semen Gondar,,Tselemt,,,Woreda,District,30119,
153,153,153,153,ETH.3.10.19_1,ETH,Ethiopia,ETH.3_1,Amhara,,ETH.3.10_1,Semen Gondar,,Wegera,,,Woreda,District,30109,
154,154,154,154,ETH.3.10.20_1,ETH,Ethiopia,ETH.3_1,Amhara,,ETH.3.10_1,Semen Gondar,,West Belesa,,,Woreda,District,30116,
155,155,155,155,ETH.3.11.1_1,ETH,Ethiopia,ETH.3_1,Amhara,,ETH.3.11_1,Semen Wello,,Bugna,,,Woreda,District,30301,
156,156,156,156,ETH.3.11.2_1,ETH,Ethiopia,ETH.3_1,Amhara,,ETH.3.11_1,Semen Wello,,Dawunt,,,Woreda,District,30311,
157,157,157,157,ETH.3.11.3_1,ETH,Ethiopia,ETH.3_1,Amhara,,ETH.3.11_1,Semen Wello,,Delanta,,,Woreda,District,30306,
158,158,158,158,ETH.3.11.4_1,ETH,Ethiopia,ETH.3_1,Amhara,,ETH.3.11_1,Semen Wello,,Gidan,,,Woreda,District,30303,
159,159,159,159,ETH.3.11.5_1,ETH,Ethiopia,ETH.3_1,Amhara,,ETH.3.11_1,Semen Wello,,Guba Lafto,,,Woreda,District,30307,
160,160,160,160,ETH.3.11.6_1,ETH,Ethiopia,ETH.3_1,Amhara,,ETH.3.11_1,Semen Wello,,Habru,,,Woreda,District,30308,
161,161,161,161,ETH.3.11.7_1,ETH,Ethiopia,ETH.3_1,Amhara,,ETH.3.11_1,Semen Wello,,Kobo,,,Woreda,District,30302,
162,162,162,162,ETH.3.11.8_1,ETH,Ethiopia,ETH.3_1,Amhara,,ETH.3.11_1,Semen Wello,,Lasta,,,Woreda,District,30310,
163,163,163,163,ETH.3.11.9_1,ETH,Ethiopia,ETH.3_1,Amhara,,ETH.3.11_1,Semen Wello,,Meket,,,Woreda,District,30304,
164,164,164,164,ETH.3.11.10_1,ETH,Ethiopia,ETH.3_1,Amhara,,ETH.3.11_1,Semen Wello,,Wadla,,,Woreda,District,30305,
165,165,165,165,ETH.3.12.1_1,ETH,Ethiopia,ETH.3_1,Amhara,,ETH.3.12_1,Wag Himra,,Abergele,,,Woreda,District,30805,
166,166,166,166,ETH.3.12.2_1,ETH,Ethiopia,ETH.3_1,Amhara,,ETH.3.12_1,Wag Himra,,Dehana,,,Woreda,District,30803,
167,167,167,167,ETH.3.12.3_1,ETH,Ethiopia,ETH.3_1,Amhara,,ETH.3.12_1,Wag Himra,,Gaz Gibla,,,Woreda,District,30804,
168,168,168,168,ETH.3.12.4_1,ETH,Ethiopia,ETH.3_1,Amhara,,ETH.3.12_1,Wag Himra,,Sahla,,,Woreda,District,30806,
169,169,169,169,ETH.3.12.5_1,ETH,Ethiopia,ETH.3_1,Amhara,,ETH.3.12_1,Wag Himra,,Sekota,,,Woreda,District,30802,
170,170,170,170,ETH.3.12.6_1,ETH,Ethiopia,ETH.3_1,Amhara,,ETH.3.12_1,Wag Himra,,Ziquala,,,Woreda,District,30801,
171,171,171,171,ETH.4.1.1_1,ETH,Ethiopia,ETH.4_1,Benshangul Gumaz,,ETH.4.1_1,Asosa,,Assosa,,,Woreda,District,60303,
172,172,172,172,ETH.4.1.2_1,ETH,Ethiopia,ETH.4_1,Benshangul Gumaz,,ETH.4.1_1,Asosa,,Bambasi,,,Woreda,District,60305,
173,173,173,173,ETH.4.1.3_1,ETH,Ethiopia,ETH.4_1,Benshangul Gumaz,,ETH.4.1_1,Asosa,,Bilidigilu,,,Woreda,District,60306,
174,174,174,174,ETH.4.1.4_1,ETH,Ethiopia,ETH.4_1,Benshangul Gumaz,,ETH.4.1_1,Asosa,,Homosha,,,Woreda,District,60307,
175,175,175,175,ETH.4.1.5_1,ETH,Ethiopia,ETH.4_1,Benshangul Gumaz,,ETH.4.1_1,Asosa,,Kurmuk,,,Woreda,District,60302,
176,176,176,176,ETH.4.1.6_1,ETH,Ethiopia,ETH.4_1,Benshangul Gumaz,,ETH.4.1_1,Asosa,,Maokomo Special,,,Woreda,District,60308,
177,177,177,177,ETH.4.1.7_1,ETH,Ethiopia,ETH.4_1,Benshangul Gumaz,,ETH.4.1_1,Asosa,,Menge,,,Woreda,District,60301,
178,178,178,178,ETH.4.1.8_1,ETH,Ethiopia,ETH.4_1,Benshangul Gumaz,,ETH.4.1_1,Asosa,,Sherkole,,,Woreda,District,60304,
179,179,179,179,ETH.4.2.1_1,ETH,Ethiopia,ETH.4_1,Benshangul Gumaz,,ETH.4.2_1,Kemashi,,Agalometi,,,Woreda,District,60404,
180,180,180,180,ETH.4.2.2_1,ETH,Ethiopia,ETH.4_1,Benshangul Gumaz,,ETH.4.2_1,Kemashi,,Bio Jiganifado,,,Woreda,District,60405,
181,181,181,181,ETH.4.2.3_1,ETH,Ethiopia,ETH.4_1,Benshangul Gumaz,,ETH.4.2_1,Kemashi,,Kamashi,,,Woreda,District,60403,
182,182,182,182,ETH.4.2.4_1,ETH,Ethiopia,ETH.4_1,Benshangul Gumaz,,ETH.4.2_1,Kemashi,,Sirba Abay,,,Woreda,District,60402,
183,183,183,183,ETH.4.2.5_1,ETH,Ethiopia,ETH.4_1,Benshangul Gumaz,,ETH.4.2_1,Kemashi,,Yaso,,,Woreda,District,60401,
184,184,184,184,ETH.4.3.1_1,ETH,Ethiopia,ETH.4_1,Benshangul Gumaz,,ETH.4.3_1,Metekel,,Bulen,,,Woreda,District,60207,
185,185,185,185,ETH.4.3.2_1,ETH,Ethiopia,ETH.4_1,Benshangul Gumaz,,ETH.4.3_1,Metekel,,Dangura,,,Woreda,District,60201,
186,186,186,186,ETH.4.3.3_1,ETH,Ethiopia,ETH.4_1,Benshangul Gumaz,,ETH.4.3_1,Metekel,,Dibat,,,Woreda,District,60205,
187,187,187,187,ETH.4.3.4_1,ETH,Ethiopia,ETH.4_1,Benshangul Gumaz,,ETH.4.3_1,Metekel,,Guba,,,Woreda,District,60202,
188,188,188,188,ETH.4.3.5_1,ETH,Ethiopia,ETH.4_1,Benshangul Gumaz,,ETH.4.3_1,Metekel,,Mandura,,,Woreda,District,60204,
189,189,189,189,ETH.4.3.6_1,ETH,Ethiopia,ETH.4_1,Benshangul Gumaz,,ETH.4.3_1,Metekel,,Pawe Special,,,Woreda,District,60206,
190,190,190,190,ETH.4.3.7_1,ETH,Ethiopia,ETH.4_1,Benshangul Gumaz,,ETH.4.3_1,Metekel,,Wenbera,,,Woreda,District,60203,
191,191,191,191,ETH.5.1.1_1,ETH,Ethiopia,ETH.5_1,Dire Dawa,,ETH.5.1_1,Dire Dawa,,Dire Dawa,,,Woreda,District,150102,
192,192,192,192,ETH.5.1.2_1,ETH,Ethiopia,ETH.5_1,Dire Dawa,,ETH.5.1_1,Dire Dawa,,Dire Dawa/Town,,,Woreda,District,150101,
193,193,193,193,ETH.6.1.1_1,ETH,Ethiopia,ETH.6_1,Gambela Peoples,,ETH.6.1_1,Agnuak,,Abobo,,,Woreda,District,120201,
194,194,194,194,ETH.6.1.2_1,ETH,Ethiopia,ETH.6_1,Gambela Peoples,,ETH.6.1_1,Agnuak,,Dima,,,Woreda,District,120205,
195,195,195,195,ETH.6.1.3_1,ETH,Ethiopia,ETH.6_1,Gambela Peoples,,ETH.6.1_1,Agnuak,,Gambela Zuria,,,Woreda,District,120202,
196,196,196,196,ETH.6.1.4_1,ETH,Ethiopia,ETH.6_1,Gambela Peoples,,ETH.6.1_1,Agnuak,,Gambella Wild Life Reserve,,,Other,Other,120200,
197,197,197,197,ETH.6.1.5_1,ETH,Ethiopia,ETH.6_1,Gambela Peoples,,ETH.6.1_1,Agnuak,,Gog,,,Woreda,District,120203,
198,198,198,198,ETH.6.1.6_1,ETH,Ethiopia,ETH.6_1,Gambela Peoples,,ETH.6.1_1,Agnuak,,Itang,,,Woreda,District,120207,
199,199,199,199,ETH.6.1.7_1,ETH,Ethiopia,ETH.6_1,Gambela Peoples,,ETH.6.1_1,Agnuak,,Jore,,,Woreda,District,120204,
200,200,200,200,ETH.6.2.1_1,ETH,Ethiopia,ETH.6_1,Gambela Peoples,,ETH.6.2_1,Majang,,Godere,,,Woreda,District,120301,
201,201,201,201,ETH.6.2.2_1,ETH,Ethiopia,ETH.6_1,Gambela Peoples,,ETH.6.2_1,Majang,,Mengesh,,,Woreda,District,120308,
202,202,202,202,ETH.6.3.1_1,ETH,Ethiopia,ETH.6_1,Gambela Peoples,,ETH.6.3_1,Nuer,,Akobo,,,Woreda,District,120101,
203,203,203,203,ETH.6.3.2_1,ETH,Ethiopia,ETH.6_1,Gambela Peoples,,ETH.6.3_1,Nuer,,Jikawo,,,Woreda,District,120103,
204,204,204,204,ETH.6.3.3_1,ETH,Ethiopia,ETH.6_1,Gambela Peoples,,ETH.6.3_1,Nuer,,Lare,,,Woreda,District,120102,
205,205,205,205,ETH.6.3.4_1,ETH,Ethiopia,ETH.6_1,Gambela Peoples,,ETH.6.3_1,Nuer,,Wantawo,,,Woreda,District,120104,
206,206,206,206,ETH.7.1.1_1,ETH,Ethiopia,ETH.7_1,Harari People,,ETH.7.1_1,Hareri,,Harar,,,Woreda,District,130101,
207,207,207,207,ETH.8.1.1_1,ETH,Ethiopia,ETH.8_1,Oromia,,ETH.8.1_1,Arsi,,Amigna,,,Woreda,District,40810,
208,208,208,208,ETH.8.1.2_1,ETH,Ethiopia,ETH.8_1,Oromia,,ETH.8.1_1,Arsi,,Aseko,,,Woreda,District,40802,
209,209,209,209,ETH.8.1.3_1,ETH,Ethiopia,ETH.8_1,Oromia,,ETH.8.1_1,Arsi,,Bele Gesgar,,,Woreda,District,40823,
210,210,210,210,ETH.8.1.4_1,ETH,Ethiopia,ETH.8_1,Oromia,,ETH.8.1_1,Arsi,,Chole,,,Woreda,District,40809,
211,211,211,211,ETH.8.1.5_1,ETH,Ethiopia,ETH.8_1,Oromia,,ETH.8.1_1,Arsi,,Degeluna Tijo,,,Woreda,District,40815,
212,212,212,212,ETH.8.1.6_1,ETH,Ethiopia,ETH.8_1,Oromia,,ETH.8.1_1,Arsi,,Diksis,,,Woreda,District,40822,
213,213,213,213,ETH.8.1.7_1,ETH,Ethiopia,ETH.8_1,Oromia,,ETH.8.1_1,Arsi,,Dodota,,,Woreda,District,40805,
214,214,214,214,ETH.8.1.8_1,ETH,Ethiopia,ETH.8_1,Oromia,,ETH.8.1_1,Arsi,,Gololcha Arsi,,,Woreda,District,40803,
215,215,215,215,ETH.8.1.9_1,ETH,Ethiopia,ETH.8_1,Oromia,,ETH.8.1_1,Arsi,,Guna,,,Woreda,District,40819,
216,216,216,216,ETH.8.1.10_1,ETH,Ethiopia,ETH.8_1,Oromia,,ETH.8.1_1,Arsi,,Hitosa,,,Woreda,District,40807,
217,217,217,217,ETH.8.1.11_1,ETH,Ethiopia,ETH.8_1,Oromia,,ETH.8.1_1,Arsi,,Inkolo Wabe,,,Woreda,District,40824,
218,218,218,218,ETH.8.1.12_1,ETH,Ethiopia,ETH.8_1,Oromia,,ETH.8.1_1,Arsi,,Jeju,,,Woreda,District,40804,
219,219,219,219,ETH.8.1.13_1,ETH,Ethiopia,ETH.8_1,Oromia,,ETH.8.1_1,Arsi,,Limu Bilbilo,,,Woreda,District,40818,
220,220,220,220,ETH.8.1.14_1,ETH,Ethiopia,ETH.8_1,Oromia,,ETH.8.1_1,Arsi,,Lude Hitosa,,,Woreda,District,40821,
221,221,221,221,ETH.8.1.15_1,ETH,Ethiopia,ETH.8_1,Oromia,,ETH.8.1_1,Arsi,,Merti,,,Woreda,District,40801,
222,222,222,222,ETH.8.1.16_1,ETH,Ethiopia,ETH.8_1,Oromia,,ETH.8.1_1,Arsi,,Munessa,,,Woreda,District,40817,
223,223,223,223,ETH.8.1.17_1,ETH,Ethiopia,ETH.8_1,Oromia,,ETH.8.1_1,Arsi,,Robe,,,Woreda,District,40812,
224,224,224,224,ETH.8.1.18_1,ETH,Ethiopia,ETH.8_1,Oromia,,ETH.8.1_1,Arsi,,Seru,,,Woreda,District,40811,
225,225,225,225,ETH.8.1.19_1,ETH,Ethiopia,ETH.8_1,Oromia,,ETH.8.1_1,Arsi,,Shirka,,,Woreda,District,40814,
226,226,226,226,ETH.8.1.20_1,ETH,Ethiopia,ETH.8_1,Oromia,,ETH.8.1_1,Arsi,,Sire,,,Woreda,District,40820,
227,227,227,227,ETH.8.1.21_1,ETH,Ethiopia,ETH.8_1,Oromia,,ETH.8.1_1,Arsi,,Sude,,,Woreda,District,40808,
228,228,228,228,ETH.8.1.22_1,ETH,Ethiopia,ETH.8_1,Oromia,,ETH.8.1_1,Arsi,,Tena,,,Woreda,District,40813,
229,229,229,229,ETH.8.1.23_1,ETH,Ethiopia,ETH.8_1,Oromia,,ETH.8.1_1,Arsi,,Tiyo,,,Woreda,District,40816,
230,230,230,230,ETH.8.1.24_1,ETH,Ethiopia,ETH.8_1,Oromia,,ETH.8.1_1,Arsi,,Ziway Dugda,,,Woreda,District,40806,
231,231,231,231,ETH.8.2.1_1,ETH,Ethiopia,ETH.8_1,Oromia,,ETH.8.2_1,Bale,,Agarfa,,,Woreda,District,41104,
232,232,232,232,ETH.8.2.2_1,ETH,Ethiopia,ETH.8_1,Oromia,,ETH.8.2_1,Bale,,Berbere,,,Woreda,District,41114,
233,233,233,233,ETH.8.2.3_1,ETH,Ethiopia,ETH.8_1,Oromia,,ETH.8.2_1,Bale,,Dawe Kachen,,,Woreda,District,41121,
234,234,234,234,ETH.8.2.4_1,ETH,Ethiopia,ETH.8_1,Oromia,,ETH.8.2_1,Bale,,Dinsho,,,Woreda,District,41122,
235,235,235,235,ETH.8.2.5_1,ETH,Ethiopia,ETH.8_1,Oromia,,ETH.8.2_1,Bale,,Gasera,,,Woreda,District,41106,
236,236,236,236,ETH.8.2.6_1,ETH,Ethiopia,ETH.8_1,Oromia,,ETH.8.2_1,Bale,,Ginir,,,Woreda,District,41108,
237,237,237,237,ETH.8.2.7_1,ETH,Ethiopia,ETH.8_1,Oromia,,ETH.8.2_1,Bale,,Goba,,,Woreda,District,41110,
238,238,238,238,ETH.8.2.8_1,ETH,Ethiopia,ETH.8_1,Oromia,,ETH.8.2_1,Bale,,Gololcha Bale,,,Woreda,District,41105,
239,239,239,239,ETH.8.2.9_1,ETH,Ethiopia,ETH.8_1,Oromia,,ETH.8.2_1,Bale,,Goro,,,Woreda,District,41116,
240,240,240,240,ETH.8.2.10_1,ETH,Ethiopia,ETH.8_1,Oromia,,ETH.8.2_1,Bale,,Gura Damole,,,Woreda,District,41115,
241,241,241,241,ETH.8.2.11_1,ETH,Ethiopia,ETH.8_1,Oromia,,ETH.8.2_1,Bale,,Harena Buluk,,,Woreda,District,41111,
242,242,242,242,ETH.8.2.12_1,ETH,Ethiopia,ETH.8_1,Oromia,,ETH.8.2_1,Bale,,Lege Hida,,,Woreda,District,41107,
243,243,243,243,ETH.8.2.13_1,ETH,Ethiopia,ETH.8_1,Oromia,,ETH.8.2_1,Bale,,Meda Welabu,,,Woreda,District,41113,
244,244,244,244,ETH.8.2.14_1,ETH,Ethiopia,ETH.8_1,Oromia,,ETH.8.2_1,Bale,,Mena,,,Woreda,District,41112,
245,245,245,245,ETH.8.2.15_1,ETH,Ethiopia,ETH.8_1,Oromia,,ETH.8.2_1,Bale,,Rayitu,,,Woreda,District,41117,
246,246,246,246,ETH.8.2.16_1,ETH,Ethiopia,ETH.8_1,Oromia,,ETH.8.2_1,Bale,,Seweyna,,,Woreda,District,41118,
247,247,247,247,ETH.8.2.17_1,ETH,Ethiopia,ETH.8_1,Oromia,,ETH.8.2_1,Bale,,Sinana,,,Woreda,District,41109,
248,248,248,248,ETH.8.3.1_1,ETH,Ethiopia,ETH.8_1,Oromia,,ETH.8.3_1,Borena,,Abaya,,,Woreda,District,41213,
249,249,249,249,ETH.8.3.2_1,ETH,Ethiopia,ETH.8_1,Oromia,,ETH.8.3_1,Borena,,Arero,,,Woreda,District,41208,
250,250,250,250,ETH.8.3.3_1,ETH,Ethiopia,ETH.8_1,Oromia,,ETH.8.3_1,Borena,,Bule Hora,,,Woreda,District,41206,
251,251,251,251,ETH.8.3.4_1,ETH,Ethiopia,ETH.8_1,Oromia,,ETH.8.3_1,Borena,,Dehas,,,Woreda,District,41220,
252,252,252,252,ETH.8.3.5_1,ETH,Ethiopia,ETH.8_1,Oromia,,ETH.8.3_1,Borena,,Dillo,,,Woreda,District,41219,
253,253,253,253,ETH.8.3.6_1,ETH,Ethiopia,ETH.8_1,Oromia,,ETH.8.3_1,Borena,,Dire,,,Woreda,District,41211,
254,254,254,254,ETH.8.3.7_1,ETH,Ethiopia,ETH.8_1,Oromia,,ETH.8.3_1,Borena,,Dugda Dawa,,,Woreda,District,41215,
255,255,255,255,ETH.8.3.8_1,ETH,Ethiopia,ETH.8_1,Oromia,,ETH.8.3_1,Borena,,Gelana,,,Woreda,District,41217,
256,256,256,256,ETH.8.3.9_1,ETH,Ethiopia,ETH.8_1,Oromia,,ETH.8.3_1,Borena,,Melka Soda,,,Woreda,District,41218,
257,257,257,257,ETH.8.3.10_1,ETH,Ethiopia,ETH.8_1,Oromia,,ETH.8.3_1,Borena,,Miyo,,,Woreda,District,41216,
258,258,258,258,ETH.8.3.11_1,ETH,Ethiopia,ETH.8_1,Oromia,,ETH.8.3_1,Borena,,Moyale,,,Woreda,District,41210,
259,259,259,259,ETH.8.3.12_1,ETH,Ethiopia,ETH.8_1,Oromia,,ETH.8.3_1,Borena,,Teltele,,,Woreda,District,41212,
260,260,260,260,ETH.8.3.13_1,ETH,Ethiopia,ETH.8_1,Oromia,,ETH.8.3_1,Borena,,Yabelo,,,Woreda,District,41207,
261,261,261,261,ETH.8.4.1_1,ETH,Ethiopia,ETH.8_1,Oromia,,ETH.8.4_1,Debub Mirab Shewa,,Alem Gena,,,Woreda,District,41306,
262,262,262,262,ETH.8.4.2_1,ETH,Ethiopia,ETH.8_1,Oromia,,ETH.8.4_1,Debub Mirab Shewa,,Ameya,,,Woreda,District,41301,
263,263,263,263,ETH.8.4.3_1,ETH,Ethiopia,ETH.8_1,Oromia,,ETH.8.4_1,Debub Mirab Shewa,,Becho,,,Woreda,District,41309,
264,264,264,264,ETH.8.4.4_1,ETH,Ethiopia,ETH.8_1,Oromia,,ETH.8.4_1,Debub Mirab Shewa,,Dawo,,,Woreda,District,41304,
265,265,265,265,ETH.8.4.5_1,ETH,Ethiopia,ETH.8_1,Oromia,,ETH.8.4_1,Debub Mirab Shewa,,Goro,,,Woreda,District,41312,
266,266,266,266,ETH.8.4.6_1,ETH,Ethiopia,ETH.8_1,Oromia,,ETH.8.4_1,Debub Mirab Shewa,,Ilu,,,Woreda,District,41305,
267,267,267,267,ETH.8.4.7_1,ETH,Ethiopia,ETH.8_1,Oromia,,ETH.8.4_1,Debub Mirab Shewa,,Kersana Malima,,,Woreda,District,41307,
268,268,268,268,ETH.8.4.8_1,ETH,Ethiopia,ETH.8_1,Oromia,,ETH.8.4_1,Debub Mirab Shewa,,Kondaltiti,,,Woreda,District,41313,
269,269,269,269,ETH.8.4.9_1,ETH,Ethiopia,ETH.8_1,Oromia,,ETH.8.4_1,Debub Mirab Shewa,,Seden Sodo,,,Woreda,District,41310,
270,270,270,270,ETH.8.4.10_1,ETH,Ethiopia,ETH.8_1,Oromia,,ETH.8.4_1,Debub Mirab Shewa,,Sodo Daci,,,Woreda,District,41314,
271,271,271,271,ETH.8.4.11_1,ETH,Ethiopia,ETH.8_1,Oromia,,ETH.8.4_1,Debub Mirab Shewa,,Tole,,,Woreda,District,41308,
272,272,272,272,ETH.8.4.12_1,ETH,Ethiopia,ETH.8_1,Oromia,,ETH.8.4_1,Debub Mirab Shewa,,Waliso,,,Woreda,District,41303,
273,273,273,273,ETH.8.4.13_1,ETH,Ethiopia,ETH.8_1,Oromia,,ETH.8.4_1,Debub Mirab Shewa,,Wenchi,,,Woreda,District,41302,
274,274,274,274,ETH.8.5.1_1,ETH,Ethiopia,ETH.8_1,Oromia,,ETH.8.5_1,Guji,,Adola,,,Woreda,District,41403,
275,275,275,275,ETH.8.5.2_1,ETH,Ethiopia,ETH.8_1,Oromia,,ETH.8.5_1,Guji,,Afele Kola,Dima,,Woreda,District,41408,
276,276,276,276,ETH.8.5.3_1,ETH,Ethiopia,ETH.8_1,Oromia,,ETH.8.5_1,Guji,,Ana Sora,,,Woreda,District,41411,
277,277,277,277,ETH.8.5.4_1,ETH,Ethiopia,ETH.8_1,Oromia,,ETH.8.5_1,Guji,,Bore,,,Woreda,District,41402,
278,278,278,278,ETH.8.5.5_1,ETH,Ethiopia,ETH.8_1,Oromia,,ETH.8.5_1,Guji,,Girja(Harenfema),,,Woreda,District,41410,
279,279,279,279,ETH.8.5.6_1,ETH,Ethiopia,ETH.8_1,Oromia,,ETH.8.5_1,Guji,,Goro Dola,,,Woreda,District,41413,
280,280,280,280,ETH.8.5.7_1,ETH,Ethiopia,ETH.8_1,Oromia,,ETH.8.5_1,Guji,,Hambela Wamena,,,Woreda,District,41409,
281,281,281,281,ETH.8.5.8_1,ETH,Ethiopia,ETH.8_1,Oromia,,ETH.8.5_1,Guji,,Kercha,,,Woreda,District,41406,
282,282,282,282,ETH.8.5.9_1,ETH,Ethiopia,ETH.8_1,Oromia,,ETH.8.5_1,Guji,,Liben,,,Woreda,District,41407,
283,283,283,283,ETH.8.5.10_1,ETH,Ethiopia,ETH.8_1,Oromia,,ETH.8.5_1,Guji,,Odo Shakiso,,,Woreda,District,41405,
284,284,284,284,ETH.8.5.11_1,ETH,Ethiopia,ETH.8_1,Oromia,,ETH.8.5_1,Guji,,Saba Boru,,,Woreda,District,41412,
285,285,285,285,ETH.8.5.12_1,ETH,Ethiopia,ETH.8_1,Oromia,,ETH.8.5_1,Guji,,Uraga,,,Woreda,District,41401,
286,286,286,286,ETH.8.5.13_1,ETH,Ethiopia,ETH.8_1,Oromia,,ETH.8.5_1,Guji,,Wadera,,,Woreda,District,41404,
287,287,287,287,ETH.8.6.1_1,ETH,Ethiopia,ETH.8_1,Oromia,,ETH.8.6_1,Horo Guduru,,Ababo,,,Woreda,District,41904,
288,288,288,288,ETH.8.6.2_1,ETH,Ethiopia,ETH.8_1,Oromia,,ETH.8.6_1,Horo Guduru,,Abay Chomen,,,Woreda,District,41905,
289,289,289,289,ETH.8.6.3_1,ETH,Ethiopia,ETH.8_1,Oromia,,ETH.8.6_1,Horo Guduru,,Abe Dongoro,,,Woreda,District,41910,
290,290,290,290,ETH.8.6.4_1,ETH,Ethiopia,ETH.8_1,Oromia,,ETH.8.6_1,Horo Guduru,,Amuru,,,Woreda,District,41909,
291,291,291,291,ETH.8.6.5_1,ETH,Ethiopia,ETH.8_1,Oromia,,ETH.8.6_1,Horo Guduru,,Guduru,,,Woreda,District,41903,
292,292,292,292,ETH.8.6.6_1,ETH,Ethiopia,ETH.8_1,Oromia,,ETH.8.6_1,Horo Guduru,,Horo,,,Woreda,District,41901,
293,293,293,293,ETH.8.6.7_1,ETH,Ethiopia,ETH.8_1,Oromia,,ETH.8.6_1,Horo Guduru,,Jarte Jardega,,,Woreda,District,41908,
294,294,294,294,ETH.8.6.8_1,ETH,Ethiopia,ETH.8_1,Oromia,,ETH.8.6_1,Horo Guduru,,Jimma Genete,,,Woreda,District,41906,
295,295,295,295,ETH.8.6.9_1,ETH,Ethiopia,ETH.8_1,Oromia,,ETH.8.6_1,Horo Guduru,,Jimma Rare,,,Woreda,District,41907,
296,296,296,296,ETH.8.7.1_1,ETH,Ethiopia,ETH.8_1,Oromia,,ETH.8.7_1,Ilubabor,,Ale,,,Woreda,District,40311,
297,297,297,297,ETH.8.7.2_1,ETH,Ethiopia,ETH.8_1,Oromia,,ETH.8.7_1,Ilubabor,,Alge Sachi,,,Woreda,District,40302,
298,298,298,298,ETH.8.7.3_1,ETH,Ethiopia,ETH.8_1,Oromia,,ETH.8.7_1,Ilubabor,,Badele Zuria,,,Woreda,District,40322,
299,299,299,299,ETH.8.7.4_1,ETH,Ethiopia,ETH.8_1,Oromia,,ETH.8.7_1,Ilubabor,,Becho,,,Woreda,District,40314,
300,300,300,300,ETH.8.7.5_1,ETH,Ethiopia,ETH.8_1,Oromia,,ETH.8.7_1,Ilubabor,,Bilo Nopha,,,Woreda,District,40315,
301,301,301,301,ETH.8.7.6_1,ETH,Ethiopia,ETH.8_1,Oromia,,ETH.8.7_1,Ilubabor,,Borecha,,,Woreda,District,40307,
302,302,302,302,ETH.8.7.7_1,ETH,Ethiopia,ETH.8_1,Oromia,,ETH.8.7_1,Ilubabor,,Bure,,,Woreda,District,40312,
303,303,303,303,ETH.8.7.8_1,ETH,Ethiopia,ETH.8_1,Oromia,,ETH.8.7_1,Ilubabor,,Chora,,,Woreda,District,40303,
304,304,304,304,ETH.8.7.9_1,ETH,Ethiopia,ETH.8_1,Oromia,,ETH.8.7_1,Ilubabor,,Chwaka,,,Woreda,District,40323,
305,305,305,305,ETH.8.7.10_1,ETH,Ethiopia,ETH.8_1,Oromia,,ETH.8.7_1,Ilubabor,,Dabo Hana,,,Woreda,District,40305,
306,306,306,306,ETH.8.7.11_1,ETH,Ethiopia,ETH.8_1,Oromia,,ETH.8.7_1,Ilubabor,,Darimu,,,Woreda,District,40301,
307,307,307,307,ETH.8.7.12_1,ETH,Ethiopia,ETH.8_1,Oromia,,ETH.8.7_1,Ilubabor,,Dedesa,,,Woreda,District,40308,
308,308,308,308,ETH.8.7.13_1,ETH,Ethiopia,ETH.8_1,Oromia,,ETH.8.7_1,Ilubabor,,Dega,,,Woreda,District,40304,
309,309,309,309,ETH.8.7.14_1,ETH,Ethiopia,ETH.8_1,Oromia,,ETH.8.7_1,Ilubabor,,Didu,,,Woreda,District,40317,
310,310,310,310,ETH.8.7.15_1,ETH,Ethiopia,ETH.8_1,Oromia,,ETH.8.7_1,Ilubabor,,Dorani,,,Woreda,District,40324,
311,311,311,311,ETH.8.7.16_1,ETH,Ethiopia,ETH.8_1,Oromia,,ETH.8.7_1,Ilubabor,,Gechi,,,Woreda,District,40306,
312,312,312,312,ETH.8.7.17_1,ETH,Ethiopia,ETH.8_1,Oromia,,ETH.8.7_1,Ilubabor,,Halu,Huka,,Woreda,District,40319,
313,313,313,313,ETH.8.7.18_1,ETH,Ethiopia,ETH.8_1,Oromia,,ETH.8.7_1,Ilubabor,,Hurumu,,,Woreda,District,40316,
314,314,314,314,ETH.8.7.19_1,ETH,Ethiopia,ETH.8_1,Oromia,,ETH.8.7_1,Ilubabor,,Meko,,,Woreda,District,40318,
315,315,315,315,ETH.8.7.20_1,ETH,Ethiopia,ETH.8_1,Oromia,,ETH.8.7_1,Ilubabor,,Metu Zuria,,,Woreda,District,40310,
316,316,316,316,ETH.8.7.21_1,ETH,Ethiopia,ETH.8_1,Oromia,,ETH.8.7_1,Ilubabor,,Sale Nono,,,Woreda,District,40313,
317,317,317,317,ETH.8.7.22_1,ETH,Ethiopia,ETH.8_1,Oromia,,ETH.8.7_1,Ilubabor,,Yayu,,,Woreda,District,40309,
318,318,318,318,ETH.8.8.1_1,ETH,Ethiopia,ETH.8_1,Oromia,,ETH.8.8_1,Jimma,,Chora,,,Woreda,District,40415,
319,319,319,319,ETH.8.8.2_1,ETH,Ethiopia,ETH.8_1,Oromia,,ETH.8.8_1,Jimma,,Dedo,,,Woreda,District,40410,
320,320,320,320,ETH.8.8.3_1,ETH,Ethiopia,ETH.8_1,Oromia,,ETH.8.8_1,Jimma,,Gera,,,Woreda,District,40408,
321,321,321,321,ETH.8.8.4_1,ETH,Ethiopia,ETH.8_1,Oromia,,ETH.8.8_1,Jimma,,Goma,,,Woreda,District,40407,
322,322,322,322,ETH.8.8.5_1,ETH,Ethiopia,ETH.8_1,Oromia,,ETH.8.8_1,Jimma,,Gumay,,,Woreda,District,40416,
323,323,323,323,ETH.8.8.6_1,ETH,Ethiopia,ETH.8_1,Oromia,,ETH.8.8_1,Jimma,,Kersa,,,Woreda,District,40405,
324,324,324,324,ETH.8.8.7_1,ETH,Ethiopia,ETH.8_1,Oromia,,ETH.8.8_1,Jimma,,Limu Kosa,,,Woreda,District,40402,
325,325,325,325,ETH.8.8.8_1,ETH,Ethiopia,ETH.8_1,Oromia,,ETH.8.8_1,Jimma,,Limu Seka,,,Woreda,District,40401,
326,326,326,326,ETH.8.8.9_1,ETH,Ethiopia,ETH.8_1,Oromia,,ETH.8.8_1,Jimma,,Mena,,,Woreda,District,40406,
327,327,327,327,ETH.8.8.10_1,ETH,Ethiopia,ETH.8_1,Oromia,,ETH.8.8_1,Jimma,,Omo Nada,,,Woreda,District,40411,
328,328,328,328,ETH.8.8.11_1,ETH,Ethiopia,ETH.8_1,Oromia,,ETH.8.8_1,Jimma,,Seka Chekorsa,,,Woreda,District,40409,
329,329,329,329,ETH.8.8.12_1,ETH,Ethiopia,ETH.8_1,Oromia,,ETH.8.8_1,Jimma,,Sekoru,,,Woreda,District,40403,
330,330,330,330,ETH.8.8.13_1,ETH,Ethiopia,ETH.8_1,Oromia,,ETH.8.8_1,Jimma,,Setema,,,Woreda,District,40413,
331,331,331,331,ETH.8.8.14_1,ETH,Ethiopia,ETH.8_1,Oromia,,ETH.8.8_1,Jimma,,Shebe Sambo,,,Woreda,District,40414,
332,332,332,332,ETH.8.8.15_1,ETH,Ethiopia,ETH.8_1,Oromia,,ETH.8.8_1,Jimma,,Sigmo,,,Woreda,District,40412,
333,333,333,333,ETH.8.8.16_1,ETH,Ethiopia,ETH.8_1,Oromia,,ETH.8.8_1,Jimma,,Tiro Afeta,,,Woreda,District,40404,
334,334,334,334,ETH.8.9.1_1,ETH,Ethiopia,ETH.8_1,Oromia,,ETH.8.9_1,Kelem Wellega,,Anfilo,,,Woreda,District,41807,
335,335,335,335,ETH.8.9.2_1,ETH,Ethiopia,ETH.8_1,Oromia,,ETH.8.9_1,Kelem Wellega,,Dale Sadi,,,Woreda,District,41808,
336,336,336,336,ETH.8.9.3_1,ETH,Ethiopia,ETH.8_1,Oromia,,ETH.8.9_1,Kelem Wellega,,Dale Wabera,,,Woreda,District,41803,
337,337,337,337,ETH.8.9.4_1,ETH,Ethiopia,ETH.8_1,Oromia,,ETH.8.9_1,Kelem Wellega,,Gawo Kebe,,,Woreda,District,41804,
338,338,338,338,ETH.8.9.5_1,ETH,Ethiopia,ETH.8_1,Oromia,,ETH.8.9_1,Kelem Wellega,,Gidami,,,Woreda,District,41809,
339,339,339,339,ETH.8.9.6_1,ETH,Ethiopia,ETH.8_1,Oromia,,ETH.8.9_1,Kelem Wellega,,Hawa Galan,,,Woreda,District,41801,
340,340,340,340,ETH.8.9.7_1,ETH,Ethiopia,ETH.8_1,Oromia,,ETH.8.9_1,Kelem Wellega,,Jimma Horo,,,Woreda,District,41810,
341,341,341,341,ETH.8.9.8_1,ETH,Ethiopia,ETH.8_1,Oromia,,ETH.8.9_1,Kelem Wellega,,Lalo Kile,,,Woreda,District,41811,
342,342,342,342,ETH.8.9.9_1,ETH,Ethiopia,ETH.8_1,Oromia,,ETH.8.9_1,Kelem Wellega,,Sayo,,,Woreda,District,41805,
343,343,343,343,ETH.8.9.10_1,ETH,Ethiopia,ETH.8_1,Oromia,,ETH.8.9_1,Kelem Wellega,,Yama Logi Welel,,,Woreda,District,41802,
344,344,344,344,ETH.8.10.1_1,ETH,Ethiopia,ETH.8_1,Oromia,,ETH.8.10_1,Mirab Arsi,,Adaba,,,Woreda,District,41710,
345,345,345,345,ETH.8.10.2_1,ETH,Ethiopia,ETH.8_1,Oromia,,ETH.8.10_1,Mirab Arsi,,Arsi Negele,,,Woreda,District,41703,
346,346,346,346,ETH.8.10.3_1,ETH,Ethiopia,ETH.8_1,Oromia,,ETH.8.10_1,Mirab Arsi,,Dodola,,,Woreda,District,41707,
347,347,347,347,ETH.8.10.4_1,ETH,Ethiopia,ETH.8_1,Oromia,,ETH.8.10_1,Mirab Arsi,,Gedeb Asasa,,,Woreda,District,41706,
348,348,348,348,ETH.8.10.5_1,ETH,Ethiopia,ETH.8_1,Oromia,,ETH.8.10_1,Mirab Arsi,,Kofele,,,Woreda,District,41704,
349,349,349,349,ETH.8.10.6_1,ETH,Ethiopia,ETH.8_1,Oromia,,ETH.8.10_1,Mirab Arsi,,Kokosa,,,Woreda,District,41708,
350,350,350,350,ETH.8.10.7_1,ETH,Ethiopia,ETH.8_1,Oromia,,ETH.8.10_1,Mirab Arsi,,Kore,,,Woreda,District,41705,
351,351,351,351,ETH.8.10.8_1,ETH,Ethiopia,ETH.8_1,Oromia,,ETH.8.10_1,Mirab Arsi,,Nenesebo,Wereka,,Woreda,District,41709,
352,352,352,352,ETH.8.10.9_1,ETH,Ethiopia,ETH.8_1,Oromia,,ETH.8.10_1,Mirab Arsi,,Shalla,,,Woreda,District,41702,
353,353,353,353,ETH.8.10.10_1,ETH,Ethiopia,ETH.8_1,Oromia,,ETH.8.10_1,Mirab Arsi,,Shashemene Zuria,,,Woreda,District,41712,
354,354,354,354,ETH.8.10.11_1,ETH,Ethiopia,ETH.8_1,Oromia,,ETH.8.10_1,Mirab Arsi,,Siraro,,,Woreda,District,41701,
355,355,355,355,ETH.8.11.1_1,ETH,Ethiopia,ETH.8_1,Oromia,,ETH.8.11_1,Mirab Hararghe,,Anchar,,,Woreda,District,40906,
356,356,356,356,ETH.8.11.2_1,ETH,Ethiopia,ETH.8_1,Oromia,,ETH.8.11_1,Mirab Hararghe,,Boke,,,Woreda,District,40910,
357,357,357,357,ETH.8.11.3_1,ETH,Ethiopia,ETH.8_1,Oromia,,ETH.8.11_1,Mirab Hararghe,,Chiro Zuria,,,Woreda,District,40913,
358,358,358,358,ETH.8.11.4_1,ETH,Ethiopia,ETH.8_1,Oromia,,ETH.8.11_1,Mirab Hararghe,,Daro Lebu,,,Woreda,District,40909,
359,359,359,359,ETH.8.11.5_1,ETH,Ethiopia,ETH.8_1,Oromia,,ETH.8.11_1,Mirab Hararghe,,Doba,,,Woreda,District,40902,
360,360,360,360,ETH.8.11.6_1,ETH,Ethiopia,ETH.8_1,Oromia,,ETH.8.11_1,Mirab Hararghe,,Gemechis,,,Woreda,District,40912,
361,361,361,361,ETH.8.11.7_1,ETH,Ethiopia,ETH.8_1,Oromia,,ETH.8.11_1,Mirab Hararghe,,Goba Koricha,,,Woreda,District,40907,
362,362,362,362,ETH.8.11.8_1,ETH,Ethiopia,ETH.8_1,Oromia,,ETH.8.11_1,Mirab Hararghe,,Habro,,,Woreda,District,40908,
363,363,363,363,ETH.8.11.9_1,ETH,Ethiopia,ETH.8_1,Oromia,,ETH.8.11_1,Mirab Hararghe,,Hawi Gudina,,,Woreda,District,40915,
364,364,364,364,ETH.8.11.10_1,ETH,Ethiopia,ETH.8_1,Oromia,,ETH.8.11_1,Mirab Hararghe,,Kuni,,,Woreda,District,40911,
365,365,365,365,ETH.8.11.11_1,ETH,Ethiopia,ETH.8_1,Oromia,,ETH.8.11_1,Mirab Hararghe,,Mesela,,,Woreda,District,40904,
366,366,366,366,ETH.8.11.12_1,ETH,Ethiopia,ETH.8_1,Oromia,,ETH.8.11_1,Mirab Hararghe,,Mieso,,,Woreda,District,40901,
367,367,367,367,ETH.8.11.13_1,ETH,Ethiopia,ETH.8_1,Oromia,,ETH.8.11_1,Mirab Hararghe,,Tulo,,,Woreda,District,40903,
368,368,368,368,ETH.8.12.1_1,ETH,Ethiopia,ETH.8_1,Oromia,,ETH.8.12_1,Mirab Shewa,,Abuna G/Beret,,,Woreda,District,40516,
369,369,369,369,ETH.8.12.2_1,ETH,Ethiopia,ETH.8_1,Oromia,,ETH.8.12_1,Mirab Shewa,,Adda Berga,,,Woreda,District,40513,
370,370,370,370,ETH.8.12.3_1,ETH,Ethiopia,ETH.8_1,Oromia,,ETH.8.12_1,Mirab Shewa,,Ambo Zuria,,,Woreda,District,40503,
371,371,371,371,ETH.8.12.4_1,ETH,Ethiopia,ETH.8_1,Oromia,,ETH.8.12_1,Mirab Shewa,,Bako Tibe,,,Woreda,District,40506,
372,372,372,372,ETH.8.12.5_1,ETH,Ethiopia,ETH.8_1,Oromia,,ETH.8.12_1,Mirab Shewa,,Cheliya,,,Woreda,District,40505,
373,373,373,373,ETH.8.12.6_1,ETH,Ethiopia,ETH.8_1,Oromia,,ETH.8.12_1,Mirab Shewa,,Dano,,,Woreda,District,40507,
374,374,374,374,ETH.8.12.7_1,ETH,Ethiopia,ETH.8_1,Oromia,,ETH.8.12_1,Mirab Shewa,,Dendi,,,Woreda,District,40510,
375,375,375,375,ETH.8.12.8_1,ETH,Ethiopia,ETH.8_1,Oromia,,ETH.8.12_1,Mirab Shewa,,Ejere,AddisAlem,,Woreda,District,40511,
376,376,376,376,ETH.8.12.9_1,ETH,Ethiopia,ETH.8_1,Oromia,,ETH.8.12_1,Mirab Shewa,,Ginde Beret,,,Woreda,District,40501,
377,377,377,377,ETH.8.12.10_1,ETH,Ethiopia,ETH.8_1,Oromia,,ETH.8.12_1,Mirab Shewa,,Ifata,,,Woreda,District,40519,
378,378,378,378,ETH.8.12.11_1,ETH,Ethiopia,ETH.8_1,Oromia,,ETH.8.12_1,Mirab Shewa,,Jeldu,,,Woreda,District,40502,
379,379,379,379,ETH.8.12.12_1,ETH,Ethiopia,ETH.8_1,Oromia,,ETH.8.12_1,Mirab Shewa,,Jibat,,,Woreda,District,40518,
380,380,380,380,ETH.8.12.13_1,ETH,Ethiopia,ETH.8_1,Oromia,,ETH.8.12_1,Mirab Shewa,,Meta Robi,,,Woreda,District,40514,
381,381,381,381,ETH.8.12.14_1,ETH,Ethiopia,ETH.8_1,Oromia,,ETH.8.12_1,Mirab Shewa,,Mida Kegn,,,Woreda,District,40504,
382,382,382,382,ETH.8.12.15_1,ETH,Ethiopia,ETH.8_1,Oromia,,ETH.8.12_1,Mirab Shewa,,Nono,,,Woreda,District,40508,
383,383,383,383,ETH.8.12.16_1,ETH,Ethiopia,ETH.8_1,Oromia,,ETH.8.12_1,Mirab Shewa,,Tikur Enchini,,,Woreda,District,40509,
384,384,384,384,ETH.8.12.17_1,ETH,Ethiopia,ETH.8_1,Oromia,,ETH.8.12_1,Mirab Shewa,,Toke Kutaye,,,Woreda,District,40517,
385,385,385,385,ETH.8.12.18_1,ETH,Ethiopia,ETH.8_1,Oromia,,ETH.8.12_1,Mirab Shewa,,Walmara,,,Woreda,District,40512,
386,386,386,386,ETH.8.13.1_1,ETH,Ethiopia,ETH.8_1,Oromia,,ETH.8.13_1,Mirab Welega,,Ayira,,,Woreda,District,40107,
387,387,387,387,ETH.8.13.2_1,ETH,Ethiopia,ETH.8_1,Oromia,,ETH.8.13_1,Mirab Welega,,Babo,,,Woreda,District,40111,
388,388,388,388,ETH.8.13.3_1,ETH,Ethiopia,ETH.8_1,Oromia,,ETH.8.13_1,Mirab Welega,,Begi,,,Woreda,District,40116,
389,389,389,389,ETH.8.13.4_1,ETH,Ethiopia,ETH.8_1,Oromia,,ETH.8.13_1,Mirab Welega,,Boji Chekorsa,,,Woreda,District,40110,
390,390,390,390,ETH.8.13.5_1,ETH,Ethiopia,ETH.8_1,Oromia,,ETH.8.13_1,Mirab Welega,,Boji Dirmeji,,,Woreda,District,40106,
391,391,391,391,ETH.8.13.6_1,ETH,Ethiopia,ETH.8_1,Oromia,,ETH.8.13_1,Mirab Welega,,Gaji,,,Woreda,District,40113,
392,392,392,392,ETH.8.13.7_1,ETH,Ethiopia,ETH.8_1,Oromia,,ETH.8.13_1,Mirab Welega,,Gimbi,,,Woreda,District,40103,
393,393,393,393,ETH.8.13.8_1,ETH,Ethiopia,ETH.8_1,Oromia,,ETH.8.13_1,Mirab Welega,,Gudetu Kondole,,,Woreda,District,40109,
394,394,394,394,ETH.8.13.9_1,ETH,Ethiopia,ETH.8_1,Oromia,,ETH.8.13_1,Mirab Welega,,Guliso,,,Woreda,District,40119,
395,395,395,395,ETH.8.13.10_1,ETH,Ethiopia,ETH.8_1,Oromia,,ETH.8.13_1,Mirab Welega,,Haru,,,Woreda,District,40114,
396,396,396,396,ETH.8.13.11_1,ETH,Ethiopia,ETH.8_1,Oromia,,ETH.8.13_1,Mirab Welega,,Homa,,,Woreda,District,40117,
397,397,397,397,ETH.8.13.12_1,ETH,Ethiopia,ETH.8_1,Oromia,,ETH.8.13_1,Mirab Welega,,Jarso,,,Woreda,District,40108,
398,398,398,398,ETH.8.13.13_1,ETH,Ethiopia,ETH.8_1,Oromia,,ETH.8.13_1,Mirab Welega,,Kiltu Kara,,,Woreda,District,40105,
399,399,399,399,ETH.8.13.14_1,ETH,Ethiopia,ETH.8_1,Oromia,,ETH.8.13_1,Mirab Welega,,Lalo Asabi,,,Woreda,District,40104,
400,400,400,400,ETH.8.13.15_1,ETH,Ethiopia,ETH.8_1,Oromia,,ETH.8.13_1,Mirab Welega,,Mana Sibu,,,Woreda,District,40101,
401,401,401,401,ETH.8.13.16_1,ETH,Ethiopia,ETH.8_1,Oromia,,ETH.8.13_1,Mirab Welega,,Nejo,,,Woreda,District,40102,
402,402,402,402,ETH.8.13.17_1,ETH,Ethiopia,ETH.8_1,Oromia,,ETH.8.13_1,Mirab Welega,,Nole Kaba,,,Woreda,District,40115,
403,403,403,403,ETH.8.13.18_1,ETH,Ethiopia,ETH.8_1,Oromia,,ETH.8.13_1,Mirab Welega,,Sayo Nole,,,Woreda,District,40118,
404,404,404,404,ETH.8.13.19_1,ETH,Ethiopia,ETH.8_1,Oromia,,ETH.8.13_1,Mirab Welega,,Yubdo,,,Woreda,District,40112,
405,405,405,405,ETH.8.14.1_1,ETH,Ethiopia,ETH.8_1,Oromia,,ETH.8.14_1,Misraq Harerge,,Babile,,,Woreda,District,41004,
406,406,406,406,ETH.8.14.2_1,ETH,Ethiopia,ETH.8_1,Oromia,,ETH.8.14_1,Misraq Harerge,,Bedeno,,,Woreda,District,41013,
407,407,407,407,ETH.8.14.3_1,ETH,Ethiopia,ETH.8_1,Oromia,,ETH.8.14_1,Misraq Harerge,,Chinaksen,,,Woreda,District,41015,
408,408,408,408,ETH.8.14.4_1,ETH,Ethiopia,ETH.8_1,Oromia,,ETH.8.14_1,Misraq Harerge,,Deder,,,Woreda,District,41011,
409,409,409,409,ETH.8.14.5_1,ETH,Ethiopia,ETH.8_1,Oromia,,ETH.8.14_1,Misraq Harerge,,Fedis,,,Woreda,District,41005,
410,410,410,410,ETH.8.14.6_1,ETH,Ethiopia,ETH.8_1,Oromia,,ETH.8.14_1,Misraq Harerge,,Girawa,,,Woreda,District,41016,
411,411,411,411,ETH.8.14.7_1,ETH,Ethiopia,ETH.8_1,Oromia,,ETH.8.14_1,Misraq Harerge,,Golo Oda,,,Woreda,District,41017,
412,412,412,412,ETH.8.14.8_1,ETH,Ethiopia,ETH.8_1,Oromia,,ETH.8.14_1,Misraq Harerge,,Goro Gutu,,,Woreda,District,41010,
413,413,413,413,ETH.8.14.9_1,ETH,Ethiopia,ETH.8_1,Oromia,,ETH.8.14_1,Misraq Harerge,,Gursum,,,Woreda,District,41003,
414,414,414,414,ETH.8.14.10_1,ETH,Ethiopia,ETH.8_1,Oromia,,ETH.8.14_1,Misraq Harerge,,Haro Maya,,,Woreda,District,41006,
415,415,415,415,ETH.8.14.11_1,ETH,Ethiopia,ETH.8_1,Oromia,,ETH.8.14_1,Misraq Harerge,,Jarso,,,Woreda,District,41002,
416,416,416,416,ETH.8.14.12_1,ETH,Ethiopia,ETH.8_1,Oromia,,ETH.8.14_1,Misraq Harerge,,Kersa,,,Woreda,District,41008,
417,417,417,417,ETH.8.14.13_1,ETH,Ethiopia,ETH.8_1,Oromia,,ETH.8.14_1,Misraq Harerge,,Kombolcha,,,Woreda,District,41001,
418,418,418,418,ETH.8.14.14_1,ETH,Ethiopia,ETH.8_1,Oromia,,ETH.8.14_1,Misraq Harerge,,Kurfa Chele,,,Woreda,District,41007,
419,419,419,419,ETH.8.14.15_1,ETH,Ethiopia,ETH.8_1,Oromia,,ETH.8.14_1,Misraq Harerge,,Malka Balo,,,Woreda,District,41012,
420,420,420,420,ETH.8.14.16_1,ETH,Ethiopia,ETH.8_1,Oromia,,ETH.8.14_1,Misraq Harerge,,Meta,,,Woreda,District,41009,
421,421,421,421,ETH.8.14.17_1,ETH,Ethiopia,ETH.8_1,Oromia,,ETH.8.14_1,Misraq Harerge,,Meyu,,,Woreda,District,41018,
422,422,422,422,ETH.8.14.18_1,ETH,Ethiopia,ETH.8_1,Oromia,,ETH.8.14_1,Misraq Harerge,,Midega Tola,,,Woreda,District,41014,
423,423,423,423,ETH.8.15.1_1,ETH,Ethiopia,ETH.8_1,Oromia,,ETH.8.15_1,Misraq Shewa,,Ada'a,,,Woreda,District,40706,
424,424,424,424,ETH.8.15.2_1,ETH,Ethiopia,ETH.8_1,Oromia,,ETH.8.15_1,Misraq Shewa,,Adama,,,Woreda,District,40703,
425,425,425,425,ETH.8.15.3_1,ETH,Ethiopia,ETH.8_1,Oromia,,ETH.8.15_1,Misraq Shewa,,Adami Tulu Jido Kombolcha,,,Woreda,District,40708,
426,426,426,426,ETH.8.15.4_1,ETH,Ethiopia,ETH.8_1,Oromia,,ETH.8.15_1,Misraq Shewa,,Akaki,,,Woreda,District,40712,
427,427,427,427,ETH.8.15.5_1,ETH,Ethiopia,ETH.8_1,Oromia,,ETH.8.15_1,Misraq Shewa,,Bora,,,Woreda,District,40710,
428,428,428,428,ETH.8.15.6_1,ETH,Ethiopia,ETH.8_1,Oromia,,ETH.8.15_1,Misraq Shewa,,Boset,,,Woreda,District,40702,
429,429,429,429,ETH.8.15.7_1,ETH,Ethiopia,ETH.8_1,Oromia,,ETH.8.15_1,Misraq Shewa,,Dugda,,,Woreda,District,40707,
430,430,430,430,ETH.8.15.8_1,ETH,Ethiopia,ETH.8_1,Oromia,,ETH.8.15_1,Misraq Shewa,,Fentale,,,Woreda,District,40701,
431,431,431,431,ETH.8.15.9_1,ETH,Ethiopia,ETH.8_1,Oromia,,ETH.8.15_1,Misraq Shewa,,Gimbichu,,,Woreda,District,40705,
432,432,432,432,ETH.8.15.10_1,ETH,Ethiopia,ETH.8_1,Oromia,,ETH.8.15_1,Misraq Shewa,,Liben Chukala,,,Woreda,District,40711,
433,433,433,433,ETH.8.15.11_1,ETH,Ethiopia,ETH.8_1,Oromia,,ETH.8.15_1,Misraq Shewa,,Lome,,,Woreda,District,40704,
434,434,434,434,ETH.8.16.1_1,ETH,Ethiopia,ETH.8_1,Oromia,,ETH.8.16_1,Misraq Wellega,,Bila Seyo,,,Woreda,District,40207,
435,435,435,435,ETH.8.16.2_1,ETH,Ethiopia,ETH.8_1,Oromia,,ETH.8.16_1,Misraq Wellega,,Boneya Boshe,,,Woreda,District,40205,
436,436,436,436,ETH.8.16.3_1,ETH,Ethiopia,ETH.8_1,Oromia,,ETH.8.16_1,Misraq Wellega,,Diga,,,Woreda,District,40210,
437,437,437,437,ETH.8.16.4_1,ETH,Ethiopia,ETH.8_1,Oromia,,ETH.8.16_1,Misraq Wellega,,Gida Ayana,,,Woreda,District,40203,
438,438,438,438,ETH.8.16.5_1,ETH,Ethiopia,ETH.8_1,Oromia,,ETH.8.16_1,Misraq Wellega,,Gobu Seyo,,,Woreda,District,40208,
439,439,439,439,ETH.8.16.6_1,ETH,Ethiopia,ETH.8_1,Oromia,,ETH.8.16_1,Misraq Wellega,,Guto Gida,,,Woreda,District,40213,
440,440,440,440,ETH.8.16.7_1,ETH,Ethiopia,ETH.8_1,Oromia,,ETH.8.16_1,Misraq Wellega,,Haro Limu,,,Woreda,District,40204,
441,441,441,441,ETH.8.16.8_1,ETH,Ethiopia,ETH.8_1,Oromia,,ETH.8.16_1,Misraq Wellega,,Ibantu,,,Woreda,District,40202,
442,442,442,442,ETH.8.16.9_1,ETH,Ethiopia,ETH.8_1,Oromia,,ETH.8.16_1,Misraq Wellega,,Jimma Arjo,,,Woreda,District,40214,
443,443,443,443,ETH.8.16.10_1,ETH,Ethiopia,ETH.8_1,Oromia,,ETH.8.16_1,Misraq Wellega,,Kiremu,,,Woreda,District,40217,
444,444,444,444,ETH.8.16.11_1,ETH,Ethiopia,ETH.8_1,Oromia,,ETH.8.16_1,Misraq Wellega,,Leka Dulecha,,,Woreda,District,40212,
445,445,445,445,ETH.8.16.12_1,ETH,Ethiopia,ETH.8_1,Oromia,,ETH.8.16_1,Misraq Wellega,,Limu,,,Woreda,District,40201,
446,446,446,446,ETH.8.16.13_1,ETH,Ethiopia,ETH.8_1,Oromia,,ETH.8.16_1,Misraq Wellega,,Nunu Kumba,,,Woreda,District,40215,
447,447,447,447,ETH.8.16.14_1,ETH,Ethiopia,ETH.8_1,Oromia,,ETH.8.16_1,Misraq Wellega,,Sasiga,,,Woreda,District,40211,
448,448,448,448,ETH.8.16.15_1,ETH,Ethiopia,ETH.8_1,Oromia,,ETH.8.16_1,Misraq Wellega,,Sibu Sire,,,Woreda,District,40209,
449,449,449,449,ETH.8.16.16_1,ETH,Ethiopia,ETH.8_1,Oromia,,ETH.8.16_1,Misraq Wellega,,Wama Hagalo,,,Woreda,District,40216,
450,450,450,450,ETH.8.16.17_1,ETH,Ethiopia,ETH.8_1,Oromia,,ETH.8.16_1,Misraq Wellega,,Wayu Tuka,,,Woreda,District,40206,
451,451,451,451,ETH.8.17.1_1,ETH,Ethiopia,ETH.8_1,Oromia,,ETH.8.17_1,North Shewa,,Abichuna Gne'a,,,Woreda,District,40609,
452,452,452,452,ETH.8.17.2_1,ETH,Ethiopia,ETH.8_1,Oromia,,ETH.8.17_1,North Shewa,,Aleltu,,,Woreda,District,40617,
453,453,453,453,ETH.8.17.3_1,ETH,Ethiopia,ETH.8_1,Oromia,,ETH.8.17_1,North Shewa,,Bereh,,,Woreda,District,40611,
454,454,454,454,ETH.8.17.4_1,ETH,Ethiopia,ETH.8_1,Oromia,,ETH.8.17_1,North Shewa,,Debre Libanos,,,Woreda,District,40607,
455,455,455,455,ETH.8.17.5_1,ETH,Ethiopia,ETH.8_1,Oromia,,ETH.8.17_1,North Shewa,,Degem,,,Woreda,District,40605,
456,456,456,456,ETH.8.17.6_1,ETH,Ethiopia,ETH.8_1,Oromia,,ETH.8.17_1,North Shewa,,Dera,,,Woreda,District,40602,
457,457,457,457,ETH.8.17.7_1,ETH,Ethiopia,ETH.8_1,Oromia,,ETH.8.17_1,North Shewa,,Gerar Jarso,,,Woreda,District,40606,
458,458,458,458,ETH.8.17.8_1,ETH,Ethiopia,ETH.8_1,Oromia,,ETH.8.17_1,North Shewa,,Hidabu Abote,,,Woreda,District,40603,
459,459,459,459,ETH.8.17.9_1,ETH,Ethiopia,ETH.8_1,Oromia,,ETH.8.17_1,North Shewa,,Jida,,,Woreda,District,40615,
460,460,460,460,ETH.8.17.10_1,ETH,Ethiopia,ETH.8_1,Oromia,,ETH.8.17_1,North Shewa,,Kembibit,,,Woreda,District,40610,
461,461,461,461,ETH.8.17.11_1,ETH,Ethiopia,ETH.8_1,Oromia,,ETH.8.17_1,North Shewa,,Kuyu,,,Woreda,District,40604,
462,462,462,462,ETH.8.17.12_1,ETH,Ethiopia,ETH.8_1,Oromia,,ETH.8.17_1,North Shewa,,Mulo,,,Woreda,District,40616,
463,463,463,463,ETH.8.17.13_1,ETH,Ethiopia,ETH.8_1,Oromia,,ETH.8.17_1,North Shewa,,Sululta,,,Woreda,District,40612,
464,464,464,464,ETH.8.17.14_1,ETH,Ethiopia,ETH.8_1,Oromia,,ETH.8.17_1,North Shewa,,Wara Jarso,,,Woreda,District,40601,
465,465,465,465,ETH.8.17.15_1,ETH,Ethiopia,ETH.8_1,Oromia,,ETH.8.17_1,North Shewa,,Wuchale,,,Woreda,District,40608,
466,466,466,466,ETH.8.17.16_1,ETH,Ethiopia,ETH.8_1,Oromia,,ETH.8.17_1,North Shewa,,Yaya Gulele,,,Woreda,District,40614,
467,467,467,467,ETH.9.1.1_1,ETH,Ethiopia,ETH.9_1,Somali,,ETH.9.1_1,Afder,,Afder,,,Woreda,District,50806,
468,468,468,468,ETH.9.1.2_1,ETH,Ethiopia,ETH.9_1,Somali,,ETH.9.1_1,Afder,,Bare,,,Woreda,District,50807,
469,469,469,469,ETH.9.1.3_1,ETH,Ethiopia,ETH.9_1,Somali,,ETH.9.1_1,Afder,,Chereti/Weyib,,,Woreda,District,50802,
470,470,470,470,ETH.9.1.4_1,ETH,Ethiopia,ETH.9_1,Somali,,ETH.9.1_1,Afder,,Dolobay,,,Woreda,District,50808,
471,471,471,471,ETH.9.1.5_1,ETH,Ethiopia,ETH.9_1,Somali,,ETH.9.1_1,Afder,,Goro Baqaqsa,,,Woreda,District,50803,
472,472,472,472,ETH.9.1.6_1,ETH,Ethiopia,ETH.9_1,Somali,,ETH.9.1_1,Afder,,Guradamole,,,Woreda,District,50801,
473,473,473,473,ETH.9.1.7_1,ETH,Ethiopia,ETH.9_1,Somali,,ETH.9.1_1,Afder,,Hargele,,,Woreda,District,508061,
474,474,474,474,ETH.9.1.8_1,ETH,Ethiopia,ETH.9_1,Somali,,ETH.9.1_1,Afder,,Serer/Elkere,,,Woreda,District,50804,
475,475,475,475,ETH.9.1.9_1,ETH,Ethiopia,ETH.9_1,Somali,,ETH.9.1_1,Afder,,West Imi,,,Woreda,District,50805,
476,476,476,476,ETH.9.2.1_1,ETH,Ethiopia,ETH.9_1,Somali,,ETH.9.2_1,Doolo,,Boh,,,Woreda,District,50702,
477,477,477,477,ETH.9.2.2_1,ETH,Ethiopia,ETH.9_1,Somali,,ETH.9.2_1,Doolo,,Danot,,,Woreda,District,50701,
478,478,478,478,ETH.9.2.3_1,ETH,Ethiopia,ETH.9_1,Somali,,ETH.9.2_1,Doolo,,Geladin,,,Woreda,District,50703,
479,479,479,479,ETH.9.2.4_1,ETH,Ethiopia,ETH.9_1,Somali,,ETH.9.2_1,Doolo,,Warder,,,Woreda,District,50704,
480,480,480,480,ETH.9.3.1_1,ETH,Ethiopia,ETH.9_1,Somali,,ETH.9.3_1,Fafan,,Aw-bare,,,Woreda,District,50205,
481,481,481,481,ETH.9.3.2_1,ETH,Ethiopia,ETH.9_1,Somali,,ETH.9.3_1,Fafan,,Babile,,,Woreda,District,50201,
482,482,482,482,ETH.9.3.3_1,ETH,Ethiopia,ETH.9_1,Somali,,ETH.9.3_1,Fafan,,Gursum,,,Woreda,District,50202,
483,483,483,483,ETH.9.3.4_1,ETH,Ethiopia,ETH.9_1,Somali,,ETH.9.3_1,Fafan,,Hareshen,,,Woreda,District,50207,
484,484,484,484,ETH.9.3.5_1,ETH,Ethiopia,ETH.9_1,Somali,,ETH.9.3_1,Fafan,,Jijiga,,,Woreda,District,50204,
485,485,485,485,ETH.9.3.6_1,ETH,Ethiopia,ETH.9_1,Somali,,ETH.9.3_1,Fafan,,Kebribeyah,,,Woreda,District,50206,
486,486,486,486,ETH.9.4.1_1,ETH,Ethiopia,ETH.9_1,Somali,,ETH.9.4_1,Jarar,,Aware,,,Woreda,District,50303,
487,487,487,487,ETH.9.4.2_1,ETH,Ethiopia,ETH.9_1,Somali,,ETH.9.4_1,Jarar,,Degehabur,,,Woreda,District,50302,
488,488,488,488,ETH.9.4.3_1,ETH,Ethiopia,ETH.9_1,Somali,,ETH.9.4_1,Jarar,,Degehamedo,,,Woreda,District,50301,
489,489,489,489,ETH.9.4.4_1,ETH,Ethiopia,ETH.9_1,Somali,,ETH.9.4_1,Jarar,,Gashamo,,,Woreda,District,50304,
490,490,490,490,ETH.9.4.5_1,ETH,Ethiopia,ETH.9_1,Somali,,ETH.9.4_1,Jarar,,Gunagado,,,Woreda,District,50305,
491,491,491,491,ETH.9.5.1_1,ETH,Ethiopia,ETH.9_1,Somali,,ETH.9.5_1,Korahe,,Debeweyin,,,Woreda,District,50504,
492,492,492,492,ETH.9.5.2_1,ETH,Ethiopia,ETH.9_1,Somali,,ETH.9.5_1,Korahe,,Kebridehar,,,Woreda,District,50502,
493,493,493,493,ETH.9.5.3_1,ETH,Ethiopia,ETH.9_1,Somali,,ETH.9.5_1,Korahe,,Shekosh,,,Woreda,District,50501,
494,494,494,494,ETH.9.5.4_1,ETH,Ethiopia,ETH.9_1,Somali,,ETH.9.5_1,Korahe,,Shilabo,,,Woreda,District,50503,
495,495,495,495,ETH.9.6.1_1,ETH,Ethiopia,ETH.9_1,Somali,,ETH.9.6_1,Liben,,Dolo Odo,,,Woreda,District,50902,
496,496,496,496,ETH.9.6.2_1,ETH,Ethiopia,ETH.9_1,Somali,,ETH.9.6_1,Liben,,Filtu,,,Woreda,District,50901,
497,497,497,497,ETH.9.6.3_1,ETH,Ethiopia,ETH.9_1,Somali,,ETH.9.6_1,Liben,,Hudet,,,Woreda,District,50904,
498,498,498,498,ETH.9.6.4_1,ETH,Ethiopia,ETH.9_1,Somali,,ETH.9.6_1,Liben,,Moyale,,,Woreda,District,50903,
499,499,499,499,ETH.9.7.1_1,ETH,Ethiopia,ETH.9_1,Somali,,ETH.9.7_1,Nogob,,Dihun,,,Woreda,District,50406,
500,500,500,500,ETH.9.7.2_1,ETH,Ethiopia,ETH.9_1,Somali,,ETH.9.7_1,Nogob,,Fik,,,Woreda,District,50402,
501,501,501,501,ETH.9.7.3_1,ETH,Ethiopia,ETH.9_1,Somali,,ETH.9.7_1,Nogob,,Gerbo,,,Woreda,District,50403,
502,502,502,502,ETH.9.7.4_1,ETH,Ethiopia,ETH.9_1,Somali,,ETH.9.7_1,Nogob,,Hamero,,,Woreda,District,50404,
503,503,503,503,ETH.9.7.5_1,ETH,Ethiopia,ETH.9_1,Somali,,ETH.9.7_1,Nogob,,Lagahida,,,Woreda,District,50407,
504,504,504,504,ETH.9.7.6_1,ETH,Ethiopia,ETH.9_1,Somali,,ETH.9.7_1,Nogob,,Meyumuluka,,,Woreda,District,50408,
505,505,505,505,ETH.9.7.7_1,ETH,Ethiopia,ETH.9_1,Somali,,ETH.9.7_1,Nogob,,Segeg,,,Woreda,District,50405,
506,506,506,506,ETH.9.7.8_1,ETH,Ethiopia,ETH.9_1,Somali,,ETH.9.7_1,Nogob,,Selahad,,,Woreda,District,50401,
507,507,507,507,ETH.9.8.1_1,ETH,Ethiopia,ETH.9_1,Somali,,ETH.9.8_1,Shabelle,,Adadle,,,Woreda,District,50602,
508,508,508,508,ETH.9.8.2_1,ETH,Ethiopia,ETH.9_1,Somali,,ETH.9.8_1,Shabelle,,Denan,,,Woreda,District,50603,
509,509,509,509,ETH.9.8.3_1,ETH,Ethiopia,ETH.9_1,Somali,,ETH.9.8_1,Shabelle,,East Imi,,,Woreda,District,50601,
510,510,510,510,ETH.9.8.4_1,ETH,Ethiopia,ETH.9_1,Somali,,ETH.9.8_1,Shabelle,,Ferfer,,,Woreda,District,50607,
511,511,511,511,ETH.9.8.5_1,ETH,Ethiopia,ETH.9_1,Somali,,ETH.9.8_1,Shabelle,,Gode,,,Woreda,District,50604,
512,512,512,512,ETH.9.8.6_1,ETH,Ethiopia,ETH.9_1,Somali,,ETH.9.8_1,Shabelle,,Kelafo,,,Woreda,District,50605,
513,513,513,513,ETH.9.8.7_1,ETH,Ethiopia,ETH.9_1,Somali,,ETH.9.8_1,Shabelle,,Mustahil,,,Woreda,District,50606,
514,514,514,514,ETH.9.9.1_1,ETH,Ethiopia,ETH.9_1,Somali,,ETH.9.9_1,Siti,,Afdem,,,Woreda,District,50106,
515,515,515,515,ETH.9.9.2_1,ETH,Ethiopia,ETH.9_1,Somali,,ETH.9.9_1,Siti,,Ayisha,,,Woreda,District,50101,
516,516,516,516,ETH.9.9.3_1,ETH,Ethiopia,ETH.9_1,Somali,,ETH.9.9_1,Siti,,Dembel,,,Woreda,District,50102,
517,517,517,517,ETH.9.9.4_1,ETH,Ethiopia,ETH.9_1,Somali,,ETH.9.9_1,Siti,,Erer,,,Woreda,District,50104,
518,518,518,518,ETH.9.9.5_1,ETH,Ethiopia,ETH.9_1,Somali,,ETH.9.9_1,Siti,,Miesso,,,Woreda,District,50107,
519,519,519,519,ETH.9.9.6_1,ETH,Ethiopia,ETH.9_1,Somali,,ETH.9.9_1,Siti,,Shinile,,,Woreda,District,50103,
520,520,520,520,ETH.10.1.1_1,ETH,Ethiopia,ETH.10_1,Southern Nations Nationalities,,ETH.10.1_1,Alaba,,Alaba,,,SpecialWoreda,District,72101,
521,521,521,521,ETH.10.2.1_1,ETH,Ethiopia,ETH.10_1,Southern Nations Nationalities,,ETH.10.2_1,Alle,,Alle,,,SpecialWoreda,District,71301,
522,522,522,522,ETH.10.3.1_1,ETH,Ethiopia,ETH.10_1,Southern Nations Nationalities,,ETH.10.3_1,Amaro,,Amaro,,,SpecialWoreda,District,71302,
523,523,523,523,ETH.10.4.1_1,ETH,Ethiopia,ETH.10_1,Southern Nations Nationalities,,ETH.10.4_1,Basketo,,Basketo,,,SpecialWoreda,District,71801,
524,524,524,524,ETH.10.5.1_1,ETH,Ethiopia,ETH.10_1,Southern Nations Nationalities,,ETH.10.5_1,Bench Maji,,Bero,,,Woreda,District,71108,
525,525,525,525,ETH.10.5.2_1,ETH,Ethiopia,ETH.10_1,Southern Nations Nationalities,,ETH.10.5_1,Bench Maji,,Debub Bench,,,Woreda,District,71103,
526,526,526,526,ETH.10.5.3_1,ETH,Ethiopia,ETH.10_1,Southern Nations Nationalities,,ETH.10.5_1,Bench Maji,,Gurafereda,,,Woreda,District,71102,
527,527,527,527,ETH.10.5.4_1,ETH,Ethiopia,ETH.10_1,Southern Nations Nationalities,,ETH.10.5_1,Bench Maji,,Maji,,,Woreda,District,71107,
528,528,528,528,ETH.10.5.5_1,ETH,Ethiopia,ETH.10_1,Southern Nations Nationalities,,ETH.10.5_1,Bench Maji,,Menit Goldiye,,,Woreda,District,71105,
529,529,529,529,ETH.10.5.6_1,ETH,Ethiopia,ETH.10_1,Southern Nations Nationalities,,ETH.10.5_1,Bench Maji,,Menit Shasha,,,Woreda,District,71106,
530,530,530,530,ETH.10.5.7_1,ETH,Ethiopia,ETH.10_1,Southern Nations Nationalities,,ETH.10.5_1,Bench Maji,,Semen Bench,,,Woreda,District,71110,
531,531,531,531,ETH.10.5.8_1,ETH,Ethiopia,ETH.10_1,Southern Nations Nationalities,,ETH.10.5_1,Bench Maji,,Shay Bench,,,Woreda,District,71104,
532,532,532,532,ETH.10.5.9_1,ETH,Ethiopia,ETH.10_1,Southern Nations Nationalities,,ETH.10.5_1,Bench Maji,,Sheka,,,Woreda,District,71101,
533,533,533,533,ETH.10.5.10_1,ETH,Ethiopia,ETH.10_1,Southern Nations Nationalities,,ETH.10.5_1,Bench Maji,,Surma,,,Woreda,District,71109,
534,534,534,534,ETH.10.6.1_1,ETH,Ethiopia,ETH.10_1,Southern Nations Nationalities,,ETH.10.6_1,Burji,,Burji,,,SpecialWoreda,District,71303,
535,535,535,535,ETH.10.7.1_1,ETH,Ethiopia,ETH.10_1,Southern Nations Nationalities,,ETH.10.7_1,Dawro,,Esira,,,Woreda,District,71705,
536,536,536,536,ETH.10.7.2_1,ETH,Ethiopia,ETH.10_1,Southern Nations Nationalities,,ETH.10.7_1,Dawro,,Gena Bosa,,,Woreda,District,71704,
537,537,537,537,ETH.10.7.3_1,ETH,Ethiopia,ETH.10_1,Southern Nations Nationalities,,ETH.10.7_1,Dawro,,Loma Bosa,,,Woreda,District,71703,
538,538,538,538,ETH.10.7.4_1,ETH,Ethiopia,ETH.10_1,Southern Nations Nationalities,,ETH.10.7_1,Dawro,,Mareka,,,Woreda,District,71702,
539,539,539,539,ETH.10.7.5_1,ETH,Ethiopia,ETH.10_1,Southern Nations Nationalities,,ETH.10.7_1,Dawro,,Tocha,,,Woreda,District,71701,
540,540,540,540,ETH.10.8.1_1,ETH,Ethiopia,ETH.10_1,Southern Nations Nationalities,,ETH.10.8_1,Debub Omo,,Bako Gazer,SouthAri,,Woreda,District,70702,
541,541,541,541,ETH.10.8.2_1,ETH,Ethiopia,ETH.10_1,Southern Nations Nationalities,,ETH.10.8_1,Debub Omo,,Bena Tsemay,,,Woreda,District,70705,
542,542,542,542,ETH.10.8.3_1,ETH,Ethiopia,ETH.10_1,Southern Nations Nationalities,,ETH.10.8_1,Debub Omo,,Dasenech(Kuraz),,,Woreda,District,70706,
543,543,543,543,ETH.10.8.4_1,ETH,Ethiopia,ETH.10_1,Southern Nations Nationalities,,ETH.10.8_1,Debub Omo,,Gelila,,,Woreda,District,70703,
544,544,544,544,ETH.10.8.5_1,ETH,Ethiopia,ETH.10_1,Southern Nations Nationalities,,ETH.10.8_1,Debub Omo,,Gnangatom,,,Woreda,District,70708,
545,545,545,545,ETH.10.8.6_1,ETH,Ethiopia,ETH.10_1,Southern Nations Nationalities,,ETH.10.8_1,Debub Omo,,Hamer,,,Woreda,District,70704,
546,546,546,546,ETH.10.8.7_1,ETH,Ethiopia,ETH.10_1,Southern Nations Nationalities,,ETH.10.8_1,Debub Omo,,Male,,,Woreda,District,70707,
547,547,547,547,ETH.10.8.8_1,ETH,Ethiopia,ETH.10_1,Southern Nations Nationalities,,ETH.10.8_1,Debub Omo,,Selamgo,,,Woreda,District,70701,
548,548,548,548,ETH.10.9.1_1,ETH,Ethiopia,ETH.10_1,Southern Nations Nationalities,,ETH.10.9_1,Derashe,,Derashe,,,SpecialWoreda,District,71304,
549,549,549,549,ETH.10.10.1_1,ETH,Ethiopia,ETH.10_1,Southern Nations Nationalities,,ETH.10.10_1,Gamo Gofa,,Arba Minch Zuria,,,Woreda,District,71016,
550,550,550,550,ETH.10.10.2_1,ETH,Ethiopia,ETH.10_1,Southern Nations Nationalities,,ETH.10.10_1,Gamo Gofa,,Ayida,,,Woreda,District,71015,
551,551,551,551,ETH.10.10.3_1,ETH,Ethiopia,ETH.10_1,Southern Nations Nationalities,,ETH.10.10_1,Gamo Gofa,,Bonke,,,Woreda,District,71013,
552,552,552,552,ETH.10.10.4_1,ETH,Ethiopia,ETH.10_1,Southern Nations Nationalities,,ETH.10.10_1,Gamo Gofa,,Boreda,,,Woreda,District,71004,
553,553,553,553,ETH.10.10.5_1,ETH,Ethiopia,ETH.10_1,Southern Nations Nationalities,,ETH.10.10_1,Gamo Gofa,,Chencha,,,Woreda,District,71007,
554,554,554,554,ETH.10.10.6_1,ETH,Ethiopia,ETH.10_1,Southern Nations Nationalities,,ETH.10.10_1,Gamo Gofa,,Daramalo,,,Woreda,District,71009,
555,555,555,555,ETH.10.10.7_1,ETH,Ethiopia,ETH.10_1,Southern Nations Nationalities,,ETH.10.10_1,Gamo Gofa,,Denibu Gofa,,,Woreda,District,71002,
556,556,556,556,ETH.10.10.8_1,ETH,Ethiopia,ETH.10_1,Southern Nations Nationalities,,ETH.10.10_1,Gamo Gofa,,Dita,,,Woreda,District,71008,
557,557,557,557,ETH.10.10.9_1,ETH,Ethiopia,ETH.10_1,Southern Nations Nationalities,,ETH.10.10_1,Gamo Gofa,,Geze Gofa,,,Woreda,District,71017,
558,558,558,558,ETH.10.10.10_1,ETH,Ethiopia,ETH.10_1,Southern Nations Nationalities,,ETH.10.10_1,Gamo Gofa,,Kemba,,,Woreda,District,71012,
559,559,559,559,ETH.10.10.11_1,ETH,Ethiopia,ETH.10_1,Southern Nations Nationalities,,ETH.10.10_1,Gamo Gofa,,Kucha,,,Woreda,District,71003,
560,560,560,560,ETH.10.10.12_1,ETH,Ethiopia,ETH.10_1,Southern Nations Nationalities,,ETH.10.10_1,Gamo Gofa,,Melekoza,,,Woreda,District,71001,
561,561,561,561,ETH.10.10.13_1,ETH,Ethiopia,ETH.10_1,Southern Nations Nationalities,,ETH.10.10_1,Gamo Gofa,,Mirab Abaya,,,Woreda,District,71005,
562,562,562,562,ETH.10.10.14_1,ETH,Ethiopia,ETH.10_1,Southern Nations Nationalities,,ETH.10.10_1,Gamo Gofa,,Ubadebretsehay,,,Woreda,District,71011,
563,563,563,563,ETH.10.10.15_1,ETH,Ethiopia,ETH.10_1,Southern Nations Nationalities,,ETH.10.10_1,Gamo Gofa,,Zala,,,Woreda,District,71010,
564,564,564,564,ETH.10.11.1_1,ETH,Ethiopia,ETH.10_1,Southern Nations Nationalities,,ETH.10.11_1,Gedeo,,Bule,,,Woreda,District,70504,
565,565,565,565,ETH.10.11.2_1,ETH,Ethiopia,ETH.10_1,Southern Nations Nationalities,,ETH.10.11_1,Gedeo,,Dila Zuria,,,Woreda,District,70505,
566,566,566,566,ETH.10.11.3_1,ETH,Ethiopia,ETH.10_1,Southern Nations Nationalities,,ETH.10.11_1,Gedeo,,Kochere,,,Woreda,District,70503,
567,567,567,567,ETH.10.11.4_1,ETH,Ethiopia,ETH.10_1,Southern Nations Nationalities,,ETH.10.11_1,Gedeo,,Kochere Gedeb,,,Woreda,District,70506,
568,568,568,568,ETH.10.11.5_1,ETH,Ethiopia,ETH.10_1,Southern Nations Nationalities,,ETH.10.11_1,Gedeo,,Wenago,,,Woreda,District,70501,
569,569,569,569,ETH.10.11.6_1,ETH,Ethiopia,ETH.10_1,Southern Nations Nationalities,,ETH.10.11_1,Gedeo,,Yirgachefe,,,Woreda,District,70502,
570,570,570,570,ETH.10.12.1_1,ETH,Ethiopia,ETH.10_1,Southern Nations Nationalities,,ETH.10.12_1,Gurage,,Abeshege,,,Woreda,District,70102,
571,571,571,571,ETH.10.12.2_1,ETH,Ethiopia,ETH.10_1,Southern Nations Nationalities,,ETH.10.12_1,Gurage,,Cheha,,,Woreda,District,70110,
572,572,572,572,ETH.10.12.3_1,ETH,Ethiopia,ETH.10_1,Southern Nations Nationalities,,ETH.10.12_1,Gurage,,Endiguagn,,,Woreda,District,70108,
573,573,573,573,ETH.10.12.4_1,ETH,Ethiopia,ETH.10_1,Southern Nations Nationalities,,ETH.10.12_1,Gurage,,Enemorina Eaner,,,Woreda,District,70111,
574,574,574,574,ETH.10.12.5_1,ETH,Ethiopia,ETH.10_1,Southern Nations Nationalities,,ETH.10.12_1,Gurage,,Ezha,,,Woreda,District,70103,
575,575,575,575,ETH.10.12.6_1,ETH,Ethiopia,ETH.10_1,Southern Nations Nationalities,,ETH.10.12_1,Gurage,,Geta,,,Woreda,District,70113,
576,576,576,576,ETH.10.12.7_1,ETH,Ethiopia,ETH.10_1,Southern Nations Nationalities,,ETH.10.12_1,Gurage,,Gumer,,,Woreda,District,70109,
577,577,577,577,ETH.10.12.8_1,ETH,Ethiopia,ETH.10_1,Southern Nations Nationalities,,ETH.10.12_1,Gurage,,Kebena,,,Woreda,District,70101,
578,578,578,578,ETH.10.12.9_1,ETH,Ethiopia,ETH.10_1,Southern Nations Nationalities,,ETH.10.12_1,Gurage,,Kokir Gedbano,,,Woreda,District,70104,
579,579,579,579,ETH.10.12.10_1,ETH,Ethiopia,ETH.10_1,Southern Nations Nationalities,,ETH.10.12_1,Gurage,,Mareko,,,Woreda,District,70107,
580,580,580,580,ETH.10.12.11_1,ETH,Ethiopia,ETH.10_1,Southern Nations Nationalities,,ETH.10.12_1,Gurage,,Meskan,,,Woreda,District,70106,
581,581,581,581,ETH.10.12.12_1,ETH,Ethiopia,ETH.10_1,Southern Nations Nationalities,,ETH.10.12_1,Gurage,,Muhur Na Aklil,,,Woreda,District,70112,
582,582,582,582,ETH.10.12.13_1,ETH,Ethiopia,ETH.10_1,Southern Nations Nationalities,,ETH.10.12_1,Gurage,,Sodo,,,Woreda,District,70105,
583,583,583,583,ETH.10.13.1_1,ETH,Ethiopia,ETH.10_1,Southern Nations Nationalities,,ETH.10.13_1,Hadiya,,Analemmo,,,Woreda,District,70208,
584,584,584,584,ETH.10.13.2_1,ETH,Ethiopia,ETH.10_1,Southern Nations Nationalities,,ETH.10.13_1,Hadiya,,Dune,,,Woreda,District,70207,
585,585,585,585,ETH.10.13.3_1,ETH,Ethiopia,ETH.10_1,Southern Nations Nationalities,,ETH.10.13_1,Hadiya,,Gembora,,,Woreda,District,70210,
586,586,586,586,ETH.10.13.4_1,ETH,Ethiopia,ETH.10_1,Southern Nations Nationalities,,ETH.10.13_1,Hadiya,,Gibe,,,Woreda,District,70202,
587,587,587,587,ETH.10.13.5_1,ETH,Ethiopia,ETH.10_1,Southern Nations Nationalities,,ETH.10.13_1,Hadiya,,Limu,,,Woreda,District,70203,
588,588,588,588,ETH.10.13.6_1,ETH,Ethiopia,ETH.10_1,Southern Nations Nationalities,,ETH.10.13_1,Hadiya,,Mierab Badawacho,,,Woreda,District,70209,
589,589,589,589,ETH.10.13.7_1,ETH,Ethiopia,ETH.10_1,Southern Nations Nationalities,,ETH.10.13_1,Hadiya,,Misha,,,Woreda,District,70201,
590,590,590,590,ETH.10.13.8_1,ETH,Ethiopia,ETH.10_1,Southern Nations Nationalities,,ETH.10.13_1,Hadiya,,Misrak Badawacho,,,Woreda,District,70205,
591,591,591,591,ETH.10.13.9_1,ETH,Ethiopia,ETH.10_1,Southern Nations Nationalities,,ETH.10.13_1,Hadiya,,Shashogo,,,Woreda,District,70204,
592,592,592,592,ETH.10.13.10_1,ETH,Ethiopia,ETH.10_1,Southern Nations Nationalities,,ETH.10.13_1,Hadiya,,Soro,,,Woreda,District,70206,
593,593,593,593,ETH.10.14.1_1,ETH,Ethiopia,ETH.10_1,Southern Nations Nationalities,,ETH.10.14_1,Keffa,,Bita,Big,,Woreda,District,70910,
594,594,594,594,ETH.10.14.2_1,ETH,Ethiopia,ETH.10_1,Southern Nations Nationalities,,ETH.10.14_1,Keffa,,Chena,,,Woreda,District,70909,
595,595,595,595,ETH.10.14.3_1,ETH,Ethiopia,ETH.10_1,Southern Nations Nationalities,,ETH.10.14_1,Keffa,,Cheta,,,Woreda,District,70907,
596,596,596,596,ETH.10.14.4_1,ETH,Ethiopia,ETH.10_1,Southern Nations Nationalities,,ETH.10.14_1,Keffa,,Decha,,,Woreda,District,70908,
597,597,597,597,ETH.10.14.5_1,ETH,Ethiopia,ETH.10_1,Southern Nations Nationalities,,ETH.10.14_1,Keffa,,Gesha(Deka),,,Woreda,District,70902,
598,598,598,598,ETH.10.14.6_1,ETH,Ethiopia,ETH.10_1,Southern Nations Nationalities,,ETH.10.14_1,Keffa,,Getawa,,,Woreda,District,70903,
599,599,599,599,ETH.10.14.7_1,ETH,Ethiopia,ETH.10_1,Southern Nations Nationalities,,ETH.10.14_1,Keffa,,Gimbo,,,Woreda,District,70904,
600,600,600,600,ETH.10.14.8_1,ETH,Ethiopia,ETH.10_1,Southern Nations Nationalities,,ETH.10.14_1,Keffa,,Menjiwo,,,Woreda,District,70905,
601,601,601,601,ETH.10.14.9_1,ETH,Ethiopia,ETH.10_1,Southern Nations Nationalities,,ETH.10.14_1,Keffa,,Sayilem,,,Woreda,District,70901,
602,602,602,602,ETH.10.14.10_1,ETH,Ethiopia,ETH.10_1,Southern Nations Nationalities,,ETH.10.14_1,Keffa,,Tulo,,,Woreda,District,70906,
603,603,603,603,ETH.10.15.1_1,ETH,Ethiopia,ETH.10_1,Southern Nations Nationalities,,ETH.10.15_1,Kembata Tembaro,,Anigacha,,,Woreda,District,70302,
604,604,604,604,ETH.10.15.2_1,ETH,Ethiopia,ETH.10_1,Southern Nations Nationalities,,ETH.10.15_1,Kembata Tembaro,,Daniboya,,,Woreda,District,70307,
605,605,605,605,ETH.10.15.3_1,ETH,Ethiopia,ETH.10_1,Southern Nations Nationalities,,ETH.10.15_1,Kembata Tembaro,,Doya Gena,,,Woreda,District,70306,
606,606,606,606,ETH.10.15.4_1,ETH,Ethiopia,ETH.10_1,Southern Nations Nationalities,,ETH.10.15_1,Kembata Tembaro,,Hadero Tubito,,,Woreda,District,70305,
607,607,607,607,ETH.10.15.5_1,ETH,Ethiopia,ETH.10_1,Southern Nations Nationalities,,ETH.10.15_1,Kembata Tembaro,,Kacha Bira,,,Woreda,District,70304,
608,608,608,608,ETH.10.15.6_1,ETH,Ethiopia,ETH.10_1,Southern Nations Nationalities,,ETH.10.15_1,Kembata Tembaro,,Kediada Gambela,,,Woreda,District,70303,
609,609,609,609,ETH.10.15.7_1,ETH,Ethiopia,ETH.10_1,Southern Nations Nationalities,,ETH.10.15_1,Kembata Tembaro,,Tembaro,,,Woreda,District,70301,
610,610,610,610,ETH.10.16.1_1,ETH,Ethiopia,ETH.10_1,Southern Nations Nationalities,,ETH.10.16_1,Konso,,Konso,,,SpecialWoreda,District,71305,
611,611,611,611,ETH.10.17.1_1,ETH,Ethiopia,ETH.10_1,Southern Nations Nationalities,,ETH.10.17_1,Konta,,Konta,Ela,,SpecialWoreda,District,71901,
612,612,612,612,ETH.10.18.1_1,ETH,Ethiopia,ETH.10_1,Southern Nations Nationalities,,ETH.10.18_1,Sheka,,Anderacha,,,Woreda,District,70802,
613,613,613,613,ETH.10.18.2_1,ETH,Ethiopia,ETH.10_1,Southern Nations Nationalities,,ETH.10.18_1,Sheka,,Masha,,,Woreda,District,70801,
614,614,614,614,ETH.10.18.3_1,ETH,Ethiopia,ETH.10_1,Southern Nations Nationalities,,ETH.10.18_1,Sheka,,Yeki,,,Woreda,District,70803,
615,615,615,615,ETH.10.19.1_1,ETH,Ethiopia,ETH.10_1,Southern Nations Nationalities,,ETH.10.19_1,Sidama,,Aleta Wendo,,,Woreda,District,70405,
616,616,616,616,ETH.10.19.2_1,ETH,Ethiopia,ETH.10_1,Southern Nations Nationalities,,ETH.10.19_1,Sidama,,Arbe Gonna,,,Woreda,District,70403,
617,617,617,617,ETH.10.19.3_1,ETH,Ethiopia,ETH.10_1,Southern Nations Nationalities,,ETH.10.19_1,Sidama,,Aroresa,,,Woreda,District,70409,
618,618,618,618,ETH.10.19.4_1,ETH,Ethiopia,ETH.10_1,Southern Nations Nationalities,,ETH.10.19_1,Sidama,,Awasa,Hawassa,,Woreda,District,70419,
619,619,619,619,ETH.10.19.5_1,ETH,Ethiopia,ETH.10_1,Southern Nations Nationalities,,ETH.10.19_1,Sidama,,Awasa Zuria,HawassaZuria,,Woreda,District,70402,
620,620,620,620,ETH.10.19.6_1,ETH,Ethiopia,ETH.10_1,Southern Nations Nationalities,,ETH.10.19_1,Sidama,,Bensa,,,Woreda,District,70408,
621,621,621,621,ETH.10.19.7_1,ETH,Ethiopia,ETH.10_1,Southern Nations Nationalities,,ETH.10.19_1,Sidama,,Bona Zuria,,,Woreda,District,70418,
622,622,622,622,ETH.10.19.8_1,ETH,Ethiopia,ETH.10_1,Southern Nations Nationalities,,ETH.10.19_1,Sidama,,Boricha,,,Woreda,District,70410,
623,623,623,623,ETH.10.19.9_1,ETH,Ethiopia,ETH.10_1,Southern Nations Nationalities,,ETH.10.19_1,Sidama,,Bursa,,,Woreda,District,70416,
624,624,624,624,ETH.10.19.10_1,ETH,Ethiopia,ETH.10_1,Southern Nations Nationalities,,ETH.10.19_1,Sidama,,Chire,,,Woreda,District,70415,
625,625,625,625,ETH.10.19.11_1,ETH,Ethiopia,ETH.10_1,Southern Nations Nationalities,,ETH.10.19_1,Sidama,,Chuko,,,Woreda,District,70417,
626,626,626,626,ETH.10.19.12_1,ETH,Ethiopia,ETH.10_1,Southern Nations Nationalities,,ETH.10.19_1,Sidama,,Dale,,,Woreda,District,70404,
627,627,627,627,ETH.10.19.13_1,ETH,Ethiopia,ETH.10_1,Southern Nations Nationalities,,ETH.10.19_1,Sidama,,Dara,,,Woreda,District,70406,
628,628,628,628,ETH.10.19.14_1,ETH,Ethiopia,ETH.10_1,Southern Nations Nationalities,,ETH.10.19_1,Sidama,,Gorche,,,Woreda,District,70411,
629,629,629,629,ETH.10.19.15_1,ETH,Ethiopia,ETH.10_1,Southern Nations Nationalities,,ETH.10.19_1,Sidama,,Hulla,,,Woreda,District,70407,
630,630,630,630,ETH.10.19.16_1,ETH,Ethiopia,ETH.10_1,Southern Nations Nationalities,,ETH.10.19_1,Sidama,,Loka Abaya,,,Woreda,District,70414,
631,631,631,631,ETH.10.19.17_1,ETH,Ethiopia,ETH.10_1,Southern Nations Nationalities,,ETH.10.19_1,Sidama,,Malga,,,Woreda,District,70412,
632,632,632,632,ETH.10.19.18_1,ETH,Ethiopia,ETH.10_1,Southern Nations Nationalities,,ETH.10.19_1,Sidama,,Shebe Dino,,,Woreda,District,70401,
633,633,633,633,ETH.10.19.19_1,ETH,Ethiopia,ETH.10_1,Southern Nations Nationalities,,ETH.10.19_1,Sidama,,Wondo-Genet,,,Woreda,District,70420,
634,634,634,634,ETH.10.19.20_1,ETH,Ethiopia,ETH.10_1,Southern Nations Nationalities,,ETH.10.19_1,Sidama,,Wonosho,,,Woreda,District,70413,
635,635,635,635,ETH.10.20.1_1,ETH,Ethiopia,ETH.10_1,Southern Nations Nationalities,,ETH.10.20_1,Silti,,Alicho Woriro,,,Woreda,District,72001,
636,636,636,636,ETH.10.20.2_1,ETH,Ethiopia,ETH.10_1,Southern Nations Nationalities,,ETH.10.20_1,Silti,,Dalocha,,,Woreda,District,72005,
637,637,637,637,ETH.10.20.3_1,ETH,Ethiopia,ETH.10_1,Southern Nations Nationalities,,ETH.10.20_1,Silti,,Lanfero,,,Woreda,District,72003,
638,638,638,638,ETH.10.20.4_1,ETH,Ethiopia,ETH.10_1,Southern Nations Nationalities,,ETH.10.20_1,Silti,,Mierab Azenet Berbere,,,Woreda,District,72004,
639,639,639,639,ETH.10.20.5_1,ETH,Ethiopia,ETH.10_1,Southern Nations Nationalities,,ETH.10.20_1,Silti,,Misrak Azenet Berbere,,,Woreda,District,72007,
640,640,640,640,ETH.10.20.6_1,ETH,Ethiopia,ETH.10_1,Southern Nations Nationalities,,ETH.10.20_1,Silti,,Sankura,,,Woreda,District,72006,
641,641,641,641,ETH.10.20.7_1,ETH,Ethiopia,ETH.10_1,Southern Nations Nationalities,,ETH.10.20_1,Silti,,Selti,,,Woreda,District,72002,
642,642,642,642,ETH.10.20.8_1,ETH,Ethiopia,ETH.10_1,Southern Nations Nationalities,,ETH.10.20_1,Silti,,Wilbareg,,,Woreda,District,72008,
643,643,643,643,ETH.10.21.1_1,ETH,Ethiopia,ETH.10_1,Southern Nations Nationalities,,ETH.10.21_1,Wolayita,,Boloso Bombe,,,Woreda,District,70608,
644,644,644,644,ETH.10.21.2_1,ETH,Ethiopia,ETH.10_1,Southern Nations Nationalities,,ETH.10.21_1,Wolayita,,Bolososore,,,Woreda,District,70601,
645,645,645,645,ETH.10.21.3_1,ETH,Ethiopia,ETH.10_1,Southern Nations Nationalities,,ETH.10.21_1,Wolayita,,Damot Gale,,,Woreda,District,70602,
646,646,646,646,ETH.10.21.4_1,ETH,Ethiopia,ETH.10_1,Southern Nations Nationalities,,ETH.10.21_1,Wolayita,,Damot Pulasa,,,Woreda,District,70611,
647,647,647,647,ETH.10.21.5_1,ETH,Ethiopia,ETH.10_1,Southern Nations Nationalities,,ETH.10.21_1,Wolayita,,Damot Sore,,,Woreda,District,70609,
648,648,648,648,ETH.10.21.6_1,ETH,Ethiopia,ETH.10_1,Southern Nations Nationalities,,ETH.10.21_1,Wolayita,,Damot Weydie,,,Woreda,District,70603,
649,649,649,649,ETH.10.21.7_1,ETH,Ethiopia,ETH.10_1,Southern Nations Nationalities,,ETH.10.21_1,Wolayita,,Diguna Fango,,,Woreda,District,70612,
650,650,650,650,ETH.10.21.8_1,ETH,Ethiopia,ETH.10_1,Southern Nations Nationalities,,ETH.10.21_1,Wolayita,,Humbo,,,Woreda,District,70604,
651,651,651,651,ETH.10.21.9_1,ETH,Ethiopia,ETH.10_1,Southern Nations Nationalities,,ETH.10.21_1,Wolayita,,Kindo Dida,,,Woreda,District,70610,
652,652,652,652,ETH.10.21.10_1,ETH,Ethiopia,ETH.10_1,Southern Nations Nationalities,,ETH.10.21_1,Wolayita,,Kindo Koysha,,,Woreda,District,70606,
653,653,653,653,ETH.10.21.11_1,ETH,Ethiopia,ETH.10_1,Southern Nations Nationalities,,ETH.10.21_1,Wolayita,,Ofa,,,Woreda,District,70607,
654,654,654,654,ETH.10.21.12_1,ETH,Ethiopia,ETH.10_1,Southern Nations Nationalities,,ETH.10.21_1,Wolayita,,Sodo Zuria,,,Woreda,District,70605,
655,655,655,655,ETH.10.22.1_1,ETH,Ethiopia,ETH.10_1,Southern Nations Nationalities,,ETH.10.22_1,Yem,,Yem,,,SpecialWoreda,District,71201,
656,656,656,656,ETH.11.1.1_1,ETH,Ethiopia,ETH.11_1,Tigray,,ETH.11.1_1,Debubawi,,Alaje,,,Woreda,District,10404,
657,657,657,657,ETH.11.1.2_1,ETH,Ethiopia,ETH.11_1,Tigray,,ETH.11.1_1,Debubawi,,Alamata,,,Woreda,District,10407,
658,658,658,658,ETH.11.1.3_1,ETH,Ethiopia,ETH.11_1,Tigray,,ETH.11.1_1,Debubawi,,Endamehoni,,,Woreda,District,10405,
659,659,659,659,ETH.11.1.4_1,ETH,Ethiopia,ETH.11_1,Tigray,,ETH.11.1_1,Debubawi,,Enderta,,,Woreda,District,10402,
660,660,660,660,ETH.11.1.5_1,ETH,Ethiopia,ETH.11_1,Tigray,,ETH.11.1_1,Debubawi,,Hintalo Wejirat,,,Woreda,District,10403,
661,661,661,661,ETH.11.1.6_1,ETH,Ethiopia,ETH.11_1,Tigray,,ETH.11.1_1,Debubawi,,Ofla,,,Woreda,District,10408,
662,662,662,662,ETH.11.1.7_1,ETH,Ethiopia,ETH.11_1,Tigray,,ETH.11.1_1,Debubawi,,Raya Azebo,,,Woreda,District,10406,
663,663,663,663,ETH.11.1.8_1,ETH,Ethiopia,ETH.11_1,Tigray,,ETH.11.1_1,Debubawi,,Saharti Samre,,,Woreda,District,10401,
664,664,664,664,ETH.11.2.1_1,ETH,Ethiopia,ETH.11_1,Tigray,,ETH.11.2_1,Mehakelegnaw,,Adwa,,,Woreda,District,10204,
665,665,665,665,ETH.11.2.2_1,ETH,Ethiopia,ETH.11_1,Tigray,,ETH.11.2_1,Mehakelegnaw,,Ahferom,,,Woreda,District,10202,
666,666,666,666,ETH.11.2.3_1,ETH,Ethiopia,ETH.11_1,Tigray,,ETH.11.2_1,Mehakelegnaw,,Degua Temben,,,Woreda,District,10209,
667,667,667,667,ETH.11.2.4_1,ETH,Ethiopia,ETH.11_1,Tigray,,ETH.11.2_1,Mehakelegnaw,,Kola Temben,,,Woreda,District,10208,
668,668,668,668,ETH.11.2.5_1,ETH,Ethiopia,ETH.11_1,Tigray,,ETH.11.2_1,Mehakelegnaw,,Laelay Maychew,,,Woreda,District,10205,
669,669,669,669,ETH.11.2.6_1,ETH,Ethiopia,ETH.11_1,Tigray,,ETH.11.2_1,Mehakelegnaw,,Mereb Leke,,,Woreda,District,10201,
670,670,670,670,ETH.11.2.7_1,ETH,Ethiopia,ETH.11_1,Tigray,,ETH.11.2_1,Mehakelegnaw,,Naeder Adet,,,Woreda,District,10207,
671,671,671,671,ETH.11.2.8_1,ETH,Ethiopia,ETH.11_1,Tigray,,ETH.11.2_1,Mehakelegnaw,,Tahtay Maychew,,,Woreda,District,10206,
672,672,672,672,ETH.11.2.9_1,ETH,Ethiopia,ETH.11_1,Tigray,,ETH.11.2_1,Mehakelegnaw,,Tanqua Abergele,,,Woreda,District,10210,
673,673,673,673,ETH.11.2.10_1,ETH,Ethiopia,ETH.11_1,Tigray,,ETH.11.2_1,Mehakelegnaw,,Werei Leke,,,Woreda,District,10203,
674,674,674,674,ETH.11.3.1_1,ETH,Ethiopia,ETH.11_1,Tigray,,ETH.11.3_1,Mi'irabawi,,Kafta Humera,,,Woreda,District,10501,
675,675,675,675,ETH.11.3.2_1,ETH,Ethiopia,ETH.11_1,Tigray,,ETH.11.3_1,Mi'irabawi,,Tsegede,,,Woreda,District,10503,
676,676,676,676,ETH.11.3.3_1,ETH,Ethiopia,ETH.11_1,Tigray,,ETH.11.3_1,Mi'irabawi,,Welkait,,,Woreda,District,10502,
677,677,677,677,ETH.11.4.1_1,ETH,Ethiopia,ETH.11_1,Tigray,,ETH.11.4_1,Misraqawi,,Atsbi Wenberta,,,Woreda,District,10307,
678,678,678,678,ETH.11.4.2_1,ETH,Ethiopia,ETH.11_1,Tigray,,ETH.11.4_1,Misraqawi,,Erob,,,Woreda,District,10302,
679,679,679,679,ETH.11.4.3_1,ETH,Ethiopia,ETH.11_1,Tigray,,ETH.11.4_1,Misraqawi,,Ganta Afeshum,,,Woreda,District,10304,
680,680,680,680,ETH.11.4.4_1,ETH,Ethiopia,ETH.11_1,Tigray,,ETH.11.4_1,Misraqawi,,Gulomekeda,,,Woreda,District,10301,
681,681,681,681,ETH.11.4.5_1,ETH,Ethiopia,ETH.11_1,Tigray,,ETH.11.4_1,Misraqawi,,Hawzen,,,Woreda,District,10305,
682,682,682,682,ETH.11.4.6_1,ETH,Ethiopia,ETH.11_1,Tigray,,ETH.11.4_1,Misraqawi,,Kelete Awelallo,,,Woreda,District,10306,
683,683,683,683,ETH.11.4.7_1,ETH,Ethiopia,ETH.11_1,Tigray,,ETH.11.4_1,Misraqawi,,Saesie Tsaedaemba,,,Woreda,District,10303,
684,684,684,684,ETH.11.5.1_1,ETH,Ethiopia,ETH.11_1,Tigray,,ETH.11.5_1,Semien Mi'irabaw,,Asgede Tsimbila,,,Woreda,District,10105,
685,685,685,685,ETH.11.5.2_1,ETH,Ethiopia,ETH.11_1,Tigray,,ETH.11.5_1,Semien Mi'irabaw,,Laelay Adiyabo,,,Woreda,District,10102,
686,686,686,686,ETH.11.5.3_1,ETH,Ethiopia,ETH.11_1,Tigray,,ETH.11.5_1,Semien Mi'irabaw,,Medebay Zana,,,Woreda,District,10103,
687,687,687,687,ETH.11.5.4_1,ETH,Ethiopia,ETH.11_1,Tigray,,ETH.11.5_1,Semien Mi'irabaw,,Tahtay Adiyabo,,,Woreda,District,10101,
688,688,688,688,ETH.11.5.5_1,ETH,Ethiopia,ETH.11_1,Tigray,,ETH.11.5_1,Semien Mi'irabaw,,Tahtay Koraro,,,Woreda,District,10104,
689,689,689,689,ETH.11.5.6_1,ETH,Ethiopia,ETH.11_1,Tigray,,ETH.11.5_1,Semien Mi'irabaw,,Tselemti,,,Woreda,District,10106,
