Uploaded Date,Date Collected,Engagement Date,Data Collector,Project Name,Country Name,County Name,Subcounty Name,Engagement Venue,Engagement Type,Other Engagement Type,Policy Issue,Other Policy Issue,Total Participants,Key Participants,Male Participants,Female Participants,Youth Participants,Photo,Comment
2024-05-18 12:28:04,2024-05-18,2024-05-18,Lilian Kilori,UKPact_NbS,Kenya,Taita Taveta,Taveta,kimala social hall,WORKSHOP_PERSON,,NATIONAL_POLICY,,292,Area Chief Ass Chief And Local Leadera,139,153,72,https://radrs.icraf.org/uploaded/media/JPEG_e41b48b3-087d-4da6-b73f-3d4fda614fbd_6819559576679232706.jpg,the meeting was well organized 
2024-06-12 15:45:18,2024-06-12,2024-06-12,Opportuna Majala,UKPact_NbS,Kenya,Taita Taveta,Wundanyi,Njawuli Catholic church ,TRAINING - WORKSHOP_PERSON,,SCALING,,30,CFA County Government Of Taita Taveta,13,17,1,https://radrs.icraf.org/uploaded/media/JPEG_8983a9c7-e136-4009-9ba2-fafeb567c4af_7994083385734402299.jpg,participants embraced the GESI trainings
2024-06-12 14:39:40,2024-06-12,2024-06-12,Clemence Mnyika,UKPact_NbS,Kenya,Taita Taveta,Wundanyi,Mwanda Kishamba ,TRAINING - WORKSHOP_PERSON,,BUILDING_RELATIONSHIPS - LOCAL_GOVERNANCE,Gender and social inclusion mainstreaming in land restoration ,33,County Government Of Taita Taveta Vuria Community Forest CIFOR ICRAF ,12,14,7,https://radrs.icraf.org/uploaded/media/JPEG_beee2f7d-7a8d-464c-af6c-49af8e94a71c_6217233978426104422.jpg,"Female youth 2
Male youth 5"
2024-06-15 09:53:19,2024-06-15,2024-06-14,Clemence Mnyika,UKPact_NbS,Kenya,Taita Taveta,Wundanyi,Mghange Nyika ,TRAINING - WORKSHOP_PERSON,,BUILDING_RELATIONSHIPS - LOCAL_GOVERNANCE,Gender and social inclusion mainstreaming in Vuria community forest association ,36,Vuria Community Forest Association County Government Of Taita Taveta National Government Of Kenya ICRAF,18,8,10,https://radrs.icraf.org/uploaded/media/JPEG_7c067f27-e5e6-48d8-917f-5c87e7ec963d_6989415622914267549.jpg,Great discussions during the engagements 
2024-06-19 14:17:58,2024-06-19,2024-06-19,Josephine Righa,UKPact_NbS,Kenya,Taita Taveta,Wundanyi,Mgange Dawida VURIA CFA,TRAINING - WORKSHOP_PERSON,,SCALING,,33,Community Members ,16,17,2,https://radrs.icraf.org/uploaded/media/JPEG_5a666da2-2b97-4111-959a-5d192d508a69_2157288290308198068.jpg,Training turnup was good and every member was a good participant in every session we went through 
2024-06-19 21:48:01,2024-06-19,2024-06-19,Ernest Maghanga,UKPact_NbS,Kenya,Taita Taveta,Wundanyi,mgange dawida,TRAINING - WORKSHOP_PERSON,,SCALING,,30,ICRAF CGTT MCA,16,14,6,https://radrs.icraf.org/uploaded/media/JPEG_93adcc54-126c-497b-ba24-de15142ccf71_7921594234143256407.jpg,At least there was gender equity in the house
2024-06-27 16:09:35,2024-06-25,2024-06-25,Eugene Mbogholi,UKPact_NbS,Kenya,Taita Taveta,Mwatate,ACK mazola Mwatate,WORKSHOP_PERSON,,SCALING,,34,CFA County Government Of Taita Taveta   ,15,16,3,https://radrs.icraf.org/uploaded/media/JPEG_66e9d115-7570-4064-8921-ed3ce57014c5_6602041179478165118.jpg,GESI training well conducted 
2024-06-26 15:40:28,2024-06-26,2024-06-26,Adelaida Manyata,UKPact_NbS,Kenya,Taita Taveta,Mwatate,Mwawache Primary ,WORKSHOP_PERSON - TRAINING,,SCALING,,30,CFA County Government of Taita Taveta ,15,14,1,https://radrs.icraf.org/uploaded/media/JPEG_fa041833-63cd-45b0-abc3-5cd43e18cbb1_3409270025859497933.jpg,no plwd
2024-06-27 16:09:38,2024-06-27,2024-06-27,Eugene Mbogholi,UKPact_NbS,Kenya,Taita Taveta,Mwatate,mwawache primary,WORKSHOP_PERSON - TRAINING,,SCALING,,32,Chawia CFA  Taita Taveta County Government  Interior ,16,15,1,https://radrs.icraf.org/uploaded/media/JPEG_f3a0dc31-b6b4-4a47-a235-d9e6349ce53b_8676955324231148927.jpg,2 day well organised educational training thanks to ICRAF for the impact to our future community 
2024-09-11 13:02:58,2024-08-12,2024-08-12,Mwadime Kishiki,UKPact_NbS,Kenya,Taita Taveta,Wundanyi,Mbaramghondi,FIELD_TRIP,Village Baraza,LOCAL_GOVERNANCE,,30,AWF,13,17,5,https://radrs.icraf.org/uploaded/media/JPEG_986db808-505a-4c3a-8358-5404f2094cf5_6403796989929570177.jpg,gender well represented
2024-08-13 12:46:31,2024-08-12,2024-08-12,Eugene Mbogholi,UKPact_NbS,Kenya,Taita Taveta,Wundanyi,Mwangea Primary,WORKSHOP_PERSON,,SCALING,,66,Taita Taveta County Government ICRAF CFA Interior ,20,44,2,https://radrs.icraf.org/uploaded/media/JPEG_7b13d7f1-51d9-4a2a-a9f3-fa78244e717b_1603899659832561222.jpg,CFA reactivation training
2024-08-13 12:45:43,2024-08-13,2024-08-13,eltruder mbele,UKPact_NbS,Kenya,Taita Taveta,Wundanyi,Ngeti village training ,TRAINING,,LOCAL_GOVERNANCE - BUILDING_RELATIONSHIPS,,45,Awf Icraf CFA Intiria,15,30,13,https://radrs.icraf.org/uploaded/media/JPEG_b0095aa9-7233-4642-ba66-bf85648669f5_4536856200830462534.jpg,the turn up was good and the team was attentive 
2024-08-14 12:04:24,2024-08-14,2024-08-14,Dickson NGATI,UKPact_NbS,Kenya,Taita Taveta,Wundanyi,Lashu,WORKSHOP_PERSON - TRAINING,,LOCAL_GOVERNANCE,,32,ICRAF NATURE KENYA COUNTY GOVERNMENT OF TAITA TAVETA VURIA CFA INTERIOR AND COORDINATION ,15,17,3,https://radrs.icraf.org/uploaded/media/JPEG_899c794a-0b03-46d9-8ece-ea5c4a37de8e_764784174563162641.jpg,The engagement has come at the right time since there is need to reorganize the VURIA CFA
2024-08-15 11:54:18,2024-08-15,2024-08-15,Dickson NGATI,UKPact_NbS,Kenya,Taita Taveta,Mwatate,Mwambeta Village ,TRAINING - WORKSHOP_PERSON,,LOCAL_GOVERNANCE,,17,County GOVERNMENT OF TAITA TAVETA ICRAF VURIA CFA NATIONAL GOVERNMENT ADMINSTRATION KFS ,8,9,5,https://radrs.icraf.org/uploaded/media/JPEG_129dc4de-1229-4db2-a694-98b5910505b8_1254057708989532987.jpg,The attendance was affected a funeral nearby the meeting Venue and an organized youth meeting at Mwasange 
2024-08-16 11:58:13,2024-08-15,2024-08-15,Thomas Msagha,UKPact_NbS,Kenya,Taita Taveta,Wundanyi,Mwambeta Village,WORKSHOP_PERSON - TRAINING,,BUILDING_RELATIONSHIPS - LOCAL_GOVERNANCE,,27,County Government ICRAF Vuria CFA,9,15,3,https://radrs.icraf.org/uploaded/media/JPEG_952a215e-05e9-4b2e-ba85-2844dd7a3f00_4893241409610642245.jpg,The engagement was successful
2024-08-15 12:03:52,2024-08-15,2024-08-15,Thomas Msagha,UKPact_NbS,Kenya,Taita Taveta,Wundanyi,Mwambeta Village,WORKSHOP_PERSON - TRAINING,,BUILDING_RELATIONSHIPS - LOCAL_GOVERNANCE,,27,County Government ICRAF Vuria CFA,9,15,3,https://radrs.icraf.org/uploaded/media/JPEG_952a215e-05e9-4b2e-ba85-2844dd7a3f00_4893241409610642245.jpg,The engagement was successful
2024-08-16 11:58:14,2024-08-16,2024-08-16,Thomas Msagha,UKPact_NbS,Kenya,Taita Taveta,Wundanyi,Chimbi Village,WORKSHOP_ONLINE - WORKSHOP_PERSON - TRAINING,,LOCAL_GOVERNANCE,,40,County Government CFA Interior,19,14,7,https://radrs.icraf.org/uploaded/media/JPEG_556cd1f1-6b52-4335-8a0b-d7bfcb3919ab_8850243574404158356.jpg,The engagement was successful
2024-08-26 23:26:38,2024-08-16,2024-08-16,eltruder mbele,UKPact_NbS,Kenya,Taita Taveta,Wundanyi,mwanda chimbi village ,TRAINING,,LOCAL_GOVERNANCE - BUILDING_RELATIONSHIPS - SCALING,,38,ICRAF County of Taita Taveta CFA AWF,19,19,0,https://radrs.icraf.org/uploaded/media/JPEG_65119032-07b7-456c-a978-f0be3957c8a0_7961972110604361602.jpg,community was well ingeged and also interactive positive response 
2024-08-26 23:26:39,2024-08-19,2024-08-19,eltruder mbele,UKPact_NbS,Kenya,Taita Taveta,Wundanyi,Kisangarinyi,WORKSHOP_PERSON - TRAINING,,BUILDING_RELATIONSHIPS - LOCAL_GOVERNANCE - SCALING,,48,County Government Icraf CFA Interior ,12,36,0,https://radrs.icraf.org/uploaded/media/JPEG_101528fc-d35c-4635-bdc6-2c91d6a3c30b_171418430913901328.jpg,engagement was good 
2024-08-20 13:32:35,2024-08-20,2024-08-20,Thomas Msagha,UKPact_NbS,Kenya,Taita Taveta,Wundanyi,Mgange CBO,WORKSHOP_PERSON - TRAINING,Elections,SUB_NATIONAL_POLICY - LOCAL_GOVERNANCE,,91,CFA County Government Interior,46,46,5,https://radrs.icraf.org/uploaded/media/JPEG_88ec16f1-e25e-4091-9b25-26f3e1457e7c_4585042298775092570.jpg,Free and fair elections conducted
2024-09-10 12:56:23,2024-09-02,2024-09-02,eltruder mbele,UKPact_NbS,Kenya,Taita Taveta,Wundanyi,Mwanda location ,TRAINING,,LOCAL_GOVERNANCE,House hold Installation ,25,Community CFA GIZ Macycoop,5,20,0,https://radrs.icraf.org/uploaded/media/JPEG_ee9c10ed-e3fd-4a48-b226-efdaecbe3f49_5351808029239183896.jpg,
2024-09-08 23:18:11,2024-09-02,2024-09-02,eltruder mbele,UKPact_NbS,Kenya,Taita Taveta,Wundanyi,Mwanda location ,TRAINING,,LOCAL_GOVERNANCE,House hold Installation ,25,Community CFA GIZ Macycoop,5,20,0,https://radrs.icraf.org/uploaded/media/JPEG_ee9c10ed-e3fd-4a48-b226-efdaecbe3f49_5351808029239183896.jpg,
2024-09-08 23:18:31,2024-09-02,2024-09-02,eltruder mbele,UKPact_NbS,Kenya,Taita Taveta,Wundanyi,Mwanda location ,TRAINING,,LOCAL_GOVERNANCE,House hold Installation ,25,Community CFA GIZ Macycoop,5,20,0,https://radrs.icraf.org/uploaded/media/JPEG_ee9c10ed-e3fd-4a48-b226-efdaecbe3f49_5351808029239183896.jpg,
2024-09-10 12:56:29,2024-09-02,2024-09-02,eltruder mbele,UKPact_NbS,Kenya,Taita Taveta,Wundanyi,Mwanda location ,TRAINING,,LOCAL_GOVERNANCE,House hold Installation ,25,Community CFA GIZ Macycoop,5,20,0,https://radrs.icraf.org/uploaded/media/JPEG_ee9c10ed-e3fd-4a48-b226-efdaecbe3f49_5351808029239183896.jpg,
2024-09-10 12:56:31,2024-09-02,2024-09-02,eltruder mbele,UKPact_NbS,Kenya,Taita Taveta,Wundanyi,Mwanda location ,TRAINING,,LOCAL_GOVERNANCE,House hold Installation ,25,Community CFA GIZ Macycoop,5,20,0,https://radrs.icraf.org/uploaded/media/JPEG_ee9c10ed-e3fd-4a48-b226-efdaecbe3f49_5351808029239183896.jpg,
2024-09-10 12:56:36,2024-09-02,2024-09-02,eltruder mbele,UKPact_NbS,Kenya,Taita Taveta,Wundanyi,Mwanda location ,TRAINING,,LOCAL_GOVERNANCE,House hold Installation ,25,Community CFA GIZ Macycoop,5,20,0,https://radrs.icraf.org/uploaded/media/JPEG_ee9c10ed-e3fd-4a48-b226-efdaecbe3f49_5351808029239183896.jpg,
2024-09-10 12:56:37,2024-09-02,2024-09-02,eltruder mbele,UKPact_NbS,Kenya,Taita Taveta,Wundanyi,Mwanda location ,TRAINING,,LOCAL_GOVERNANCE,House hold Installation ,25,Community CFA GIZ Macycoop,5,20,0,https://radrs.icraf.org/uploaded/media/JPEG_ee9c10ed-e3fd-4a48-b226-efdaecbe3f49_5351808029239183896.jpg,
2024-09-10 12:56:39,2024-09-02,2024-09-02,eltruder mbele,UKPact_NbS,Kenya,Taita Taveta,Wundanyi,Mwanda location ,TRAINING,,LOCAL_GOVERNANCE,House hold Installation ,25,Community CFA GIZ Macycoop,5,20,0,https://radrs.icraf.org/uploaded/media/JPEG_ee9c10ed-e3fd-4a48-b226-efdaecbe3f49_5351808029239183896.jpg,
2024-09-10 12:56:43,2024-09-02,2024-09-02,eltruder mbele,UKPact_NbS,Kenya,Taita Taveta,Wundanyi,Mwanda location ,TRAINING,,LOCAL_GOVERNANCE,House hold Installation ,25,Community CFA GIZ Macycoop,5,20,0,https://radrs.icraf.org/uploaded/media/JPEG_ee9c10ed-e3fd-4a48-b226-efdaecbe3f49_5351808029239183896.jpg,
2024-09-10 16:16:42,2024-09-09,2024-09-09,Jackson Nyamai,UKPact_NbS,Kenya,Makueni,Makueni,Mungyani field ground,TRAINING,,SCALING,,36,Muambwani CFA Kalumbi CFA Muambwani Farmers,20,16,12,https://radrs.icraf.org/uploaded/media/JPEG_4e83bf5d-b54b-4fd9-ae55-3a3b850d0aaa_6663365273206144654.jpg,"well received and groups are very responsive
App is appreciated in land restoration practices "
2024-09-09 21:51:09,2024-09-09,2024-05-06,Pamela Mwangemi,UKPact_NbS,Kenya,Taita Taveta,Wundanyi,manbela grounds,WORKSHOP_PERSON,,BUILDING_RELATIONSHIPS,,89,Mwanda Villagers,35,42,12,https://radrs.icraf.org/uploaded/media/JPEG_3f059aa3-2580-4d1a-aac3-50b5c91c2335_6766980458608168809.jpg,members were impressed by the app and promised to use it keep track of their tree planting activit
2024-09-09 23:23:09,2024-09-09,2024-09-05,Jackson Nyamai,UKPact_NbS,Kenya,Makueni,Makueni,Muambwani CA project site,TRAINING,,SCALING,,22,Muambwani CA Muambwani CFA,12,10,6,https://radrs.icraf.org/uploaded/media/JPEG_6d3e7cbf-7b46-4397-a25a-82e585a274b7_3706876629442437846.jpg,"Reception and uptake excellent 
Group members requested more lessons on the Regreening App"
2024-09-10 12:59:48,2024-09-09,2024-09-09,eltruder mbele,UKPact_NbS,Kenya,Taita Taveta,Wundanyi,mwanda location Kisangarinyi,WORKSHOP_PERSON - TRAINING,,SCALING - BUILDING_RELATIONSHIPS - LOCAL_GOVERNANCE,energy saving installation ,30,GIZ Macy Coop Community and CFA ,7,23,0,https://radrs.icraf.org/uploaded/media/JPEG_2a738bd9-0c94-45eb-af15-cacc0ea36fa6_5818798996004611440.jpg,helping the community to base on clean cooking energy stove in each house hold 
2024-09-10 13:00:24,2024-09-09,2024-09-09,eltruder mbele,UKPact_NbS,Kenya,Taita Taveta,Wundanyi,mwanda location Kisangarinyi,WORKSHOP_PERSON - TRAINING,,SCALING - BUILDING_RELATIONSHIPS - LOCAL_GOVERNANCE,energy saving installation ,30,GIZ Macy Coop Community and CFA ,7,23,0,https://radrs.icraf.org/uploaded/media/JPEG_2a738bd9-0c94-45eb-af15-cacc0ea36fa6_5818798996004611440.jpg,helping the community to base on clean cooking energy stove in each house hold 
2024-09-10 13:47:15,2024-09-09,2024-09-09,eltruder mbele,UKPact_NbS,Kenya,Taita Taveta,Wundanyi,mwanda location Kisangarinyi,WORKSHOP_PERSON - TRAINING,,SCALING - BUILDING_RELATIONSHIPS - LOCAL_GOVERNANCE,energy saving installation ,30,GIZ Macy Coop Community and CFA ,7,23,0,https://radrs.icraf.org/uploaded/media/JPEG_2a738bd9-0c94-45eb-af15-cacc0ea36fa6_5818798996004611440.jpg,helping the community to base on clean cooking energy stove in each house hold 
2024-09-10 12:56:38,2024-09-09,2024-09-09,eltruder mbele,UKPact_NbS,Kenya,Taita Taveta,Wundanyi,mwanda location Kisangarinyi,WORKSHOP_PERSON - TRAINING,,SCALING - BUILDING_RELATIONSHIPS - LOCAL_GOVERNANCE,energy saving installation ,30,GIZ Macy Coop Community and CFA ,7,23,0,https://radrs.icraf.org/uploaded/media/JPEG_2a738bd9-0c94-45eb-af15-cacc0ea36fa6_5818798996004611440.jpg,helping the community to base on clean cooking energy stove in each house hold 
2024-09-10 16:05:05,2024-09-09,2024-09-05,Jackson Nyamai,UKPact_NbS,Kenya,Makueni,Makueni,Muambwani CA project site,TRAINING,,SCALING,,22,Muambwani CA Muambwani CFA,12,10,6,https://radrs.icraf.org/uploaded/media/JPEG_6d3e7cbf-7b46-4397-a25a-82e585a274b7_3706876629442437846.jpg,"Reception and uptake excellent 
Group members requested more lessons on the Regreening App"
2024-09-10 16:46:46,2024-09-10,2024-09-09,Jackson Nyamai,UKPact_NbS,Kenya,Makueni,Makueni,Muambwani CFA,TRAINING,,SCALING,,0,Muambwani CFA Kithembeoni Youth Katundu Youth,0,0,0,None,None
2024-09-10 12:57:59,2024-09-10,2024-09-10,eltruder mbele,UKPact_NbS,Kenya,Taita Taveta,Wundanyi,Lavender hotel Wundanyi ,TRAINING - WORKSHOP_PERSON,,LOCAL_GOVERNANCE - SCALING - SUB_NATIONAL_POLICY - BUILDING_RELATIONSHIPS,reviewing of Taita Taveta forest policy,45,County government Nature Kenya  CFA Community ,22,23,0,https://radrs.icraf.org/uploaded/media/JPEG_bd6069da-b3b4-40a2-9019-0129976d854e_732237577239593131.jpg,
2024-09-10 13:47:20,2024-09-10,2024-09-10,eltruder mbele,UKPact_NbS,Kenya,Taita Taveta,Wundanyi,Lavender hotel Wundanyi ,TRAINING - WORKSHOP_PERSON,,LOCAL_GOVERNANCE - SCALING - SUB_NATIONAL_POLICY - BUILDING_RELATIONSHIPS,reviewing of Taita Taveta forest policy,45,County government Nature Kenya  CFA Community ,22,23,0,https://radrs.icraf.org/uploaded/media/JPEG_bd6069da-b3b4-40a2-9019-0129976d854e_732237577239593131.jpg,
2024-09-11 10:43:27,2024-09-11,2024-09-09,Silvester Mkamaganga,UKPact_NbS,Kenya,Taita Taveta,Mwatate,Dawida county Hotel,WORKSHOP_PERSON,,SUB_NATIONAL_POLICY,,44,Nature Kenya KFS County Government ,28,16,5,https://radrs.icraf.org/uploaded/media/JPEG_424e2723-22fe-4cde-9339-01dee8e5b8d4_6035792901779811108.jpg,
2024-09-11 10:43:27,2024-09-11,2024-09-09,Silvester Mkamaganga,UKPact_NbS,Kenya,Taita Taveta,Mwatate,Dawida county Hotel,WORKSHOP_PERSON,,SUB_NATIONAL_POLICY,,44,Nature Kenya KFS County Government ,28,16,5,https://radrs.icraf.org/uploaded/media/JPEG_424e2723-22fe-4cde-9339-01dee8e5b8d4_6035792901779811108.jpg,
2024-09-11 10:43:29,2024-09-11,2024-09-06,Silvester Mkamaganga,UKPact_NbS,Kenya,Taita Taveta,Taveta,Green park hotel ,WORKSHOP_PERSON,,SUB_NATIONAL_POLICY,,45,County Government Nature Kenya KFS,29,16,3,https://radrs.icraf.org/uploaded/media/JPEG_187cb7e8-ef7b-42f5-8921-d990e1e05cd8_6575408810429722965.jpg,
2024-09-11 10:43:29,2024-09-11,2024-09-06,Silvester Mkamaganga,UKPact_NbS,Kenya,Taita Taveta,Taveta,Green park hotel ,WORKSHOP_PERSON,,SUB_NATIONAL_POLICY,,45,County Government Nature Kenya KFS,29,16,3,https://radrs.icraf.org/uploaded/media/JPEG_187cb7e8-ef7b-42f5-8921-d990e1e05cd8_6575408810429722965.jpg,
2024-09-11 13:09:34,2024-09-11,2024-09-11,Pamela Mwangemi,UKPact_NbS,Kenya,Taita Taveta,Wundanyi,wundanyi social hall,WORKSHOP_PERSON,,BUILDING_RELATIONSHIPS,regreening app training,120,Dcc Chiefs And Community,65,32,23,https://radrs.icraf.org/uploaded/media/JPEG_a6a22541-605e-4e3c-85bc-a77adcd44a7f_6863601444896974573.jpg,had very fruitful engagement and participants embraced the app and promised to use to keep track of their restoration activities 
2024-09-11 13:02:59,2024-09-11,2024-09-11,Mwadime Kishiki,UKPact_NbS,Kenya,Taita,Voi,Avid hotel,WORKSHOP_PERSON,,LOCAL_GOVERNANCE,,32,CFAs Usaid Nature Kenya,22,10,0,https://radrs.icraf.org/uploaded/media/JPEG_c7231d33-e7e5-48ef-b7c0-44ce20c3b0b3_8099102111504956420.jpg,
2024-09-12 20:08:56,2024-09-12,2024-09-12,Pamela Mwangemi,UKPact_NbS,Kenya,Taita Taveta,Wundanyi,manbela grounds ,WORKSHOP_PERSON,Village Baraza AND Harambee,LOCAL_GOVERNANCE,,14,Community ,4,6,4,https://radrs.icraf.org/uploaded/media/JPEG_c4a900ba-7a5a-4b2b-b4d5-824c19bd1155_2981149492586191857.jpg,participants who have a tree nursery embraced the app well and promised to use the app in documenting their data
2024-09-16 10:28:31,2024-09-13,2024-09-12,Silvester Mkamaganga,UKPact_NbS,Kenya,Taita Taveta,Wundanyi,choke tree nursery ,TRAINING,,BUILDING_RELATIONSHIPS,Tree nursery training ,30,CG TTWCA KEFRI ,14,16,15,https://radrs.icraf.org/uploaded/media/JPEG_c7ef0436-1be0-4dd6-9e8d-2736aedf469c_6819041710842500125.jpg,youth are below 35yrs
2024-09-16 10:28:36,2024-09-16,2024-09-13,Silvester Mkamaganga,UKPact_NbS,Kenya,Taita Taveta,Wundanyi,Choke tree nursery ,TRAINING,,BUILDING_RELATIONSHIPS,,28,TTWCA CG KEFRI ,16,12,16,https://radrs.icraf.org/uploaded/media/JPEG_5d74776d-d331-426d-be33-7dd7dc7013a7_6965715302686527579.jpg,
2024-09-26 15:05:33,2024-09-26,2024-09-26,Silas Muthuri,UKPact_NbS,Kenya,Makueni,Makueni,Wote,WORKSHOP_PERSON,,SCALING,,56,IITA AGROECOLOGU ALLIANCE BIOVERSITY  IOFMAK,34,22,7,https://radrs.icraf.org/uploaded/media/JPEG_eb2fbf4a-de37-4cdd-b4e9-d367cf510fdb_5345574370495324296.jpg,
2024-10-01 12:56:58,2024-10-01,2024-10-01,eltruder mbele,UKPact_NbS,Kenya,Taita,Voi,Avid Hotel mi,TRAINING - WORKSHOP_PERSON,,BUILDING_RELATIONSHIPS - NATIONAL_POLICY - LOCAL_GOVERNANCE - SCALING - SUB_NATIONAL_POLICY,,48,Nature Kenya County government  AWF CFA and Internal Interior ,31,17,0,https://radrs.icraf.org/uploaded/media/JPEG_04968a16-5bed-4ee5-95e4-dd7f7f5f7ebe_1836372486047959584.jpg,community empowerment of the CFA management committee on how to run the CFA
2024-10-16 15:05:09,2024-10-16,2024-10-16,Silas Muthuri,UKPact_NbS,Kenya,Makueni,Mbooni,Tawa Makueni,TRAINING,,BUILDING_RELATIONSHIPS,,54,AWF ICRAF COUNTY,33,21,11,https://radrs.icraf.org/uploaded/media/JPEG_ee6b6a04-283c-4ed1-91e5-bb26c07d8059_1793116108909933481.jpg,CFA DELEGATES AGM
2024-10-24 15:38:00,2024-10-24,2024-10-24,Silas Muthuri,UKPact_NbS,Kenya,Taita Taveta,Wundanyi,Wundanyi,TRAINING - WORKSHOP_PERSON,,SCALING - BUILDING_RELATIONSHIPS,,47,AWF County Govt ICRAF ,25,22,13,https://radrs.icraf.org/uploaded/media/JPEG_1af533a7-150e-4a8e-9c5c-353c0bda2807_4904927026111427402.jpg,
2024-11-15 06:38:10,2024-11-14,2024-11-14,Silas Muthuri,UKPact_NbS,Kenya,Taita,Voi,Voi Wildlife Lodge,TRAINING - WORKSHOP_PERSON,,BUILDING_RELATIONSHIPS - SCALING,,52,KFS County Govt of Taita Taveta AWF,30,22,27,https://radrs.icraf.org/uploaded/media/JPEG_d09b8456-7026-42a0-91c5-20679cb42e9f_5555967842774781300.jpg,
2024-12-03 22:40:22,2024-11-14,2024-11-14,Silas Muthuri,UKPact_NbS,Kenya,Taita,Voi,Voi Wildlife Lodge,TRAINING - WORKSHOP_PERSON,,BUILDING_RELATIONSHIPS - SCALING,,52,KFS County Govt of Taita Taveta AWF,30,22,27,https://radrs.icraf.org/uploaded/media/JPEG_d09b8456-7026-42a0-91c5-20679cb42e9f_5555967842774781300.jpg,
2025-01-06 16:15:02,2025-01-06,2025-01-06,Ishaq Idris,UKPact_NbS,Kenya,Taita,Voi,Bona Social Hall,WORKSHOP_PERSON - TRAINING,,BUILDING_RELATIONSHIPS - LOCAL_GOVERNANCE,,11,Community Local Elders,8,3,11,https://radrs.icraf.org/uploaded/media/JPEG_b65f69bf-d5cc-4e89-89d3-067e2e3da57d_4917974686652354428.jpg,we engage on how we can have a clean up and tree planting once every month last Fri of every month
2025-01-31 14:11:47,2025-01-31,2025-01-31,Ishaq Idris,UKPact_NbS,Kenya,Taita,Voi,Kalela Primary School,WORKSHOP_PERSON - TRAINING,,LOCAL_GOVERNANCE - BUILDING_RELATIONSHIPS,,180,Teachers And Primary Students,120,60,160,https://radrs.icraf.org/uploaded/media/JPEG_d62e16c6-82d5-4b80-a1aa-163b7b916266_7831559840918918929.jpg,It was a wonderful training and Capacity Building to primary teachers administration and students from Environment Club who will take care of the trees
2025-01-31 14:11:58,2025-01-31,2025-01-31,Ishaq Idris,UKPact_NbS,Kenya,Taita,Voi,Kalela Primary School,WORKSHOP_PERSON - TRAINING,,LOCAL_GOVERNANCE - BUILDING_RELATIONSHIPS,,180,Teachers And Primary Students,120,60,160,https://radrs.icraf.org/uploaded/media/JPEG_d62e16c6-82d5-4b80-a1aa-163b7b916266_7831559840918918929.jpg,It was a wonderful training and Capacity Building to primary teachers administration and students from Environment Club who will take care of the trees
2025-01-31 14:12:39,2025-01-31,2025-01-31,Ishaq Idris,UKPact_NbS,Kenya,Taita,Voi,Kalela Primary School,WORKSHOP_PERSON - TRAINING,,LOCAL_GOVERNANCE - BUILDING_RELATIONSHIPS,,180,Teachers And Primary Students,120,60,160,https://radrs.icraf.org/uploaded/media/JPEG_d62e16c6-82d5-4b80-a1aa-163b7b916266_7831559840918918929.jpg,It was a wonderful training and Capacity Building to primary teachers administration and students from Environment Club who will take care of the trees
2025-02-09 09:07:52,2025-02-09,2025-02-08,Ishaq Idris,UKPact_NbS,Kenya,Taita,Voi,Sofia Kaloleni Ward,WORKSHOP_PERSON - TRAINING - FIELD_TRIP,,SUB_NATIONAL_POLICY - BUILDING_RELATIONSHIPS - LOCAL_GOVERNANCE,,55,County Government Community And Youth Groups,35,20,55,https://radrs.icraf.org/uploaded/media/JPEG_b9b1172e-7bbe-4da1-a4d9-a9af09fbe740_6581265473177102329.jpg,Wonderful Exercise as youths are very ready and have passion matters Environment as we cleans our streets and we planted 50 trees
2025-07-25 11:54:30,2025-07-25,2025-07-24,Jackline Mwikali,UKPact_NbS,Kenya,Makueni,Kibwezi East,machinery town,WORKSHOP_PERSON,,LOCAL_GOVERNANCE,,30,Women,4,26,9,https://radrs.icraf.org/uploaded/media/JPEG_2a4d2d25-cd94-4e88-a5f9-23bdfd35da10_3695117853313142550.jpg,A group of women with a mixed gender
2025-07-25 13:57:47,2025-07-25,2025-07-25,Silas Muthuri,UKPact_NbS,Kenya,online,Online,"Zoom call
Virtual",WORKSHOP_ONLINE,,SCALING,refresher training,18,Enumerators,12,6,0,https://radrs.icraf.org/uploaded/media/JPEG_2ed90811-9329-4841-80a1-df0662258e64_8331542035182268751.jpg,a refresher training for the forthcoming regreening app data collection
2025-07-29 20:35:25,2025-07-29,2025-07-29,GEORGE MUSYOKI,UKPact_NbS,Kenya,Makueni,Kibwezi East,lukenya University Mtito Andei,WORKSHOP_PERSON,,BUILDING_RELATIONSHIPS - SCALING,,12,Esther Muli Shadrack Benard Kivyatu,10,2,3,https://radrs.icraf.org/uploaded/media/JPEG_c1d08dd0-75fd-4e59-9d10-c07f370cdc0c_161870891140451315.jpg,
2025-07-29 20:30:39,2025-07-29,2025-07-29,GEORGE MUSYOKI,UKPact_NbS,Kenya,Makueni,Kibwezi East,lukenya University Mtito Andei,WORKSHOP_PERSON,,BUILDING_RELATIONSHIPS - SCALING,,12,Esther Muli Shadrack Benard Kivyatu,10,2,3,https://radrs.icraf.org/uploaded/media/JPEG_c1d08dd0-75fd-4e59-9d10-c07f370cdc0c_161870891140451315.jpg,
2025-07-29 20:30:51,2025-07-29,2025-07-29,GEORGE MUSYOKI,UKPact_NbS,Kenya,Makueni,Kibwezi East,lukenya University Mtito Andei,WORKSHOP_PERSON,,BUILDING_RELATIONSHIPS - SCALING,,12,Esther Muli Shadrack Benard Kivyatu,10,2,3,https://radrs.icraf.org/uploaded/media/JPEG_c1d08dd0-75fd-4e59-9d10-c07f370cdc0c_161870891140451315.jpg,
2025-07-29 20:34:36,2025-07-29,2025-07-29,GEORGE MUSYOKI,UKPact_NbS,Kenya,Makueni,Kibwezi East,lukenya University Mtito Andei,WORKSHOP_PERSON,,BUILDING_RELATIONSHIPS - SCALING,,12,Esther Muli Shadrack Benard Kivyatu,10,2,3,https://radrs.icraf.org/uploaded/media/JPEG_c1d08dd0-75fd-4e59-9d10-c07f370cdc0c_161870891140451315.jpg,
2025-07-29 20:34:49,2025-07-29,2025-07-29,GEORGE MUSYOKI,UKPact_NbS,Kenya,Makueni,Kibwezi East,lukenya University Mtito Andei,WORKSHOP_PERSON,,BUILDING_RELATIONSHIPS - SCALING,,12,Esther Muli Shadrack Benard Kivyatu,10,2,3,https://radrs.icraf.org/uploaded/media/JPEG_c1d08dd0-75fd-4e59-9d10-c07f370cdc0c_161870891140451315.jpg,
2025-07-29 21:30:24,2025-07-29,2025-07-29,GEORGE MUSYOKI,UKPact_NbS,Kenya,Makueni,Kibwezi East,lukenya University Mtito Andei,WORKSHOP_PERSON,,BUILDING_RELATIONSHIPS - SCALING,,12,Esther Muli Shadrack Benard Kivyatu,10,2,3,https://radrs.icraf.org/uploaded/media/JPEG_c1d08dd0-75fd-4e59-9d10-c07f370cdc0c_161870891140451315.jpg,
2025-07-29 21:30:37,2025-07-29,2025-07-29,GEORGE MUSYOKI,UKPact_NbS,Kenya,Makueni,Kibwezi East,lukenya University Mtito Andei,WORKSHOP_PERSON,,BUILDING_RELATIONSHIPS - SCALING,,12,Esther Muli Shadrack Benard Kivyatu,10,2,3,https://radrs.icraf.org/uploaded/media/JPEG_c1d08dd0-75fd-4e59-9d10-c07f370cdc0c_161870891140451315.jpg,
2025-07-30 13:02:59,2025-07-29,2025-07-29,GEORGE MUSYOKI,UKPact_NbS,Kenya,Makueni,Kibwezi East,lukenya University Mtito Andei,WORKSHOP_PERSON,,BUILDING_RELATIONSHIPS - SCALING,,12,Esther Muli Shadrack Benard Kivyatu,10,2,3,https://radrs.icraf.org/uploaded/media/JPEG_c1d08dd0-75fd-4e59-9d10-c07f370cdc0c_161870891140451315.jpg,
2025-07-30 13:04:14,2025-07-29,2025-07-29,GEORGE MUSYOKI,UKPact_NbS,Kenya,Makueni,Kibwezi East,lukenya University Mtito Andei,WORKSHOP_PERSON,,BUILDING_RELATIONSHIPS - SCALING,,12,Esther Muli Shadrack Benard Kivyatu,10,2,3,https://radrs.icraf.org/uploaded/media/JPEG_c1d08dd0-75fd-4e59-9d10-c07f370cdc0c_161870891140451315.jpg,
2025-07-30 17:16:24,2025-07-29,2025-07-29,GEORGE MUSYOKI,UKPact_NbS,Kenya,Makueni,Kibwezi East,lukenya University Mtito Andei,WORKSHOP_PERSON,,BUILDING_RELATIONSHIPS - SCALING,,12,Esther Muli Shadrack Benard Kivyatu,10,2,3,https://radrs.icraf.org/uploaded/media/JPEG_c1d08dd0-75fd-4e59-9d10-c07f370cdc0c_161870891140451315.jpg,
2025-08-01 19:43:15,2025-07-29,2025-07-29,GEORGE MUSYOKI,UKPact_NbS,Kenya,Makueni,Kibwezi East,lukenya University Mtito Andei,WORKSHOP_PERSON,,BUILDING_RELATIONSHIPS - SCALING,,12,Esther Muli Shadrack Benard Kivyatu,10,2,3,https://radrs.icraf.org/uploaded/media/JPEG_c1d08dd0-75fd-4e59-9d10-c07f370cdc0c_161870891140451315.jpg,
2025-08-09 17:25:41,2025-08-09,2025-08-06,Silas Muthuri,UKPact_NbS,Kenya,Makueni,Makueni,Wote  Makueni LL FARMERS COMPOUND,TRAINING,,SCALING,,43,Afrogrow Partners,18,25,23,https://radrs.icraf.org/uploaded/media/JPEG_2918ff0e-ecd9-4e5a-bc98-274010290076_5686573319713097074.jpg,
2025-08-27 16:58:43,2025-08-21,2025-08-21,Silas Muthuri,UKPact_NbS,Kenya,Makueni,Mbooni,farmers farm,TRAINING,,SCALING,agroforestry composting,0,KFS NATIONAL GOVT,0,0,0,None,None
2025-08-27 16:58:44,2025-08-26,2025-08-26,Silas Muthuri,UKPact_NbS,Kenya,Makueni,Mbooni,Ngunguu forest block,TRAINING,,SCALING,,28,CFA,14,14,6,https://radrs.icraf.org/uploaded/media/JPEG_e62b6c9f-d873-4969-bcee-745e4056209a_3536786174652666759.jpg,
2025-09-21 10:31:34,2025-08-27,2025-08-27,Onesmus Mulinge,UKPact_NbS,Kenya,Makueni,Mbooni,ngunguu,TRAINING,,SCALING,,3,Farmers County,1,1,1,https://radrs.icraf.org/uploaded/media/JPEG_4808d653-ab4a-4c23-ae1b-8dd0a5979295_8837956429018821838.jpg,l have gained knowledge of decomposing manure during training   and also how make nursery beds
2025-09-21 10:30:43,2025-08-27,2025-08-27,Onesmus Mulinge,UKPact_NbS,Kenya,Makueni,Mbooni,ngunguu,TRAINING,,SCALING,,3,Farmers County,1,1,1,https://radrs.icraf.org/uploaded/media/JPEG_4808d653-ab4a-4c23-ae1b-8dd0a5979295_8837956429018821838.jpg,l have gained knowledge of decomposing manure during training   and also how make nursery beds
2025-08-29 17:06:50,2025-08-29,2025-08-29,Silas Muthuri,UKPact_NbS,Kenya,Makueni,Mbooni,Mulooni,TRAINING,,SCALING,,30,CfA,12,18,6,https://radrs.icraf.org/uploaded/media/JPEG_adac0970-bbb4-4722-9e0f-21809c9d6188_1762621639978700766.jpg,
2025-12-09 11:07:09,2025-12-09,2025-12-09,Augustus Mulavu,UKPact_NbS,Kenya,Makueni,Mbooni,North Mbooni,TRAINING,,BUILDING_RELATIONSHIPS - SCALING,,8,Farmers  Icraf,5,3,0,https://radrs.icraf.org/uploaded/media/JPEG_bac4f5da-6178-4eb4-9415-db390278706e_3051037236745507915.jpg,the participation was well represented
2025-12-09 11:12:02,2025-12-09,2025-12-09,Anthony Nzioki,UKPact_NbS,Kenya,Makueni,Mbooni,north mbooni,TRAINING,,SCALING - BUILDING_RELATIONSHIPS,,8,Farmers  Icruf,5,3,0,https://radrs.icraf.org/uploaded/media/JPEG_f6a56156-a0f5-47dc-a847-bdab81137be6_1390350255.jpg,well represented
2025-12-09 13:06:21,2025-12-09,2025-12-09,Patrick Mwanzia,UKPact_NbS,Kenya,Makueni,Mbooni,kandula village,WORKSHOP_PERSON,,SCALING,,11,Community Government,6,1,4,https://radrs.icraf.org/uploaded/media/JPEG_52a6809f-30dd-4037-ad05-1a546d9429bf_1266691413881615037.jpg,"training was engaging
need more training
was paticipatory"
2025-12-09 13:27:21,2025-12-09,2025-12-09,Faith Kaunda,UKPact_NbS,Kenya,Makueni,Mbooni,Kandula,TRAINING - WORKSHOP_PERSON,,SCALING,,11,Government  Community,6,1,4,https://radrs.icraf.org/uploaded/media/JPEG_d9eaa94d-8967-45e8-8d42-eaec78a0432f_6324533974151018511.jpg,"It was  successful More enganging members were actively participating
We need more training"
2025-12-11 19:50:44,2025-12-09,2025-12-09,Jackline Joel,UKPact_NbS,Kenya,Makueni,Mbooni,kandula,WORKSHOP_PERSON - TRAINING,,SCALING,,11,Community National Government,6,1,4,https://radrs.icraf.org/uploaded/media/JPEG_39dbfd37-5cf9-4a4f-a447-943721e5ef30_4160374198467218830.jpg,was awesome
2025-12-10 12:17:47,2025-12-10,2025-12-10,George Kavoi,UKPact_NbS,Kenya,Makueni,Mbooni,Mavindu,TRAINING,,SCALING,,13,13,8,5,1,https://radrs.icraf.org/uploaded/media/JPEG_ccd83db1-2000-429d-9be5-3d973c99f3ce_3022569843458189580.jpg,gender equality
2025-12-10 12:23:07,2025-12-10,2025-12-10,Winfred Itute,UKPact_NbS,Kenya,Makueni,Mbooni,Mavindu,TRAINING,,SCALING,,13,13,8,5,1,https://radrs.icraf.org/uploaded/media/JPEG_b6d72b88-c227-4654-b6d9-714f4ef158f4_8671364260514697890.jpg,gender equality
2025-12-10 12:24:46,2025-12-10,2025-12-10,Richard Komu,UKPact_NbS,Kenya,Makueni,Mbooni,mavindu,TRAINING,,SCALING,,13,CFA Members,8,5,3,https://radrs.icraf.org/uploaded/media/JPEG_da31b793-c28e-464f-bd54-7995fff6f5d1_8811746757459406648.jpg,gender inclusivity
2025-12-10 12:25:26,2025-12-10,2025-12-10,Richard mutua,UKPact_NbS,Kenya,Makueni,Mbooni,mavindu,TRAINING,,SCALING,,13,Cfa Members,8,5,3,None,gender inclusion met
2025-12-10 13:47:45,2025-12-10,2025-12-10,Nancy Kitungule,UKPact_NbS,Kenya,Makueni,Mbooni,Mavindu,TRAINING,,SCALING,,13,13,8,5,1,https://radrs.icraf.org/uploaded/media/JPEG_a383c8c1-6dfb-492c-9a06-83e6ce6921c1_6321621603266724898.jpg,gender equality
2025-12-11 12:48:49,2025-12-11,2025-12-11,David Mulu,UKPact_NbS,Kenya,Makueni,Mbooni,utangwa mutunduni,TRAINING - WORKSHOP_PERSON,,BUILDING_RELATIONSHIPS - SCALING,,11,Countycomu,7,2,2,https://radrs.icraf.org/uploaded/media/JPEG_133f0ee8-c854-43ad-8d9a-dcc2e519ef6b_4665266860507723888.jpg,we need more training andtime toprepare the farmers
2025-12-11 12:53:48,2025-12-11,2025-12-11,Albhanus Muoki,UKPact_NbS,Kenya,Makueni,Mbooni,Utangwa mutunduni,TRAINING,,SCALING,,11,Community,7,2,2,https://radrs.icraf.org/uploaded/media/JPEG_869dd291-7de6-43ef-a389-c7b9651d3ef7_2441943754118102661.jpg,Our training was very intresting for we have learned many practises in our coserning agriculture
2025-12-11 12:46:28,2025-12-11,2025-11-11,Onesmus Kyangailo,UKPact_NbS,Kenya,Makueni,Mbooni,utangwa mutunduni,WORKSHOP_PERSON - TRAINING,,SCALING,,11,County Government Community,7,2,2,https://radrs.icraf.org/uploaded/media/JPEG_1ff2b510-f96f-4acf-9e19-1618c4efb0dd_8976556429215435992.jpg,"the training was educative and resourceful for future plannings and engagements more trainings are much needed more so on nursery and tree planting 
addition of time allocated for training need to be added"
2025-12-23 10:37:27,2025-12-14,2025-12-05,Richard Komu,UKPact_NbS,Kenya,Makueni,Mbooni,mulima coffee factory,FIELD_TRIP,,LOCAL_GOVERNANCE,,35,CFA Members,15,20,8,https://radrs.icraf.org/uploaded/media/JPEG_ff6b785d-0d64-4503-a829-7d42746716b5_191183377735006931.jpg,pwds included
2026-01-06 22:03:51,2026-01-06,2026-01-06,Richard Komu,UKPact_NbS,Kenya,Makueni,Mbooni,nzeveni,FIELD_TRIP,,LOCAL_GOVERNANCE,,29,Village Elders,20,9,2,https://radrs.icraf.org/uploaded/media/JPEG_179ba11e-1503-4cd1-b7f2-d3a5069d8042_1790779173380427906.jpg,pwds represented
