Tree Scientific Name,Tree Local Name,Total Trees Planted,Total Trees Survived,Tree Usage,Other Tree Usages,has_fruits,country
,mjohoro,1500,1500,SHADE ,,False,Kenya
,mjohoro,1500,1500,SHADE ,,False,Kenya
,mgelevia,5,2,FIREWOOD SOIL_FERTILITY SHADE CONSTRUCTION ,,False,Kenya
,Kisungwa,50,30,FRUITS SHADE ,,True,Kenya
Persea americana,Kivakato,10,2,FRUITS SHADE ,,True,Kenya
Asimina triloba,Kivavai,20,7,FRUITS ,,True,Kenya
Mangifera indica,Yiembe,300,240,FIREWOOD FRUITS SHADE SOIL_FERTILITY ,,True,Kenya
,Musu,20,20,OTHER ,harvest butterflies lavae,False,Kenya
,Msuruwache,9,9,OTHER ,none,False,Kenya
Croton megalocarpus,,30,9,SHADE FIREWOOD ,,False,Kenya
Croton megalocarpus,croton,2000,700,SHADE FIREWOOD ,,False,Kenya
Melia volkensii,,300,200,FIREWOOD CONSTRUCTION FODDER ,,False,Kenya
,Mlezen,100,40,SHADE ,,False,Kenya
Azadirachta indica,muarubaini,200,100,SHADE CONSTRUCTION FIREWOOD MEDICINAL FODDER ,,False,Kenya
Croton megalocarpus,muthuru,20,18,SHADE ,,False,Kenya
Combretum acutum,mutithi,100,86,CONSTRUCTION SHADE FIREWOOD ,,False,Kenya
melia volkensii,mukau,30,24,CONSTRUCTION SHADE MEDICINAL FIREWOOD ,,False,Kenya
Commiphora africana,itula,10,9,SHADE FIREWOOD ,,False,Kenya
senna siammea,musukulu,100,91,CONSTRUCTION SHADE FIREWOOD ,,False,Kenya
Lannea rivae,kyusya,10,6,SHADE ,,False,Kenya
Terminalia brownii,muuku,50,39,SHADE MEDICINAL FIREWOOD ,,False,Kenya
melia volkensii,mukau,30,24,CONSTRUCTION SHADE MEDICINAL FIREWOOD ,,False,Kenya
Combretum acutum,mutithi,100,86,CONSTRUCTION SHADE FIREWOOD ,,False,Kenya
Terminalia brownii,muuku,50,39,SHADE MEDICINAL FIREWOOD ,,False,Kenya
senna siammea,musukulu,100,91,CONSTRUCTION SHADE FIREWOOD ,,False,Kenya
Croton megalocarpus,muthuru,20,18,SHADE ,,False,Kenya
Commiphora africana,itula,10,9,SHADE FIREWOOD ,,False,Kenya
Lannea rivae,kyusya,10,6,SHADE ,,False,Kenya
Citrus sinensis,Kisungwa,20,10,SHADE FRUITS FODDER SOIL_FERTILITY FIREWOOD MEDICINAL ,,True,Kenya
Grevillea robusta,Mukima,100,70,SHADE FODDER FIREWOOD CONSTRUCTION ,,False,Kenya
,royal palm,20,15,SHADE SOIL_FERTILITY ,flower,False,Kenya
Mangifera indica,Maembe,20,12,SHADE FRUITS FIREWOOD SOIL_FERTILITY ,,True,Kenya
,Masungwa,150,120,SHADE FRUITS FIREWOOD SOIL_FERTILITY ,,True,Kenya
Grevillea robusta,gluveria,3200,3000,SOIL_FERTILITY CONSTRUCTION FIREWOOD SHADE ,,False,Kenya
,Iiyu,500,500,SOIL_FERTILITY FRUITS SHADE FODDER ,,True,Kenya
Carica papaya,kivavai,100,70,FRUITS ,,True,Kenya
Persea americana,ivakato,200,180,SOIL_FERTILITY FRUITS FIREWOOD SHADE ,,True,Kenya
,Kisungwa,50,40,SOIL_FERTILITY FRUITS FIREWOOD SHADE ,,True,Kenya
,mukau,10,8,SOIL_FERTILITY CONSTRUCTION FIREWOOD SHADE FODDER ,,False,Kenya
passiflora edulis,makundi,1000,700,SOIL_FERTILITY FRUITS ,,True,Kenya
Carica papaya,Ivavai,300,250,SOIL_FERTILITY FRUITS ,,True,Kenya
,kiuuku,100,70,SOIL_FERTILITY CONSTRUCTION FIREWOOD SHADE ,,False,Kenya
Carica papaya,pawpaw,3,1,SOIL_FERTILITY FRUITS ,,True,Kenya
,KIEMBE,20,12,FIREWOOD SHADE FRUITS ,,True,Kenya
,mjohoro,300,287,FIREWOOD SHADE ,,False,Kenya
,Ashok,1200,1150,SHADE ,,False,Kenya
,kitomoko,10,3,FRUITS FIREWOOD ,,True,Kenya
,kitomoko,10,3,FRUITS FIREWOOD ,,True,Kenya
,mwarubaini,7,3,CONSTRUCTION SHADE MEDICINAL FIREWOOD ,,False,Kenya
,Jacarada,20,10,SOIL_FERTILITY CONSTRUCTION FIREWOOD ,,False,Kenya
Citrus sinensis,Masungwa,500,350,SOIL_FERTILITY SHADE FRUITS FIREWOOD ,,True,Kenya
Azadirachta indica,neem,15,11,SHADE FODDER SOIL_FERTILITY CONSTRUCTION FIREWOOD MEDICINAL ,,False,Kenya
Mangifera indica,mango,5,3,SOIL_FERTILITY FRUITS ,,True,Kenya
mangifera indica,maembe,100,75,FRUITS SHADE ,,True,Kenya
Citrus sinensis,musungwa,100,80,FRUITS SHADE MEDICINAL ,,True,Kenya
,leucaena,25,25,CONSTRUCTION FIREWOOD ,,False,Kenya
,mpenda bure,10,10,CONSTRUCTION FIREWOOD ,,False,Kenya
,mlezeni,15,15,CONSTRUCTION FIREWOOD ,,False,Kenya
,mlezeni,500,500,CONSTRUCTION FIREWOOD ,,False,Kenya
,Orange tree,12,12,FRUITS ,,True,Kenya
melia Volkensii,,11,4,CONSTRUCTION SHADE ,,False,Kenya
,mfenesi,8,3,FRUITS ,,True,Kenya
,croton,35,35,SHADE ,none,False,Kenya
,mlezeni,30,9,CONSTRUCTION FODDER ,,False,Kenya
Grevillea robusta,,50,24,CONSTRUCTION ,,False,Kenya
,Gluvelia,40,35,CONSTRUCTION SHADE ,,False,Kenya
,kipera,5,2,FRUITS ,,True,Kenya
,kitomoko mwitu,1,1,FRUITS ,,True,Kenya
,Mkungu,25,23,SHADE FRUITS ,,True,Kenya
,mjohoro,50,30,SHADE ,,False,Kenya
,avocado,5,3,SHADE FRUITS ,,True,Kenya
,mwarubaini,15,15,SHADE MEDICINAL ,,False,Kenya
,neem,30,24,MEDICINAL ,,False,Kenya
,grvillea,50,40,CONSTRUCTION FIREWOOD ,,False,Kenya
,lucena,20,20,FODDER SOIL_FERTILITY ,seed collection,False,Kenya
Melia volkensii,melia,35,34,FODDER SOIL_FERTILITY CONSTRUCTION FIREWOOD ,,False,Kenya
,koma manga,12,12,FRUITS ,,True,Kenya
,mchora,15,13,FODDER SOIL_FERTILITY CONSTRUCTION FIREWOOD ,seed collection,False,Kenya
,grivelia,150,100,SOIL_FERTILITY SHADE FIREWOOD CONSTRUCTION ,,False,Kenya
,ashok,100,100,SHADE ,beautification,False,Kenya
Senna singueana,Muchola,100,70,SOIL_FERTILITY FODDER SHADE CONSTRUCTION FIREWOOD ,,False,Kenya
sarac,Ashok,100,50,SOIL_FERTILITY SHADE ,,False,Kenya
,Australian grevillea,700,450,FIREWOOD SHADE ,,False,Kenya
,senna,45,22,CONSTRUCTION FIREWOOD ,,False,Kenya
,mpenda bure,100,100,CONSTRUCTION FIREWOOD ,,False,Kenya
,Mlezeni,50,45,SHADE CONSTRUCTION FIREWOOD ,,False,Kenya
,Ashok,30,24,CONSTRUCTION SHADE ,,False,Kenya
,Muembe,25,20,FIREWOOD SHADE FRUITS ,,True,Kenya
,kisambalau,2,2,FRUITS ,,True,Kenya
Syzygium carmin,kisambalau,3,1,FRUITS ,,True,Kenya
,mwarubaini,7,3,CONSTRUCTION SHADE MEDICINAL FIREWOOD ,,False,Kenya
Prunus africana,mngima,20,4,MEDICINAL SHADE FIREWOOD CONSTRUCTION SOIL_FERTILITY ,,False,Kenya
Grevillea robusta,Gravellia,20,18,CONSTRUCTION SHADE FIREWOOD ,,False,Kenya
,kiembe,20,10,FIREWOOD FRUITS ,,True,Kenya
,mfenesi,8,3,FRUITS ,,True,Kenya
,mpera,3,3,FODDER FRUITS ,,True,Kenya
melia Volkensii,,11,4,CONSTRUCTION SHADE ,,False,Kenya
Citrus limon,mutimu,80,68,FRUITS SHADE MEDICINAL ,,True,Kenya
,mpenda bure,15,10,SHADE FIREWOOD ,,False,Kenya
,orange tree,5,5,SHADE FRUITS ,,True,Kenya
,grivellia,50,50,SHADE ,,False,Kenya
,mwarubaini,10,8,SHADE ,,False,Kenya
,mkrismas,40,32,SHADE ,,False,Kenya
,Mjohoro,400,327,SHADE ,,False,Kenya
,Mango Tree,60,57,SHADE FRUITS ,,True,Kenya
,kisungwa,20,18,FRUITS ,,True,Kenya
,kitimu,60,55,MEDICINAL FRUITS ,,True,Kenya
,kipapai,100,60,FRUITS ,,True,Kenya
,kitae,20,4,FRUITS FIREWOOD ,,True,Kenya
,kipapai,100,60,FRUITS ,,True,Kenya
Syzygium carmin,kisambalau,3,1,FRUITS ,,True,Kenya
,Orange,20,15,FRUITS FIREWOOD ,,True,Kenya
Grevillea robusta,,50,24,CONSTRUCTION ,,False,Kenya
,Mchenza,13,11,FRUITS ,,True,Kenya
,Lemon,8,7,FRUITS ,,True,Kenya
,dakika tatu,15,15,SHADE ,,False,Kenya
,mpera,5,3,SHADE FRUITS ,,True,Kenya
Grevillea robusta,grevilia,30,20,SHADE FIREWOOD CONSTRUCTION SOIL_FERTILITY ,,False,Kenya
,kitae,20,4,FRUITS FIREWOOD ,,True,Kenya
Mangifera indica,kiembe,100,50,FRUITS FIREWOOD ,,True,Kenya
,kitomoko,20,15,FRUITS ,,True,Kenya
melia volkensii,mukau,200,200,FIREWOOD FODDER CONSTRUCTION ,,False,Kenya
,Avocado Tree,5020,5000,FRUITS ,,True,Kenya
,Kikwata,3,3,SHADE FRUITS SOIL_FERTILITY ,,True,Kenya
,Mwarubaini,370,350,SHADE FIREWOOD SOIL_FERTILITY MEDICINAL ,,False,Kenya
,Kitomoko,2,1,FIREWOOD SHADE FRUITS ,,True,Kenya
,Kisungwa,15,10,FIREWOOD SHADE FRUITS ,,True,Kenya
,pixel,1,1,SHADE FRUITS SOIL_FERTILITY ,,True,Kenya
,Mtomoko,11,8,FRUITS ,,True,Kenya
,mkorosho,150,145,NUTS ,,False,Kenya
melia,kirumbutu,15,11,CONSTRUCTION OTHER ,furniture,False,Kenya
,Mukau,3000,2300,SOIL_FERTILITY FODDER SHADE CONSTRUCTION FIREWOOD ,,False,Kenya
Mangifera indica,Maembe,200,150,SOIL_FERTILITY SHADE CONSTRUCTION FRUITS FIREWOOD ,,True,Kenya
,koma manga,12,12,FRUITS ,,True,Kenya
papaya,Ivavai,350,300,FRUITS SOIL_FERTILITY SHADE ,,True,Kenya
,oranges,150,80,FRUITS SHADE FIREWOOD ,,True,Kenya
Citrus paradisi,pixi,50,43,FRUITS SHADE ,,True,Kenya
,pine,200,0,FIREWOOD ,,False,Kenya
,mnazi,150,150,NUTS CONSTRUCTION ,,False,Kenya
,croton,75,50,FIREWOOD SHADE ,,False,Kenya
,croton,100,76,FIREWOOD ,fence,False,Kenya
,Christmas tree,15,10,SHADE OTHER ,aesthetic,False,Kenya
accacia,yellow bark,100,42,SHADE FIREWOOD ,fence poles,False,Kenya
,Pawpaw,5,4,MEDICINAL FRUITS ,,True,Kenya
,Avocado,10,9,FRUITS ,,True,Kenya
,mjohoro,80,54,SHADE ,,False,Kenya
,mjohoro,80,54,SHADE ,,False,Kenya
,mkwaju,1,1,SHADE FRUITS ,,True,Kenya
,kipiripiri,10,6,SHADE ,,False,Kenya
,mkriamas,10,10,SHADE ,,False,Kenya
Mangifera indica,kiembe,500,300,SOIL_FERTILITY FIREWOOD SHADE FRUITS ,,True,Kenya
Mangifera indica,kiembe,100,50,FRUITS FIREWOOD ,,True,Kenya
,kipera,5,2,FRUITS ,,True,Kenya
,pixie,100,50,FRUITS ,,True,Kenya
mango tree,mango tree,3,3,FRUITS SHADE FODDER ,,True,Kenya
mango tree,mango tree,3,3,FRUITS SHADE FODDER ,,True,Kenya
Eucalyptus globulus,eucalyptus,20,16,CONSTRUCTION SOIL_FERTILITY SHADE FIREWOOD ,,False,Kenya
,kivavai,20,15,FRUITS ,,True,Kenya
,mpenda bure,20,15,CONSTRUCTION ,,False,Kenya
,mtomoko,9,9,FRUITS ,,True,Kenya
,mpera,3,3,FODDER FRUITS ,,True,Kenya
,mutomoko,3,3,SOIL_FERTILITY FRUITS ,,True,Kenya
,lemon,13,11,SOIL_FERTILITY FRUITS ,create microclimate,True,Kenya
,grev4llea,70,58,CONSTRUCTION FIREWOOD ,,False,Kenya
,gum tree,50,40,FIREWOOD SHADE CONSTRUCTION ,,False,Kenya
,Kirumbutu,5,5,CONSTRUCTION ,,False,Kenya
,mwarubaini,20,17,SHADE MEDICINAL ,,False,Kenya
,Mwarubaini,20,15,MEDICINAL SHADE ,,False,Kenya
,Mlingoswe,1,1,SHADE FRUITS ,,True,Kenya
papaya,papai,30,25,FRUITS ,,True,Kenya
,pixie,100,50,FRUITS ,,True,Kenya
,Gluvelia,40,35,CONSTRUCTION SHADE ,,False,Kenya
Melia Volkensi,Mukau,2000,1700,CONSTRUCTION FIREWOOD SOIL_FERTILITY MEDICINAL FODDER SHADE ,,False,Kenya
Citrus paradisi,Pixi,320,300,FRUITS FIREWOOD SOIL_FERTILITY MEDICINAL SHADE ,,True,Kenya
,Dragon fruit,250,200,FRUITS SOIL_FERTILITY ,,True,Kenya
Mangifera indica,mango,200,100,FRUITS SHADE FIREWOOD ,,True,Kenya
Melia Volkensi,Mukau,5800,4500,FIREWOOD SHADE FODDER CONSTRUCTION SOIL_FERTILITY MEDICINAL ,,False,Kenya
,muthulu,900,800,MEDICINAL FIREWOOD NUTS ,,False,Kenya
,coconut tree,10,8,SHADE FRUITS ,,True,Kenya
,Ashok,10,10,OTHER ,,False,Kenya
,Gravelia,900,870,SHADE FIREWOOD ,,False,Kenya
,Mango Tree Planting,57,51,FRUITS ,,True,Kenya
,kipera,5,5,FRUITS ,,True,Kenya
,kitomoko,10,7,FIREWOOD SHADE FRUITS ,,True,Kenya
,kitomoko mwitu,1,1,FRUITS ,,True,Kenya
msumbesu,msumbesu,30,25,CONSTRUCTION SHADE FIREWOOD ,,False,Kenya
,Mukengeta,50,45,SHADE CONSTRUCTION FIREWOOD ,,False,Kenya
,moringa,150,80,MEDICINAL ,,False,Kenya
,mkwaju,45,25,FRUITS ,,True,Kenya
,mtomoko,9,9,FRUITS ,,True,Kenya
,Neem Tree,17,17,SHADE MEDICINAL ,,False,Kenya
melia volkensen,kirumbutu,10,10,FIREWOOD SHADE CONSTRUCTION ,,False,Kenya
,Mjohoro,29,21,SHADE ,,False,Kenya
,Neem Tree,17,17,SHADE MEDICINAL ,,False,Kenya
,Passion,100,64,SHADE FRUITS ,,True,Kenya
,mlezeni,280,250,SHADE ,,False,Kenya
,Christmas tree,25,13,SHADE ,,False,Kenya
,Boganvilia,25,14,SHADE ,,False,Kenya
,Christmas tree,25,13,SHADE ,,False,Kenya
,Mkungu,40,23,SHADE FRUITS ,,True,Kenya
,Neem Tree,100,100,SHADE ,,False,Kenya
,pawpaw,200,150,FRUITS ,,True,Kenya
,Mwarubaine,30,20,SHADE MEDICINAL ,,False,Kenya
,peaz,8,3,FRUITS ,,True,Kenya
,mjohoro,120,80,SHADE ,,False,Kenya
Citrus sinensis,Pixie Oranges,4000,4000,FODDER FRUITS FIREWOOD SOIL_FERTILITY MEDICINAL SHADE ,Source of vitamin C,True,Kenya
,Unknown,10,8,SHADE ,,False,Kenya
,Mwarubaine,30,20,SHADE MEDICINAL ,,False,Kenya
,Mlezeni,20,17,SHADE ,,False,Kenya
,Casorina Tree,34,32,SHADE ,,False,Kenya
,Muringa Tree,17,10,SHADE ,,False,Kenya
,Muavocado,82,76,FRUITS ,,True,Kenya
,Muembe,10,10,FRUITS ,,True,Kenya
,Mchrismas,57,55,SHADE ,,False,Kenya
,Casuarina,58,50,SHADE ,,False,Kenya
,Mwarubaini,100,94,SHADE ,,False,Kenya
,ashok,200,184,SHADE ,,False,Kenya
,orange tree,30,30,FRUITS SHADE ,,True,Kenya
,kikwasu,5,2,FRUITS FIREWOOD SHADE FODDER ,,True,Kenya
,kisugwa oranges,2000,1800,FIREWOOD SOIL_FERTILITY FRUITS ,,True,Kenya
,Giant grape fruit,100,80,FIREWOOD FRUITS ,,True,Kenya
,eucalyptus,400,250,SHADE CONSTRUCTION FIREWOOD ,,False,Kenya
Citrus paradisi,Kisungwa,4000,4000,FODDER FRUITS CONSTRUCTION FIREWOOD SOIL_FERTILITY SHADE ,,True,Kenya
Acacia mellifera,Muarobaini,100,90,FODDER CONSTRUCTION FIREWOOD SOIL_FERTILITY SHADE ,,False,Kenya
,mkrismas,100,95,SHADE ,,False,Kenya
,kipirupiru,100,57,SHADE ,,False,Kenya
,unknown,10,6,SHADE ,,False,Kenya
,Kikwata,41,37,SHADE ,,False,Kenya
,Mjohoro,123,115,SHADE ,,False,Kenya
,Matomoko,50,29,SHADE FRUITS ,,True,Kenya
,Mlezeni,20,17,SHADE ,,False,Kenya
melia volkensii,kirumbutu,15,7,CONSTRUCTION ,,False,Kenya
melia volkensii,kirumbutu,500,455,CONSTRUCTION ,,False,Kenya
melia volkensii,kirumbutu,500,455,CONSTRUCTION ,,False,Kenya
,mchungwa,50,24,FRUITS ,,True,Kenya
,mchungwa,50,24,FRUITS ,,True,Kenya
,Kikwata,32,28,SHADE ,,False,Kenya
,Kikwata,32,28,SHADE ,,False,Kenya
,mlezeni,50,45,FIREWOOD SHADE CONSTRUCTION ,,False,Kenya
,mwarubaini,50,45,SHADE MEDICINAL ,,False,Kenya
,lucina,30,30,SHADE ,,False,Kenya
,mango,10,8,SHADE FRUITS ,,True,Kenya
,kithulu,10,8,CONSTRUCTION FIREWOOD SHADE FODDER MEDICINAL ,,False,Kenya
,Mlezeni,300,258,SHADE ,,False,Kenya
,Mjohoro,100,100,SHADE ,,False,Kenya
,Lusina,250,200,SHADE ,,False,Kenya
,Mkode,18,11,SHADE ,,False,Kenya
,muembe,20,9,FRUITS SHADE ,,True,Kenya
,avocado,8,8,FRUITS ,,True,Kenya
,kirumbutu,500,455,CONSTRUCTION SHADE ,,False,Kenya
,Unknown,58,50,SHADE ,,False,Kenya
,Mnguzo,100,89,SHADE ,,False,Kenya
,unknown,30,30,SHADE ,,False,Kenya
,Pawpaw,47,43,FRUITS MEDICINAL ,,True,Kenya
Roystonea regia,Royal palm,50,20,SOIL_FERTILITY SHADE ,flower,False,Kenya
,kipirupiru,100,85,SHADE ,,False,Kenya
,mkrismas,30,27,SHADE ,,False,Kenya
,coconut tree,30,30,FRUITS SHADE ,beautification,True,Kenya
,mkrismas,40,28,SHADE ,,False,Kenya
,orange tree,10,5,FRUITS SHADE ,,True,Kenya
,Lusina,37,33,SHADE ,,False,Kenya
,Mlongoswe,31,27,SHADE ,,False,Kenya
,Lemon Tree,49,45,SHADE FRUITS ,,True,Kenya
,kipirupiru,20,20,SHADE ,,False,Kenya
,Zambarao,30,29,SHADE FRUITS SOIL_FERTILITY ,,True,Kenya
,Mjohoro,100,100,SHADE ,,False,Kenya
,cashew nuts,50,20,FIREWOOD FRUITS ,,True,Kenya
,Unknown,10,8,SHADE ,,False,Kenya
,cypress,10,4,CONSTRUCTION FIREWOOD SHADE ,,False,Kenya
Demonix regia,Delonix,52,49,SHADE ,,False,Kenya
,unknown,80,68,SHADE ,,False,Kenya
,mjohoro,50,39,SHADE ,,False,Kenya
,gruevellia,40,31,CONSTRUCTION FIREWOOD SHADE FODDER ,,False,Kenya
,kisungwa,50,20,FRUITS FIREWOOD ,,True,Kenya
Moringa oleifera,moringa,10,3,SHADE MEDICINAL FIREWOOD ,,False,Kenya
Melia Volkensi,Mukau,600,540,FODDER CONSTRUCTION FIREWOOD SOIL_FERTILITY SHADE ,,False,Kenya
Grevillea robusta,Mukima,1000,850,FODDER CONSTRUCTION FIREWOOD SOIL_FERTILITY SHADE ,,False,Kenya
,Thika palm,20,15,FIREWOOD SHADE ,Flowers,False,Kenya
,eucalyptus,20,15,CONSTRUCTION FIREWOOD SHADE ,,False,Kenya
,mjohoro,100,93,SHADE ,,False,Kenya
,Bananas,300,250,FRUITS FODDER ,,True,Kenya
,muselesele,20,15,SHADE FIREWOOD ,,False,Kenya
Senna siemea,Muchola,300,250,CONSTRUCTION FIREWOOD SOIL_FERTILITY SHADE ,,False,Kenya
,Kitai,100,70,FODDER FRUITS FIREWOOD SOIL_FERTILITY SHADE ,,True,Kenya
,unknown,30,30,SHADE ,,False,Kenya
,Ashok,40,27,SHADE ,beautification,False,Kenya
,pawpaw,20,5,SHADE FRUITS ,,True,Kenya
,Mumbaume,5,3,FIREWOOD SOIL_FERTILITY MEDICINAL SHADE ,,False,Kenya
,Bottle brush,200,180,FIREWOOD SOIL_FERTILITY SHADE ,,False,Kenya
khaya senegalensis,kaya,50,45,SHADE ,,False,Kenya
,Mchristamas,200,200,SHADE ,,False,Kenya
,Mlongoswe,31,27,SHADE ,,False,Kenya
,kirumbutu,500,455,CONSTRUCTION ,,False,Kenya
Ashok,,6,3,OTHER ,,False,Kenya
,Mkungu,40,23,SHADE FRUITS ,,True,Kenya
,Banana,18,12,FRUITS ,,True,Kenya
,unknown,15,10,SHADE ,,False,Kenya
melia volkensii,kirumbutu,500,455,CONSTRUCTION SHADE ,,False,Kenya
melia volkensii,kirumbutu,15,7,CONSTRUCTION ,,False,Kenya
,Miwa,100,94,SHADE FRUITS MEDICINAL ,,True,Kenya
,Mango Tree,37,34,SHADE FRUITS ,,True,Kenya
,Mango Tree,37,34,SHADE FRUITS ,,True,Kenya
,Lemon Tree,49,45,SHADE FRUITS ,,True,Kenya
,kitimu,12,12,MEDICINAL FIREWOOD CONSTRUCTION FRUITS ,,True,Kenya
Senna siemea,Muchola,500,350,CONSTRUCTION FIREWOOD FODDER SHADE SOIL_FERTILITY ,,False,Kenya
,Mwela ndathe,20,10,CONSTRUCTION FIREWOOD SHADE SOIL_FERTILITY MEDICINAL ,,False,Kenya
,melia volkensii,300,250,CONSTRUCTION FODDER SOIL_FERTILITY FIREWOOD ,,False,Kenya
Citrus paradisi,pixie orange,200,199,FRUITS SOIL_FERTILITY ,,True,Kenya
,muthulu,25,15,MEDICINAL SHADE ,,False,Kenya
,kitimu,20,14,FRUITS ,,True,Kenya
Unknown,Christmas tree,5,5,SHADE ,,False,Kenya
,Avocado,1,1,FRUITS ,,True,Kenya
,Croton,300,280,MEDICINAL SHADE SOIL_FERTILITY ,,False,Kenya
,Thika Palm,40,38,SHADE ,,False,Kenya
,Mlezeni,1200,1150,SHADE SOIL_FERTILITY ,,False,Kenya
,Mlezeni,1500,1500,SHADE SOIL_FERTILITY ,,False,Kenya
,Mukungu,10,5,FIREWOOD SHADE SOIL_FERTILITY ,,False,Kenya
Citrus sinensis,Isungwa,1000,950,FODDER FIREWOOD FRUITS SHADE SOIL_FERTILITY ,,True,Kenya
,mjohoro,50,39,SHADE ,,False,Kenya
,mjohoro,20,20,SHADE ,,False,Kenya
,Mukungu,10,5,FIREWOOD SHADE SOIL_FERTILITY ,,False,Kenya
Citrus sinensis,Isungwa,1000,950,FODDER FIREWOOD FRUITS SHADE SOIL_FERTILITY ,,True,Kenya
,Mwarobaini,50,38,FODDER FIREWOOD CONSTRUCTION SHADE SOIL_FERTILITY ,,False,Kenya
,Ashok,20,15,SHADE SOIL_FERTILITY ,flower,False,Kenya
Tamarindus indica,kikwasu,10,5,FODDER FIREWOOD CONSTRUCTION FRUITS SHADE SOIL_FERTILITY ,,True,Kenya
,Pixie,3000,2500,FODDER FIREWOOD FRUITS SHADE SOIL_FERTILITY ,,True,Kenya
,Royal palm,20,15,SHADE SOIL_FERTILITY ,,False,Kenya
Mangifera indica,Mango,500,420,FODDER FIREWOOD FRUITS SHADE SOIL_FERTILITY ,,True,Kenya
Tamarindus indica,kikwasu,10,5,FODDER FIREWOOD CONSTRUCTION FRUITS SHADE SOIL_FERTILITY ,,True,Kenya
Citrus limon,itimo,1000,800,FODDER FIREWOOD FRUITS SHADE SOIL_FERTILITY ,,True,Kenya
,Mwarobaini,50,38,FODDER FIREWOOD CONSTRUCTION SHADE SOIL_FERTILITY ,,False,Kenya
,kirumbutu,35,30,CONSTRUCTION FIREWOOD SHADE ,furniture,False,Kenya
,orange trees,160,125,FRUITS FIREWOOD ,,True,Kenya
,Zabibu,40,13,SHADE FRUITS ,,True,Kenya
,Mwarobaini,50,38,FODDER FIREWOOD CONSTRUCTION SHADE SOIL_FERTILITY ,,False,Kenya
Mangifera indica,Mango,500,420,FODDER FIREWOOD FRUITS SHADE SOIL_FERTILITY ,,True,Kenya
Acacia elatior,,20,11,SHADE ,,False,Kenya
,zambarau,60,49,CONSTRUCTION FRUITS FIREWOOD ,,True,Kenya
,kiembe,20,10,SHADE FIREWOOD FRUITS ,,True,Kenya
,kiembe,20,10,FIREWOOD FRUITS ,,True,Kenya
,kitundu,20,15,CONSTRUCTION SHADE FIREWOOD ,,False,Kenya
,cordia,30,15,CONSTRUCTION FIREWOOD FODDER ,,False,Kenya
,mtundu,40,40,CONSTRUCTION FIREWOOD SOIL_FERTILITY MEDICINAL ,,False,Kenya
,mshilingi,1200,1150,CONSTRUCTION SHADE ,,False,Kenya
,mukau,400,250,MEDICINAL FIREWOOD CONSTRUCTION ,,False,Kenya
,muthulu,500,200,FIREWOOD CONSTRUCTION SHADE NUTS ,,False,Kenya
Acacia tortillis,Mwaa,50,30,SOIL_FERTILITY SHADE FODDER FIREWOOD CONSTRUCTION ,,False,Kenya
,Kiundwa,20,18,SOIL_FERTILITY SHADE FODDER FIREWOOD CONSTRUCTION ,,False,Kenya
,Kithiia,20,15,SOIL_FERTILITY SHADE FODDER FIREWOOD ,,False,Kenya
Melia Volkensi,Mukau,2000,1800,MEDICINAL SOIL_FERTILITY SHADE FODDER FIREWOOD CONSTRUCTION ,,False,Kenya
,melia volkensii,300,250,CONSTRUCTION FODDER SOIL_FERTILITY FIREWOOD ,,False,Kenya
Croton megalocarpus,kithulu,100,70,SOIL_FERTILITY FODDER SHADE FIREWOOD MEDICINAL ,,False,Kenya
,Matithi,20,18,FODDER FIREWOOD CONSTRUCTION SHADE SOIL_FERTILITY ,,False,Kenya
melia volkensii,mukau,95,65,FIREWOOD FODDER CONSTRUCTION ,,False,Kenya
Mangifera indica,kiembe,75,65,SHADE FIREWOOD FRUITS ,,True,Kenya
,mwarubaini,30,5,MEDICINAL CONSTRUCTION FIREWOOD SHADE ,,False,Kenya
,mwarubaini,6,5,CONSTRUCTION MEDICINAL FIREWOOD SHADE ,,False,Kenya
,mukima,20,10,CONSTRUCTION SHADE ,,False,Kenya
,mukau,3,2,FODDER CONSTRUCTION FIREWOOD ,,False,Kenya
unknown,mkilifi,3,3,CONSTRUCTION SHADE ,,False,Kenya
Azadirachta indica,Mwarubaini,2100,2000,SHADE SOIL_FERTILITY ,,False,Kenya
,Yellow Elder,30,30,SHADE ,,False,Kenya
Tamarindus indica,kikwasu,10,5,FODDER FIREWOOD CONSTRUCTION FRUITS SHADE SOIL_FERTILITY ,,True,Kenya
Citrus limon,itimo,1000,800,FODDER FIREWOOD FRUITS SHADE SOIL_FERTILITY ,,True,Kenya
,Mwarobaini,50,38,FODDER FIREWOOD CONSTRUCTION SHADE SOIL_FERTILITY ,,False,Kenya
,pendant bure,15,12,SHADE ,,False,Kenya
,mchungwa,10,5,FRUITS SHADE ,,True,Kenya
citrus osbec,Blood orange,100,95,FODDER FIREWOOD FRUITS SHADE SOIL_FERTILITY ,,True,Kenya
Citrus limon,itimo,1000,800,FODDER FIREWOOD FRUITS SHADE SOIL_FERTILITY ,,True,Kenya
,Mwarobaini,50,38,FODDER FIREWOOD CONSTRUCTION SHADE SOIL_FERTILITY ,,False,Kenya
,Pixie,3000,2500,FODDER FIREWOOD FRUITS SHADE SOIL_FERTILITY ,,True,Kenya
,gerivellia,200,150,FIREWOOD CONSTRUCTION ,,False,Kenya
,Banana,50,37,SHADE FRUITS ,,True,Kenya
,Pixie,3000,2500,FODDER FIREWOOD FRUITS SHADE SOIL_FERTILITY ,,True,Kenya
Citrus limon,itimo,1000,800,FODDER FIREWOOD FRUITS SHADE SOIL_FERTILITY ,,True,Kenya
,Mwarobaini,50,38,FODDER FIREWOOD CONSTRUCTION SHADE SOIL_FERTILITY ,,False,Kenya
,Mwarobaini,50,38,FODDER FIREWOOD CONSTRUCTION SHADE SOIL_FERTILITY ,,False,Kenya
,Australian grevillea,1500,1000,FIREWOOD CONSTRUCTION ,,False,Kenya
,musemei,20,19,FIREWOOD CONSTRUCTION FODDER ,,False,Kenya
,mukengeya,400,250,FIREWOOD CONSTRUCTION SHADE ,,False,Kenya
,Muthingii,10,5,CONSTRUCTION FIREWOOD FODDER SHADE SOIL_FERTILITY ,,False,Kenya
,Mwarobaini,1000,800,CONSTRUCTION FIREWOOD FODDER SHADE SOIL_FERTILITY ,,False,Kenya
,lemon,195,190,FRUITS SOIL_FERTILITY ,,True,Kenya
,tomoko,3,2,FRUITS SOIL_FERTILITY FIREWOOD ,,True,Kenya
,Mwarobaini,1000,800,FODDER MEDICINAL FIREWOOD CONSTRUCTION SHADE SOIL_FERTILITY ,,False,Kenya
,Muvingo,100,42,FIREWOOD CONSTRUCTION ,Carving,False,Kenya
Grevillea robusta,mukima,200,163,FIREWOOD CONSTRUCTION ,,False,Kenya
,ash oak,13,12,OTHER ,making the compound beautiful,False,Kenya
,lucina,50,20,FIREWOOD FODDER ,,False,Kenya
,Ashock,800,750,SHADE SOIL_FERTILITY ,,False,Kenya
Mangifera indica,Mango,10,10,MEDICINAL FRUITS SHADE SOIL_FERTILITY ,,True,Kenya
Mangifera indica,Mango,500,420,FODDER FIREWOOD FRUITS SHADE SOIL_FERTILITY ,,True,Kenya
,unknown,5,5,SHADE ,,False,Kenya
,umbrella tree,30,30,SHADE ,beautification,False,Kenya
,unknown,2,2,SHADE ,,False,Kenya
,Mukungu,10,5,FIREWOOD SHADE SOIL_FERTILITY ,,False,Kenya
,Pixie,3000,2500,FODDER FIREWOOD FRUITS SHADE SOIL_FERTILITY ,,True,Kenya
Mangifera indica,Mango,500,420,FODDER FIREWOOD FRUITS SHADE SOIL_FERTILITY ,,True,Kenya
,Ashok,20,15,SHADE SOIL_FERTILITY ,flower,False,Kenya
Mangifera indica,Mango,500,420,FODDER FIREWOOD FRUITS SHADE SOIL_FERTILITY ,,True,Kenya
Tamarindus indica,kikwasu,10,5,FODDER FIREWOOD CONSTRUCTION FRUITS SHADE SOIL_FERTILITY ,,True,Kenya
Mangifera indica,Mango,500,420,FODDER FIREWOOD FRUITS SHADE SOIL_FERTILITY ,,True,Kenya
citrus osbec,Blood orange,100,95,FODDER FIREWOOD FRUITS SHADE SOIL_FERTILITY ,,True,Kenya
Citrus sinensis,Isungwa,1000,950,FODDER FIREWOOD FRUITS SHADE SOIL_FERTILITY ,,True,Kenya
,Ashok,20,15,SHADE SOIL_FERTILITY ,flower,False,Kenya
,Mukungu,10,5,FIREWOOD SHADE SOIL_FERTILITY ,,False,Kenya
,Royal palm,20,15,SHADE SOIL_FERTILITY ,,False,Kenya
,Mwarobaini,50,38,FODDER FIREWOOD CONSTRUCTION SHADE SOIL_FERTILITY ,,False,Kenya
,Pixie,3000,2500,FODDER FIREWOOD FRUITS SHADE SOIL_FERTILITY ,,True,Kenya
Mangifera indica,Mango,500,420,FODDER FIREWOOD FRUITS SHADE SOIL_FERTILITY ,,True,Kenya
,"Moringa
Moringa",500,312,MEDICINAL SHADE ,,False,Kenya
Mangifera indica,Mango,500,420,FODDER FIREWOOD FRUITS SHADE SOIL_FERTILITY ,,True,Kenya
Tamarindus indica,kikwasu,10,5,FODDER FIREWOOD CONSTRUCTION FRUITS SHADE SOIL_FERTILITY ,,True,Kenya
,Ndului,20,18,FODDER FIREWOOD CONSTRUCTION FRUITS SHADE SOIL_FERTILITY ,,True,Kenya
,lucina,100,70,SHADE ,,False,Kenya
,mshilingi,1200,1150,CONSTRUCTION FIREWOOD SHADE ,,False,Kenya
Acacia tortillis,Mwaa,100,70,CONSTRUCTION FIREWOOD FODDER SHADE SOIL_FERTILITY ,,False,Kenya
,Kisemei,20,18,MEDICINAL SOIL_FERTILITY SHADE FODDER FIREWOOD ,,False,Kenya
,guava,4,4,FRUITS FODDER SOIL_FERTILITY FIREWOOD ,,True,Kenya
,melia,500,450,CONSTRUCTION FODDER SOIL_FERTILITY FIREWOOD ,,False,Kenya
Carica papaya,pawpaw,20,8,FRUITS SOIL_FERTILITY ,,True,Kenya
Mangifera indica,mango,150,130,FRUITS FODDER SOIL_FERTILITY ,,True,Kenya
Carica papaya,pawpaw,20,8,FRUITS SOIL_FERTILITY ,,True,Kenya
,lucina,20,13,FIREWOOD SHADE FODDER CONSTRUCTION ,,False,Kenya
Unknown,gricedia,7,7,FIREWOOD SHADE SOIL_FERTILITY FODDER ,,False,Kenya
Unknown,gricedia,7,7,FIREWOOD SHADE SOIL_FERTILITY FODDER ,,False,Kenya
unknown,kitimu,5,4,FRUITS ,,True,Kenya
,kayava,100,50,OTHER ,as live fence,False,Kenya
Sterculia africana,African Star Chestnut,5,5,MEDICINAL CONSTRUCTION NUTS SHADE OTHER ,fibre,False,Kenya
,Australian grevillea,500,450,FIREWOOD CONSTRUCTION SHADE ,,False,Kenya
,Muvingo,10,5,CONSTRUCTION FIREWOOD FODDER SHADE SOIL_FERTILITY ,carving,False,Kenya
,guava,4,4,FRUITS FODDER SOIL_FERTILITY FIREWOOD ,,True,Kenya
,avacado,8,6,FRUITS SOIL_FERTILITY ,,True,Kenya
,avacado,8,6,FRUITS SOIL_FERTILITY ,,True,Kenya
Mangifera indica,mango,150,130,FRUITS FODDER SOIL_FERTILITY ,,True,Kenya
Psidium guajava,kivela,2,1,FRUITS ,,True,Kenya
Unknown,moringa,2,2,MEDICINAL LEAF_VEGETABLES FIREWOOD ,,False,Kenya
unknown,kisungwa,10,2,FRUITS ,,True,Kenya
,kalila,50,41,MEDICINAL FIREWOOD SHADE ,,False,Kenya
,Baobab,2,2,MEDICINAL NUTS FRUITS SHADE ,,True,Kenya
,Mkrismas,520,512,SHADE SOIL_FERTILITY ,,False,Kenya
Prunus africana,Mngima,100,100,SHADE ,,False,Kenya
,Ashok,20,15,SHADE SOIL_FERTILITY ,flower,False,Kenya
,Ashok,34,31,SHADE ,,False,Kenya
Tamarindus indica,kikwasu,10,5,FODDER FIREWOOD CONSTRUCTION FRUITS SHADE SOIL_FERTILITY ,,True,Kenya
,Royal palm,20,15,SHADE SOIL_FERTILITY ,,False,Kenya
,Pixie,3000,2500,FODDER FIREWOOD FRUITS SHADE SOIL_FERTILITY ,,True,Kenya
Citrus limon,itimo,1000,800,FODDER FIREWOOD FRUITS SHADE SOIL_FERTILITY ,,True,Kenya
,Mwarobaini,50,38,FODDER FIREWOOD CONSTRUCTION SHADE SOIL_FERTILITY ,,False,Kenya
,Ashok,20,15,SHADE SOIL_FERTILITY ,flower,False,Kenya
,Mukungu,10,5,FIREWOOD SHADE SOIL_FERTILITY ,,False,Kenya
Citrus sinensis,Isungwa,1000,950,FODDER FIREWOOD FRUITS SHADE SOIL_FERTILITY ,,True,Kenya
citrus osbec,Blood orange,100,95,FODDER FIREWOOD FRUITS SHADE SOIL_FERTILITY ,,True,Kenya
Citrus sinensis,Isungwa,1000,950,FODDER FIREWOOD FRUITS SHADE SOIL_FERTILITY ,,True,Kenya
Tamarindus indica,kikwasu,10,5,FODDER FIREWOOD CONSTRUCTION FRUITS SHADE SOIL_FERTILITY ,,True,Kenya
,Ndului,20,18,FODDER FIREWOOD CONSTRUCTION FRUITS SHADE SOIL_FERTILITY ,,True,Kenya
Citrus sinensis,Isungwa,1000,950,FODDER FIREWOOD FRUITS SHADE SOIL_FERTILITY ,,True,Kenya
,Ashok,20,15,SHADE SOIL_FERTILITY ,flower,False,Kenya
,Mukungu,10,5,FIREWOOD SHADE SOIL_FERTILITY ,,False,Kenya
Citrus sinensis,Isungwa,1000,950,FODDER FIREWOOD FRUITS SHADE SOIL_FERTILITY ,,True,Kenya
Tamarindus indica,kikwasu,10,5,FODDER FIREWOOD CONSTRUCTION FRUITS SHADE SOIL_FERTILITY ,,True,Kenya
,Ashok,20,15,SHADE SOIL_FERTILITY ,flower,False,Kenya
Citrus sinensis,Isungwa,1000,950,FODDER FIREWOOD FRUITS SHADE SOIL_FERTILITY ,,True,Kenya
Tamarindus indica,kikwasu,10,5,FODDER FIREWOOD CONSTRUCTION FRUITS SHADE SOIL_FERTILITY ,,True,Kenya
Mangifera indica,Mango,500,420,FODDER FIREWOOD FRUITS SHADE SOIL_FERTILITY ,,True,Kenya
,mangoe,80,60,SHADE FRUITS FIREWOOD ,,True,Kenya
,kithulu,10,5,CONSTRUCTION SHADE FIREWOOD ,,False,Kenya
bamboo,Bamboo,200,200,SOIL_FERTILITY ,,False,Kenya
,Royal palm,20,15,SHADE SOIL_FERTILITY ,,False,Kenya
,Pixie,3000,2500,FODDER FIREWOOD FRUITS SHADE SOIL_FERTILITY ,,True,Kenya
,mango tree,5,5,FRUITS SHADE ,,True,Kenya
,mpenda bure,30,25,SHADE ,,False,Kenya
,Mjohoro,27,23,SHADE ,,False,Kenya
citrus osbec,Blood orange,100,95,FODDER FIREWOOD FRUITS SHADE SOIL_FERTILITY ,,True,Kenya
,Mukungu,10,5,FIREWOOD SHADE SOIL_FERTILITY ,,False,Kenya
Citrus sinensis,Isungwa,1000,950,FODDER FIREWOOD FRUITS SHADE SOIL_FERTILITY ,,True,Kenya
Mangifera indica,Mango,500,420,FODDER FIREWOOD FRUITS SHADE SOIL_FERTILITY ,,True,Kenya
,Pixie,3000,2500,FODDER FIREWOOD FRUITS SHADE SOIL_FERTILITY ,,True,Kenya
,Ndului,20,18,FODDER FIREWOOD CONSTRUCTION FRUITS SHADE SOIL_FERTILITY ,,True,Kenya
Tamarindus indica,kikwasu,10,5,FODDER FIREWOOD CONSTRUCTION FRUITS SHADE SOIL_FERTILITY ,,True,Kenya
,Royal palm,20,15,SHADE SOIL_FERTILITY ,,False,Kenya
,Ndului,20,18,FODDER FIREWOOD CONSTRUCTION FRUITS SHADE SOIL_FERTILITY ,,True,Kenya
,Mastafeli,15,7,SHADE FRUITS ,,True,Kenya
citrus osbec,Blood orange,100,95,FODDER FIREWOOD FRUITS SHADE SOIL_FERTILITY ,,True,Kenya
,mukengeta,800,500,FIREWOOD CONSTRUCTION SHADE ,,False,Kenya
,guava,4,4,FRUITS FODDER SOIL_FERTILITY FIREWOOD ,,True,Kenya
,tomoko,3,2,FRUITS SOIL_FERTILITY FIREWOOD ,,True,Kenya
,lemon,195,190,FRUITS SOIL_FERTILITY ,,True,Kenya
,tomoko,3,2,FRUITS SOIL_FERTILITY FIREWOOD ,,True,Kenya
,banana,10,8,FRUITS SOIL_FERTILITY ,,True,Kenya
,melia volkensii,300,250,CONSTRUCTION FODDER SOIL_FERTILITY FIREWOOD ,,False,Kenya
terminalia mentally,umbrella tree,1,1,SHADE CONSTRUCTION ,,False,Kenya
Mangifera indica,kiembe,20,20,FRUITS ,,True,Kenya
unknown,ever green,2,2,SHADE ,,False,Kenya
Unknown,kikwasu,1,1,CONSTRUCTION MEDICINAL FRUITS FIREWOOD SHADE ,,True,Kenya
,kisambalau,1,1,FRUITS SHADE ,,True,Kenya
Azadirachta indica,Mwarubaini,800,700,MEDICINAL SHADE SOIL_FERTILITY ,,False,Kenya
,Croton,300,300,MEDICINAL SHADE ,,False,Kenya
,Moringa,10,8,MEDICINAL ,,False,Kenya
Delonix elata,,1,1,MEDICINAL ,,False,Kenya
,Makhamia,50,50,CONSTRUCTION SHADE ,,False,Kenya
Delonix elata,,15,15,MEDICINAL ,,False,Kenya
,Ndului,20,18,FODDER FIREWOOD CONSTRUCTION FRUITS SHADE SOIL_FERTILITY ,,True,Kenya
,lucina,20,8,SHADE ,,False,Kenya
,Ashok,50,38,SHADE ,beautification,False,Kenya
,grivellia,10,10,SHADE ,,False,Kenya
,Evergreen ash or tropical ash,15,15,SHADE ,,False,Kenya
,ashok,100,56,SHADE ,beautification,False,Kenya
,Mwarubaini,41,37,SHADE ,,False,Kenya
Citrus sinensis,Isungwa,1000,950,FODDER FIREWOOD FRUITS SHADE SOIL_FERTILITY ,,True,Kenya
Tamarindus indica,kikwasu,10,5,FODDER FIREWOOD CONSTRUCTION FRUITS SHADE SOIL_FERTILITY ,,True,Kenya
citrus osbec,Blood orange,100,95,FODDER FIREWOOD FRUITS SHADE SOIL_FERTILITY ,,True,Kenya
,Ndului,20,18,FODDER FIREWOOD CONSTRUCTION FRUITS SHADE SOIL_FERTILITY ,,True,Kenya
Tamarindus indica,kikwasu,10,5,FODDER FIREWOOD CONSTRUCTION FRUITS SHADE SOIL_FERTILITY ,,True,Kenya
,Ashok,20,15,SHADE SOIL_FERTILITY ,flower,False,Kenya
,Ashok,20,15,SHADE SOIL_FERTILITY ,flower,False,Kenya
Citrus limon,itimo,1000,800,FODDER FIREWOOD FRUITS SHADE SOIL_FERTILITY ,,True,Kenya
,Ashok,20,15,SHADE SOIL_FERTILITY ,flower,False,Kenya
,chokoti,10,7,FIREWOOD SHADE FRUITS ,,True,Kenya
,Zambarao,100,20,SHADE FRUITS ,,True,Kenya
,Pawpaw,100,35,MEDICINAL SHADE FRUITS ,,True,Kenya
,Banana,20,11,SHADE FRUITS ,,True,Kenya
Tamarindus indica,kikwasu,10,5,FODDER FIREWOOD CONSTRUCTION FRUITS SHADE SOIL_FERTILITY ,,True,Kenya
,Ndului,20,18,FODDER FIREWOOD CONSTRUCTION FRUITS SHADE SOIL_FERTILITY ,,True,Kenya
,Pixie,3000,2500,FODDER FIREWOOD FRUITS SHADE SOIL_FERTILITY ,,True,Kenya
,Royal palm,20,15,SHADE SOIL_FERTILITY ,,False,Kenya
,Royal palm,20,15,SHADE SOIL_FERTILITY ,,False,Kenya
,Ashok,20,15,SHADE SOIL_FERTILITY ,flower,False,Kenya
,mlezeni,24,16,SHADE ,,False,Kenya
,msoda,50,9,SHADE ,,False,Kenya
,mshilingi,1200,1150,CONSTRUCTION SHADE ,,False,Kenya
,cypress,10000,9000,CONSTRUCTION FIREWOOD ,,False,Kenya
Citrus sinensis,Isungwa,1000,950,FODDER FIREWOOD FRUITS SHADE SOIL_FERTILITY ,,True,Kenya
,Mwarobaini,50,38,FODDER FIREWOOD CONSTRUCTION SHADE SOIL_FERTILITY ,,False,Kenya
,Mukungu,10,5,FIREWOOD SHADE SOIL_FERTILITY ,,False,Kenya
,Royal palm,20,15,SHADE SOIL_FERTILITY ,,False,Kenya
Citrus sinensis,Isungwa,1000,950,FODDER FIREWOOD FRUITS SHADE SOIL_FERTILITY ,,True,Kenya
Citrus limon,itimo,1000,800,FODDER FIREWOOD FRUITS SHADE SOIL_FERTILITY ,,True,Kenya
,Mukungu,10,5,FIREWOOD SHADE SOIL_FERTILITY ,,False,Kenya
citrus osbec,Blood orange,100,95,FODDER FIREWOOD FRUITS SHADE SOIL_FERTILITY ,,True,Kenya
,Pixie,3000,2500,FODDER FIREWOOD FRUITS SHADE SOIL_FERTILITY ,,True,Kenya
,Mukungu,10,5,FIREWOOD SHADE SOIL_FERTILITY ,,False,Kenya
citrus osbec,Blood orange,100,95,FODDER FIREWOOD FRUITS SHADE SOIL_FERTILITY ,,True,Kenya
Citrus sinensis,Isungwa,1000,950,FODDER FIREWOOD FRUITS SHADE SOIL_FERTILITY ,,True,Kenya
,croton,80,64,SHADE ,,False,Kenya
,greuvelia,30,18,CONSTRUCTION SHADE FIREWOOD ,,False,Kenya
,gruevelia,200,180,SHADE FIREWOOD CONSTRUCTION ,,False,Kenya
,Kyumbu,1,1,CONSTRUCTION ,shrines,False,Kenya
,media volkensii,2000,1900,MEDICINAL FIREWOOD CONSTRUCTION SOIL_FERTILITY FODDER ,,False,Kenya
,grevillea,400,200,FIREWOOD CONSTRUCTION ,,False,Kenya
,Kiundwa,5,3,CONSTRUCTION FIREWOOD FODDER SHADE SOIL_FERTILITY ,,False,Kenya
,Kiuuku,10,8,CONSTRUCTION FIREWOOD FODDER SHADE SOIL_FERTILITY ,,False,Kenya
Tamarindus indica,Kikwasu,20,15,CONSTRUCTION FRUITS FIREWOOD FODDER SHADE SOIL_FERTILITY ,,True,Kenya
,Ndului,50,45,SOIL_FERTILITY SHADE FODDER FIREWOOD FRUITS ,,True,Kenya
,Mwarobaini,1000,800,SOIL_FERTILITY SHADE FODDER FIREWOOD CONSTRUCTION ,,False,Kenya
Citrus paradisi,pixie orange,200,199,FRUITS SOIL_FERTILITY ,,True,Kenya
,lemon,195,190,FRUITS SOIL_FERTILITY ,,True,Kenya
Citrus paradisi,pixie orange,200,199,FRUITS SOIL_FERTILITY ,,True,Kenya
Carica papaya,pawpaw,30,29,FRUITS SOIL_FERTILITY ,,True,Kenya
Croton megalocarpus,muthulu,30,26,FIREWOOD MEDICINAL SHADE FODDER CONSTRUCTION ,,False,Kenya
,kitimu,40,30,MEDICINAL FIREWOOD CONSTRUCTION FRUITS ,,True,Kenya
Unknown,kitomoko,2,1,FRUITS FIREWOOD ,,True,Kenya
,muchora mwiu,70,50,CONSTRUCTION OTHER FODDER ,for curvings,False,Kenya
Unknown,kipapai,40,20,FRUITS ,,True,Kenya
Mangifera indica,kiembe,3,3,FRUITS SHADE ,,True,Kenya
,Ash oak,3,2,CONSTRUCTION SHADE ,,False,Kenya
,Lusina,1800,1750,FODDER SHADE SOIL_FERTILITY ,,False,Kenya
,Palm,200,200,SHADE ,,False,Kenya
citrus osbec,Blood orange,100,95,FODDER FIREWOOD FRUITS SHADE SOIL_FERTILITY ,,True,Kenya
Grevillea robusta,Mukima,28,25,CONSTRUCTION SHADE FIREWOOD ,,False,Kenya
,Ndului,20,18,FODDER FIREWOOD CONSTRUCTION FRUITS SHADE SOIL_FERTILITY ,,True,Kenya
Citrus limon,itimo,1000,800,FODDER FIREWOOD FRUITS SHADE SOIL_FERTILITY ,,True,Kenya
,Mwarobaini,50,38,FODDER FIREWOOD CONSTRUCTION SHADE SOIL_FERTILITY ,,False,Kenya
Citrus limon,itimo,1000,800,FODDER FIREWOOD FRUITS SHADE SOIL_FERTILITY ,,True,Kenya
,Royal palm,20,15,SHADE SOIL_FERTILITY ,,False,Kenya
,Ndului,20,18,FODDER FIREWOOD CONSTRUCTION FRUITS SHADE SOIL_FERTILITY ,,True,Kenya
,Royal palm,20,15,SHADE SOIL_FERTILITY ,,False,Kenya
,Ndului,20,18,FODDER FIREWOOD CONSTRUCTION FRUITS SHADE SOIL_FERTILITY ,,True,Kenya
,Mwarobaini,50,38,FODDER FIREWOOD CONSTRUCTION SHADE SOIL_FERTILITY ,,False,Kenya
citrus osbec,Blood orange,100,95,FODDER FIREWOOD FRUITS SHADE SOIL_FERTILITY ,,True,Kenya
Mangifera indica,Mango,500,420,FODDER FIREWOOD FRUITS SHADE SOIL_FERTILITY ,,True,Kenya
Citrus limon,itimo,1000,800,FODDER FIREWOOD FRUITS SHADE SOIL_FERTILITY ,,True,Kenya
,grafted apple mango,150,150,SHADE FRUITS FIREWOOD ,,True,Kenya
,moringa,25,20,SHADE LEAF_VEGETABLES MEDICINAL ,,False,Kenya
,Moringa,42,31,MEDICINAL SHADE ,,False,Kenya
,Mkungu,35,18,SHADE FRUITS ,,True,Kenya
,Acacia,1000,1000,SOIL_FERTILITY SHADE ,,False,Kenya
,Mkuyu,2300,1577,SOIL_FERTILITY SHADE ,,False,Kenya
,Mukungu,10,5,FIREWOOD SHADE SOIL_FERTILITY ,,False,Kenya
,Ndului,20,18,FODDER FIREWOOD CONSTRUCTION FRUITS SHADE SOIL_FERTILITY ,,True,Kenya
citrus osbec,Blood orange,100,95,FODDER FIREWOOD FRUITS SHADE SOIL_FERTILITY ,,True,Kenya
,Ndului,20,18,FODDER FIREWOOD CONSTRUCTION FRUITS SHADE SOIL_FERTILITY ,,True,Kenya
,Pixie,3000,2500,FODDER FIREWOOD FRUITS SHADE SOIL_FERTILITY ,,True,Kenya
,Ashok,20,15,SHADE SOIL_FERTILITY ,flower,False,Kenya
,croton,80,64,SHADE ,,False,Kenya
,mshilingi,1200,1150,CONSTRUCTION SHADE ,,False,Kenya
,Mukrismas,10,8,FIREWOOD FODDER SHADE SOIL_FERTILITY ,,False,Kenya
,banana,10,8,FRUITS SOIL_FERTILITY ,,True,Kenya
Carica papaya,pawpaw,30,29,FRUITS SOIL_FERTILITY ,,True,Kenya
,avacado,8,6,FRUITS SOIL_FERTILITY ,,True,Kenya
,banana,10,8,FRUITS SOIL_FERTILITY ,,True,Kenya
Carica papaya,pawpaw,30,29,FRUITS SOIL_FERTILITY ,,True,Kenya
Melia Volkensi,Mukau,10,5,FODDER FIREWOOD CONSTRUCTION SHADE SOIL_FERTILITY ,,False,Kenya
,Kiuuku,20,15,FODDER MEDICINAL FIREWOOD CONSTRUCTION SHADE SOIL_FERTILITY ,,False,Kenya
Senna siemea,Muchola,500,450,FODDER FIREWOOD CONSTRUCTION SHADE SOIL_FERTILITY ,,False,Kenya
,melia,500,450,CONSTRUCTION FODDER SOIL_FERTILITY FIREWOOD ,,False,Kenya
,Mwarubaini,15,13,FIREWOOD MEDICINAL FODDER CONSTRUCTION ,,False,Kenya
senna siemea,muchora,20,19,FIREWOOD MEDICINAL SHADE CONSTRUCTION ,,False,Kenya
unknown,kalila,10,10,FIREWOOD MEDICINAL SHADE ,,False,Kenya
Mangifera indica,kiembe,50,5,FRUITS FIREWOOD ,,True,Kenya
,Eucalyptus,10,9,CONSTRUCTION FIREWOOD ,,False,Kenya
,Cypress,10,2,CONSTRUCTION FIREWOOD ,,False,Kenya
,Macadamia,10,6,NUTS ,,False,Kenya
,Macadamia,10,6,NUTS ,,False,Kenya
Cascabela thevetia,Msoda,3000,2800,MEDICINAL SHADE SOIL_FERTILITY ,,False,Kenya
,Kirumbutu,400,390,CONSTRUCTION SHADE SOIL_FERTILITY ,,False,Kenya
,Thika Palm,500,500,SHADE ,,False,Kenya
,mwarubaini,100,69,SHADE MEDICINAL ,,False,Kenya
,mwarubaini,30,7,SHADE MEDICINAL ,,False,Kenya
,ashok,30,30,SHADE ,,False,Kenya
,Royal palm,20,15,SHADE SOIL_FERTILITY ,,False,Kenya
,Ndului,20,18,FODDER FIREWOOD CONSTRUCTION FRUITS SHADE SOIL_FERTILITY ,,True,Kenya
,Pixie,3000,2500,FODDER FIREWOOD FRUITS SHADE SOIL_FERTILITY ,,True,Kenya
,Mukungu,10,5,FIREWOOD SHADE SOIL_FERTILITY ,,False,Kenya
citrus osbec,Blood orange,100,95,FODDER FIREWOOD FRUITS SHADE SOIL_FERTILITY ,,True,Kenya
Citrus limon,itimo,1000,800,FODDER FIREWOOD FRUITS SHADE SOIL_FERTILITY ,,True,Kenya
,Pixie,3000,2500,FODDER FIREWOOD FRUITS SHADE SOIL_FERTILITY ,,True,Kenya
Mangifera indica,Mango,500,420,FODDER FIREWOOD FRUITS SHADE SOIL_FERTILITY ,,True,Kenya
,Mukungu,10,5,FIREWOOD SHADE SOIL_FERTILITY ,,False,Kenya
,Royal palm,20,15,SHADE SOIL_FERTILITY ,,False,Kenya
,Mwarobaini,50,38,FODDER FIREWOOD CONSTRUCTION SHADE SOIL_FERTILITY ,,False,Kenya
citrus osbec,Blood orange,100,95,FODDER FIREWOOD FRUITS SHADE SOIL_FERTILITY ,,True,Kenya
,kirumbutu,30,25,SHADE FIREWOOD CONSTRUCTION ,furniture,False,Kenya
,Bamboo,30,24,SHADE ,,False,Kenya
,Royal palm,20,15,SHADE SOIL_FERTILITY ,,False,Kenya
,Ashok,20,15,SHADE SOIL_FERTILITY ,flower,False,Kenya
Mangifera indica,Mango,500,420,FODDER FIREWOOD FRUITS SHADE SOIL_FERTILITY ,,True,Kenya
Citrus limon,itimo,1000,800,FODDER FIREWOOD FRUITS SHADE SOIL_FERTILITY ,,True,Kenya
Citrus limon,itimo,1000,800,FODDER FIREWOOD FRUITS SHADE SOIL_FERTILITY ,,True,Kenya
,lucina,100,70,SHADE ,,False,Kenya
,mshilingi,1200,1150,CONSTRUCTION FIREWOOD SHADE ,,False,Kenya
,mshilingi,1200,1150,CONSTRUCTION FIREWOOD SHADE ,,False,Kenya
,mshilingi,1200,1150,CONSTRUCTION SHADE ,,False,Kenya
,mshilingi,1200,1150,CONSTRUCTION SHADE ,,False,Kenya
,eucalyptus,180,150,SHADE FIREWOOD CONSTRUCTION ,,False,Kenya
,Gravelia,51,51,SHADE ,,False,Kenya
,cider,50,40,CONSTRUCTION ,,False,Kenya
Moringa oleifera,mkimbo,540,530,MEDICINAL ,,False,Kenya
,Candlenutt,8,8,MEDICINAL NUTS OTHER ,conservation,False,Kenya
,Cassia,20,18,SHADE FIREWOOD ,,False,Kenya
,Croton,5,4,SHADE MEDICINAL ,,False,Kenya
,Grevilea,10,10,SHADE CONSTRUCTION FIREWOOD ,,False,Kenya
,unknown,5,2,SHADE ,,False,Kenya
,mjohoro,50,45,SHADE ,,False,Kenya
,Mchristmass,10,7,SHADE ,,False,Kenya
,Mkongo,2,1,SHADE ,,False,Kenya
,mkrismas,50,38,SHADE ,,False,Kenya
,ashok,10,5,SHADE ,beautification,False,Kenya
,oranges,20,10,SHADE FRUITS FIREWOOD ,,True,Kenya
,mlezeni,30,25,SHADE FIREWOOD CONSTRUCTION ,,False,Kenya
,mango,500,460,SHADE FRUITS FIREWOOD ,,True,Kenya
,mkweo azardrachta,300,164,CONSTRUCTION SHADE FIREWOOD ,,False,Kenya
,Guava tree,10,6,FRUITS ,,True,Kenya
,Pawpaw,75,47,FRUITS ,,True,Kenya
,avacado,50,30,FODDER FIREWOOD FRUITS SHADE ,,True,Kenya
,muriga,30,25,LEAF_VEGETABLES SHADE MEDICINAL ,,False,Kenya
,mukao,50,45,FIREWOOD SHADE ,,False,Kenya
,,3,3,FIREWOOD SHADE ,,False,Kenya
,Kisungwa,40,35,FRUITS FIREWOOD SOIL_FERTILITY ,,True,Kenya
,mango tree,52,49,FRUITS ,,True,Kenya
,Mjohoro,370,300,SHADE ,,False,Kenya
Casuarina equisetifolia,Casuarina,20,10,SOIL_FERTILITY FIREWOOD SHADE CONSTRUCTION ,,False,Kenya
,mango tree,52,49,FRUITS ,,True,Kenya
papai,,10,5,FRUITS ,,True,Kenya
,mkrismas,20,20,FODDER SHADE ,,False,Kenya
,Chinese coffin tree,150,147,CONSTRUCTION ,,False,Kenya
Moringa oleifera,mkimbo,540,530,MEDICINAL ,,False,Kenya
,Zambarau,200,180,FRUITS SHADE MEDICINAL ,,True,Kenya
Mangifera indica,Mango,300,250,SOIL_FERTILITY FRUITS SHADE ,,True,Kenya
,Mwarubaini,5,5,SHADE MEDICINAL FIREWOOD ,,False,Kenya
,Bananas,10,10,FRUITS ,,True,Kenya
Croton megalocarpus,Kithulu,20,18,SHADE FIREWOOD FODDER SOIL_FERTILITY ,,False,Kenya
,Kikalawa,10,8,SHADE FIREWOOD FRUITS SOIL_FERTILITY ,,True,Kenya
Citrus limon,Kitimo,500,480,SHADE FIREWOOD FRUITS SOIL_FERTILITY ,,True,Kenya
,Mpenda bure,100,95,SHADE ,,False,Kenya
,unknown,6,6,SHADE ,,False,Kenya
,Mbuyu,10,10,SHADE ,,False,Kenya
,mukau,162,140,FIREWOOD CONSTRUCTION SHADE SOIL_FERTILITY ,,False,Kenya
,kiembe,80,60,SHADE FIREWOOD FRUITS ,,True,Kenya
,bottle buish,50,40,FIREWOOD OTHER SHADE ,beauty,False,Kenya
,Mango,56,38,SHADE FRUITS ,,True,Kenya
,Lukina,70,51,SHADE ,,False,Kenya
,Mwarubaini,75,50,SHADE MEDICINAL ,,False,Kenya
,Mwarubaini,75,50,SHADE MEDICINAL ,,False,Kenya
,Gravelia,210,200,SHADE ,,False,Kenya
,unknown,6,6,SHADE ,,False,Kenya
,Mbuyu,10,10,SHADE ,,False,Kenya
melia,Mukau,162,140,FIREWOOD CONSTRUCTION SHADE SOIL_FERTILITY ,,False,Kenya
,Mwarubaini,26,14,SHADE MEDICINAL ,,False,Kenya
,Ashock,120,100,SHADE ,,False,Kenya
,Dragon fruit,50,42,FRUITS ,,True,Kenya
,Mchungwa,23,17,FRUITS ,,True,Kenya
,Moringa,65,37,MEDICINAL ,,False,Kenya
,Gravelia,210,200,SHADE ,,False,Kenya
,Mjohoro,370,300,SHADE ,,False,Kenya
,Mchrismass,57,51,SHADE ,,False,Kenya
,Mjohoro,480,400,SHADE ,,False,Kenya
,lemon,50,22,FODDER FRUITS SHADE ,,True,Kenya
,mkrismas,20,20,FODDER SHADE ,,False,Kenya
,zambarau,400,289,FRUITS CONSTRUCTION SHADE FIREWOOD ,,True,Kenya
,mkimbi,540,530,MEDICINAL ,,False,Kenya
,Mpenda bure,100,95,SHADE ,,False,Kenya
,melia,150,145,CONSTRUCTION SHADE FIREWOOD SOIL_FERTILITY FODDER ,income,False,Kenya
Moringa oleifera,mkimbo,540,530,MEDICINAL ,,False,Kenya
,podo,100,97,OTHER FODDER ,,False,Kenya
,Mjohoro,200,170,SHADE ,,False,Kenya
,mjohoro,150,83,SHADE ,,False,Kenya
,pawpaw,15,5,FRUITS ,,True,Kenya
,pixie,50,30,SHADE FRUITS ,,True,Kenya
,grivelia,35,20,SHADE FIREWOOD ,,False,Kenya
Senna siemea,Muchola,100,80,SHADE CONSTRUCTION FIREWOOD FODDER SOIL_FERTILITY ,,False,Kenya
,greuvelia,100,80,CONSTRUCTION FIREWOOD SHADE ,,False,Kenya
,unknown,4,4,SHADE ,,False,Kenya
Ficus sur,Mkuu,1,1,FIREWOOD SHADE SOIL_FERTILITY FODDER ,,False,Kenya
,Gravelia,210,200,SHADE ,,False,Kenya
Moringa oleifera,mkimbo,540,530,MEDICINAL ,,False,Kenya
,mjohoro,500,457,SHADE ,,False,Kenya
,lucenna,6775,3000,FIREWOOD SOIL_FERTILITY FODDER ,,False,Kenya
,Lemon tree,200,190,MEDICINAL ,,False,Kenya
,lucina,10,3,SHADE ,,False,Kenya
Melia Volkensi,Mukau,100,70,SHADE CONSTRUCTION FIREWOOD FODDER SOIL_FERTILITY ,,False,Kenya
Mangifera indica,Kiembe,700,500,SHADE FIREWOOD FRUITS FODDER SOIL_FERTILITY ,,True,Kenya
,grevillea,10,7,CONSTRUCTION FIREWOOD ,,False,Kenya
,cypress,25,25,CONSTRUCTION FIREWOOD SHADE ,,False,Kenya
,cypress,100,88,CONSTRUCTION FIREWOOD ,,False,Kenya
,Muthulu,200,120,MEDICINAL CONSTRUCTION FIREWOOD ,,False,Kenya
,Zabibu,15,9,FRUITS ,,True,Kenya
,Mwarubaini,73,48,SHADE MEDICINAL ,,False,Kenya
,Blue gum,50,40,CONSTRUCTION FIREWOOD ,,False,Kenya
,Ficus,5,2,SHADE ,,False,Kenya
,Mkungu,76,43,FRUITS ,,True,Kenya
,kivuti,80,68,FIREWOOD SHADE ,,False,Kenya
,mukengeeta,80,50,FIREWOOD SHADE ,,False,Kenya
,kiukuu,100,90,FIREWOOD SHADE ,,False,Kenya
,Mbuyu,10,10,SHADE ,,False,Kenya
Grevillea robusta,grevilia,20,10,FIREWOOD CONSTRUCTION SHADE SOIL_FERTILITY ,,False,Kenya
macadamia nut,macadamia,50,30,FIREWOOD NUTS FRUITS SHADE SOIL_FERTILITY FODDER ,,True,Kenya
Grevillea robusta,grevilia,150,130,SOIL_FERTILITY FIREWOOD SHADE CONSTRUCTION ,,False,Kenya
,Mchrismass,57,51,SHADE ,,False,Kenya
,orange Tree,38,36,FRUITS ,,True,Kenya
Tamarindus indica,Kikwasu,20,18,SHADE FIREWOOD FRUITS FODDER SOIL_FERTILITY ,,True,Kenya
Citrus sinensis,Kisungwa,500,400,SHADE FIREWOOD FRUITS FODDER SOIL_FERTILITY ,,True,Kenya
Moringa oleifera,Moringa,100,80,SHADE MEDICINAL FIREWOOD FODDER SOIL_FERTILITY ,,False,Kenya
Carica papaya,mapapai,20,12,FRUITS ,,True,Kenya
,Zambarau,300,280,FRUITS ,,True,Kenya
,Mpenda bure,100,95,SHADE ,,False,Kenya
,Mwarubaini,15,15,SHADE MEDICINAL FIREWOOD ,,False,Kenya
,Ashok,20,18,SHADE CONSTRUCTION ,,False,Kenya
Grevillea robusta,mukima,100,65,FIREWOOD CONSTRUCTION SHADE ,,False,Kenya
Unknown,Nairobi tree,10,8,FIREWOOD SHADE ,,False,Kenya
Grevillea robusta,mukima,100,87,FIREWOOD CONSTRUCTION SHADE ,,False,Kenya
,Mwarobaini,100,84,SHADE MEDICINAL FIREWOOD FODDER SOIL_FERTILITY ,,False,Kenya
,nzambarau,5,3,SHADE FRUITS ,,True,Kenya
,umbrella tree,20,16,SHADE ,,False,Kenya
,unknown,20,20,SHADE ,,False,Kenya
,Mghunga,1,1,SHADE FIREWOOD ,,False,Kenya
,Mlezeni,10,9,SHADE FIREWOOD ,,False,Kenya
,guava,200,180,FRUITS MEDICINAL ,,True,Kenya
,lucina,200,158,SHADE ,,False,Kenya
Moringa oleifera,mkimbo,540,530,MEDICINAL ,,False,Kenya
,Chinese coffin tree,150,147,SOIL_FERTILITY ,ecological service,False,Kenya
Mangifera indica,maembe,50,30,FRUITS SHADE FIREWOOD ,,True,Kenya
,mango,100,93,SHADE FRUITS FIREWOOD ,,True,Kenya
,mlezeni,150,145,SHADE FIREWOOD CONSTRUCTION ,,False,Kenya
Citrus paradisi,pixie,500,400,SHADE MEDICINAL FIREWOOD FRUITS SOIL_FERTILITY ,source of vitamin C,True,Kenya
,Kiluli,10,5,SHADE CONSTRUCTION FIREWOOD SOIL_FERTILITY ,,False,Kenya
,croton,10,8,SHADE MEDICINAL ,,False,Kenya
,munina,600,200,SOIL_FERTILITY FODDER ,land restoration,False,Kenya
melia,,120,115,CONSTRUCTION FIREWOOD SOIL_FERTILITY ,,False,Kenya
Moringa oleifera,mkimbo,540,530,MEDICINAL ,,False,Kenya
Mangifera indica,kiembe,10,8,FRUITS SHADE FIREWOOD ,,True,Kenya
,Mchrismass,57,51,SHADE ,,False,Kenya
,Mjohoro,480,400,SHADE ,,False,Kenya
,unknown,4,4,SHADE ,,False,Kenya
,Mjohoro,370,300,SHADE ,,False,Kenya
,unknown,6,6,SHADE ,,False,Kenya
,Kisungwa,70,60,FRUITS SOIL_FERTILITY ,,True,Kenya
,kiembe,40,30,FRUITS FIREWOOD SOIL_FERTILITY ,,True,Kenya
,kithona,10,8,NUTS FIREWOOD FRUITS SHADE ,,True,Kenya
,Mtomoko,24,11,FRUITS ,,True,Kenya
,Zambarao,19,11,SHADE FRUITS ,,True,Kenya
,Mtomoko,12,9,FRUITS ,,True,Kenya
Trichilia emetica,Trichelia,10,10,SHADE CONSTRUCTION ,,False,Kenya
guava,Guava,200,160,FRUITS SHADE MEDICINAL ,,True,Kenya
,Ndimu,25,23,FODDER FIREWOOD FRUITS ,,True,Kenya
,mlezeni,25,25,FIREWOOD SHADE ,,False,Kenya
,mlezeni,25,25,SHADE ,,False,Kenya
,Mjohoro,480,400,SHADE ,,False,Kenya
,sesbania,100,56,SOIL_FERTILITY CONSTRUCTION FIREWOOD ,,False,Kenya
,musewa,50,17,SOIL_FERTILITY FODDER CONSTRUCTION SHADE FIREWOOD ,,False,Kenya
,mango tree,52,49,FRUITS ,,True,Kenya
Cypruss,msumbesu,50,30,SOIL_FERTILITY FIREWOOD SHADE CONSTRUCTION ,,False,Kenya
Prosopis africana,mngima,4,3,FIREWOOD CONSTRUCTION MEDICINAL SOIL_FERTILITY FODDER ,,False,Kenya
,unknown,4,4,SHADE ,,False,Kenya
,kiembe,30,25,SOIL_FERTILITY FRUITS SHADE FIREWOOD ,,True,Kenya
,kilaa,90,60,FIREWOOD FODDER SHADE ,,False,Kenya
,mkungu,36,17,SHADE FRUITS ,,True,Kenya
,mwembe,15,10,SHADE FRUITS FIREWOOD ,,True,Kenya
Mangifera indica,kiembe,15,8,FRUITS FIREWOOD ,,True,Kenya
Unknown,musanduku,80,72,FIREWOOD CONSTRUCTION ,,False,Kenya
citrus sinensis,Machungwa,1000,950,SOIL_FERTILITY CONSTRUCTION FRUITS FIREWOOD FODDER SHADE ,,True,Kenya
Mangifera indica,Maembe,700,650,SOIL_FERTILITY FRUITS FIREWOOD FODDER SHADE ,,True,Kenya
,muti muyo,50,40,SOIL_FERTILITY FRUITS FIREWOOD SHADE ,,True,Kenya
,Mwarobaini,100,83,FIREWOOD FODDER SHADE SOIL_FERTILITY CONSTRUCTION ,,False,Kenya
,Mkungu,20,18,FRUITS SHADE SOIL_FERTILITY ,,True,Kenya
Unknown,mutalakwe,50,46,SHADE FIREWOOD CONSTRUCTION ,,False,Kenya
,Nairobi tree,30,25,SHADE SOIL_FERTILITY ,,False,Kenya
,Mkungu,20,18,FRUITS SHADE SOIL_FERTILITY ,,True,Kenya
,Kukumanga,50,40,SOIL_FERTILITY MEDICINAL FRUITS ,,True,Kenya
Eucalyptus globulus,eucalyptus,2,1,FIREWOOD CONSTRUCTION ,,False,Kenya
unknown,kienbe,13,8,FRUITS FIREWOOD SHADE ,,True,Kenya
Unknown,kitomoko,15,8,FRUITS SHADE FIREWOOD ,,True,Kenya
Unknown,mukima,9,4,SHADE FIREWOOD CONSTRUCTION ,,False,Kenya
,Mweya in Kamba,200,100,CONSTRUCTION FIREWOOD ,,False,Kenya
,Msanduku,300,100,SHADE CONSTRUCTION FIREWOOD ,,False,Kenya
Azadirachta indica,Mwarubaini,7,2,SHADE MEDICINAL ,,False,Kenya
Trichilia emetica,Evergreen,150,148,SHADE ,,False,Kenya
,lemon,25,20,FRUITS SHADE ,,True,Kenya
,Mango,100,80,FRUITS FIREWOOD SHADE ,,True,Kenya
,croton,15,15,FIREWOOD OTHER FODDER CONSTRUCTION ,seed collection,False,Kenya
,lucena,30,25,FIREWOOD SOIL_FERTILITY FODDER SHADE CONSTRUCTION ,,False,Kenya
,melia,250,200,FIREWOOD FODDER SOIL_FERTILITY CONSTRUCTION OTHER ,seed collection,False,Kenya
,kiembe,350,340,FRUITS FIREWOOD ,,True,Kenya
unknown,kisungwa,50,43,FIREWOOD FRUITS ,,True,Kenya
unknown,pixie,30,25,FRUITS ,,True,Kenya
,muthulu,5,5,FIREWOOD CONSTRUCTION SHADE MEDICINAL ,,False,Kenya
,mango,4,4,FRUITS SHADE ,,True,Kenya
,mwarubaini,15,12,MEDICINAL SHADE ,,False,Kenya
,Grivelia,300,286,FIREWOOD CONSTRUCTION ,,False,Kenya
,orange,3,3,FRUITS ,,True,Kenya
Persea americana,Ivakato,500,400,SOIL_FERTILITY CONSTRUCTION FRUITS FIREWOOD SHADE ,,True,Kenya
,Ivavai,100,85,SOIL_FERTILITY FRUITS SHADE ,,True,Kenya
,Benjamin,100,72,FIREWOOD SHADE SOIL_FERTILITY ,,False,Kenya
Senna siemea,Muchola,100,70,FIREWOOD SHADE SOIL_FERTILITY CONSTRUCTION ,,False,Kenya
Citrus limon,Ndimu,20,18,FIREWOOD FRUITS FODDER SHADE SOIL_FERTILITY ,,True,Kenya
Unknown,kitae,30,28,SHADE FRUITS ,,True,Kenya
Unknown,kitae,30,28,SHADE FRUITS ,,True,Kenya
,Kiundwa,5,3,FIREWOOD FODDER SHADE SOIL_FERTILITY CONSTRUCTION ,,False,Kenya
,Kitomoko,20,18,FIREWOOD SOIL_FERTILITY FODDER SHADE FRUITS ,,True,Kenya
,Mkrismas,50,50,SHADE ,,False,Kenya
,Chinese Tallow,200,200,SHADE ,,False,Kenya
,Casuarina,10,10,SHADE FIREWOOD CONSTRUCTION ,,False,Kenya
,mango,10,8,FRUITS FIREWOOD SOIL_FERTILITY SHADE ,,True,Kenya
,kiiyu,10,8,FRUITS ,,True,Kenya
,unknown,7,7,SHADE ,,False,Kenya
,Neem Tree,100,100,SHADE ,,False,Kenya
,Mpera,19,12,FRUITS ,,True,Kenya
,Kirumbutu,35,29,SHADE CONSTRUCTION ,,False,Kenya
,Macamia,5,1,CONSTRUCTION FIREWOOD ,,False,Kenya
,mango,4,4,FRUITS SHADE ,,True,Kenya
,Nairobi tree,30,25,SHADE SOIL_FERTILITY ,,False,Kenya
Unknown,yanga,38,35,FRUITS ,,True,Kenya
Senna siemea,Muchola,100,70,FIREWOOD SHADE SOIL_FERTILITY CONSTRUCTION ,,False,Kenya
,korosho,100,90,SOIL_FERTILITY NUTS ,,False,Kenya
Prunus africana,Mngima,5,3,SHADE FIREWOOD CONSTRUCTION ,,False,Kenya
,Apple Mango,3,2,SHADE MEDICINAL FRUITS ,,True,Kenya
,Mkungu,50,50,FRUITS SHADE NUTS ,,True,Kenya
,Mastafeli,3,3,FRUITS SHADE ,,True,Kenya
,Ashok,100,100,SHADE OTHER ,ornamental,False,Kenya
,Mwarubaini,30,30,MEDICINAL SHADE ,,False,Kenya
,croton,15,15,FIREWOOD OTHER FODDER CONSTRUCTION ,seed collection,False,Kenya
,lucena,30,25,FIREWOOD SOIL_FERTILITY FODDER SHADE CONSTRUCTION ,,False,Kenya
,mwarubaini,60,60,SHADE MEDICINAL FIREWOOD ,,False,Kenya
,gliricidia,8,8,FIREWOOD FODDER SOIL_FERTILITY CONSTRUCTION SHADE ,,False,Kenya
,Kisambalau,60,55,FIREWOOD FRUITS ,,True,Kenya
,kisungwa,846,834,FRUITS FIREWOOD ,,True,Kenya
,kiembe,400,340,FRUITS FIREWOOD ,,True,Kenya
,orange,3,3,FRUITS ,,True,Kenya
,Kiluli,10,8,FIREWOOD SHADE SOIL_FERTILITY ,,False,Kenya
Unknown,kitundu,50,43,SHADE FIREWOOD ,,False,Kenya
Jacaranda mimosifolia,jacaranda,10,7,OTHER FIREWOOD ,,False,Kenya
Unknown,yanga,38,35,FRUITS ,,True,Kenya
Unknown,kitundu,50,43,SHADE FIREWOOD ,,False,Kenya
Jacaranda mimosifolia,jacaranda,10,7,OTHER FIREWOOD ,,False,Kenya
Unknown,kivela,3,2,FRUITS FIREWOOD ,,True,Kenya
,Mwarobaini,100,83,FIREWOOD FODDER SHADE SOIL_FERTILITY CONSTRUCTION ,,False,Kenya
Unknown,mutundu,5,3,SHADE FIREWOOD ,,False,Kenya
,ashok,30,28,SHADE ,beautification,False,Kenya
Prunus africana,Mngima,25,25,MEDICINAL SHADE ,,False,Kenya
,pawpaw,10,5,FRUITS ,,True,Kenya
,kirumbutu,20,18,FIREWOOD CONSTRUCTION SHADE OTHER ,furniture,False,Kenya
,croton,100,92,FIREWOOD SHADE OTHER ,windbreakers,False,Kenya
,mwavuli,7,6,FIREWOOD SHADE OTHER ,Aesthetic,False,Kenya
,Mzabarau,150,140,FRUITS MEDICINAL SHADE ,,True,Kenya
,kiembe,14,14,FIREWOOD FRUITS ,,True,Kenya
,muovacado,32,26,FRUITS SHADE ,,True,Kenya
,kiinga,10,8,FIREWOOD CONSTRUCTION SHADE ,,False,Kenya
,Boganvilia,5,2,SHADE ,,False,Kenya
,Kiundwa,5,3,FIREWOOD FODDER SHADE SOIL_FERTILITY CONSTRUCTION ,,False,Kenya
Mangifera indica,Maembe,20,10,FIREWOOD FRUITS SHADE SOIL_FERTILITY ,,True,Kenya
Unknown,musanduku,55,50,SHADE FIREWOOD CONSTRUCTION ,,False,Kenya
,Mutuluku,20,10,SHADE SOIL_FERTILITY ,,False,Kenya
Mangifera indica,Maembe,20,10,FIREWOOD FRUITS SHADE SOIL_FERTILITY ,,True,Kenya
Carica papaya,Kivavai,200,180,SOIL_FERTILITY SHADE FRUITS ,,True,Kenya
Cypruss,msumbesu,30,30,SHADE FIREWOOD CONSTRUCTION ,,False,Kenya
,mukima,50,45,CONSTRUCTION FIREWOOD SHADE ,,False,Kenya
Unknown,kikolovia,25,20,FRUITS FIREWOOD SHADE ,,True,Kenya
,Pawpaw,200,50,MEDICINAL FRUITS ,,True,Kenya
,Grevilea,10,1,SHADE CONSTRUCTION ,,False,Kenya
Azadirachta indica,Mwarubaini,100,100,SHADE MEDICINAL ,,False,Kenya
,Araucaria,30,30,SHADE OTHER ,ornamental,False,Kenya
,lucena,30,25,FIREWOOD SOIL_FERTILITY FODDER SHADE CONSTRUCTION ,,False,Kenya
,mango,10,8,FRUITS FIREWOOD SOIL_FERTILITY SHADE ,,True,Kenya
,mlezeni,450,420,SHADE CONSTRUCTION FIREWOOD ,,False,Kenya
,Kikuyu,70,68,FIREWOOD CONSTRUCTION ,,False,Kenya
Mangifera indica,kiembe,100,80,FIREWOOD FRUITS ,,True,Kenya
,mwarubaini,10,10,FIREWOOD CONSTRUCTION MEDICINAL ,,False,Kenya
,grecidia,10,10,SHADE ,,False,Kenya
,Mjohoro,250,200,SHADE ,,False,Kenya
,muovacado,32,26,FRUITS SHADE ,,True,Kenya
,kikuyu,2,2,FIREWOOD SHADE ,,False,Kenya
,muovacado,32,26,FRUITS SHADE ,,True,Kenya
,mango,4,4,FRUITS SHADE ,,True,Kenya
,Mutuluku,20,10,SHADE SOIL_FERTILITY ,,False,Kenya
Unknown,kikolovia,50,47,SHADE FRUITS FIREWOOD ,,True,Kenya
Unknown,musanduku,80,72,FIREWOOD CONSTRUCTION ,,False,Kenya
,Benjamin,100,72,FIREWOOD SHADE SOIL_FERTILITY ,,False,Kenya
Unknown,mutalakwe,15,9,CONSTRUCTION FIREWOOD SHADE ,,False,Kenya
Unknown,kikolovia,25,20,FRUITS SHADE FIREWOOD ,,True,Kenya
Unknown,mukima,5,3,SHADE FIREWOOD ,,False,Kenya
,gravelia,15,12,SHADE ,,False,Kenya
,mwarubaini,10,8,SHADE MEDICINAL ,,False,Kenya
,Lusina,20,10,SOIL_FERTILITY SHADE FODDER ,,False,Kenya
,Mlezeni,100,100,SHADE FIREWOOD ,,False,Kenya
,mango,10,8,FRUITS FIREWOOD SOIL_FERTILITY SHADE ,,True,Kenya
,croton,15,15,FIREWOOD OTHER FODDER CONSTRUCTION ,seed collection,False,Kenya
,pawpaw,20,15,FRUITS ,,True,Kenya
,mlezeni,50,45,FIREWOOD CONSTRUCTION SHADE OTHER ,windbreakers,False,Kenya
,Musungwa,846,838,SOIL_FERTILITY FRUITS FIREWOOD ,,True,Kenya
Mangifera indica,kiembe,60,50,FRUITS SHADE ,,True,Kenya
,mukau,20,17,FODDER FIREWOOD CONSTRUCTION SHADE ,,False,Kenya
,Christmas tree,10,10,SHADE ,,False,Kenya
,Mwarubaini,300,280,SHADE MEDICINAL ,,False,Kenya
,Mwarubaini,300,280,SHADE MEDICINAL ,,False,Kenya
,Mchrismass,53,53,SHADE ,,False,Kenya
,mango,4,4,FRUITS SHADE ,,True,Kenya
,mwarubaini,15,12,MEDICINAL SHADE ,,False,Kenya
,eucalyptus,300,285,FIREWOOD CONSTRUCTION SHADE ,,False,Kenya
,lukewart,20,18,FIREWOOD FRUITS SHADE ,,True,Kenya
,munyonyo,20,14,FIREWOOD CONSTRUCTION SHADE ,,False,Kenya
,Pawpaw,22,13,MEDICINAL FRUITS ,,True,Kenya
,muovacado,32,26,FRUITS SHADE ,,True,Kenya
,mwarubaini,15,12,MEDICINAL SHADE ,,False,Kenya
,Bixa,50,40,SOIL_FERTILITY FRUITS FIREWOOD SHADE ,food color,True,Kenya
Unknown,mutalakwe,50,46,SHADE FIREWOOD CONSTRUCTION ,,False,Kenya
Unknown,kikolovia,50,47,SHADE FRUITS FIREWOOD ,,True,Kenya
Unknown,musanduku,55,50,SHADE FIREWOOD CONSTRUCTION ,,False,Kenya
Citrus limon,Ndimu,20,18,FIREWOOD FRUITS FODDER SHADE SOIL_FERTILITY ,,True,Kenya
citrus limon,Itimo,500,420,FIREWOOD SOIL_FERTILITY FODDER CONSTRUCTION SHADE FRUITS ,,True,Kenya
Citrus sinensis,Kisungwa,500,450,FIREWOOD SOIL_FERTILITY SHADE FRUITS ,,True,Kenya
,pixie,500,400,FIREWOOD SOIL_FERTILITY FODDER SHADE FRUITS ,,True,Kenya
unknown,"bottle 
bottle brush",8,5,SHADE FIREWOOD ,,False,Kenya
Melia azadirach,Mpenda bure,30,20,SHADE CONSTRUCTION ,,False,Kenya
,Casuarina,50,12,SHADE CONSTRUCTION FIREWOOD ,,False,Kenya
Trichilia emetica,,200,200,SHADE ,,False,Kenya
,apple Mango,1,1,FRUITS SHADE ,,True,Kenya
,Casuarina,10,10,SHADE FIREWOOD CONSTRUCTION ,,False,Kenya
,umbrella tree,100,96,SHADE ,,False,Kenya
,lucena,30,25,FIREWOOD SOIL_FERTILITY FODDER SHADE CONSTRUCTION ,,False,Kenya
,Mango,25,23,FIREWOOD FRUITS SHADE ,,True,Kenya
,mango,10,8,FRUITS FIREWOOD SOIL_FERTILITY SHADE ,,True,Kenya
unknown,musanduku,50,42,CONSTRUCTION FIREWOOD ,,False,Kenya
,kisungwa,25,18,SOIL_FERTILITY FIREWOOD FRUITS ,,True,Kenya
,kisambalau,5,3,FIREWOOD FRUITS ,,True,Kenya
,kipapai,50,40,FRUITS ,,True,Kenya
,papai,10,6,FRUITS ,,True,Kenya
,cypress,320,290,FIREWOOD CONSTRUCTION SHADE ,,False,Kenya
,Mango grafted,20,14,FRUITS SHADE ,,True,Kenya
,Moringa,34,23,MEDICINAL ,,False,Kenya
,mwarubaini,15,12,MEDICINAL SHADE ,,False,Kenya
,Pixie,1500,1200,SOIL_FERTILITY CONSTRUCTION FRUITS FIREWOOD FODDER SHADE ,,True,Kenya
Unknown,kivela,3,2,FRUITS FIREWOOD ,,True,Kenya
,Kiluli,10,8,FIREWOOD SHADE SOIL_FERTILITY ,,False,Kenya
,Kivela guava,100,80,FIREWOOD SOIL_FERTILITY SHADE FRUITS ,,True,Kenya
Guava,Guava,10,5,FRUITS MEDICINAL SHADE SOIL_FERTILITY FIREWOOD FODDER ,,True,Kenya
Mangifera indica,Mugamu,30,25,SHADE FIREWOOD CONSTRUCTION ,,False,Kenya
Unknown,kyowa,20,9,FIREWOOD SHADE ,,False,Kenya
Unknown,muvinza,25,16,FIREWOOD SHADE ,,False,Kenya
unknown,mukima,30,25,CONSTRUCTION FIREWOOD SHADE ,,False,Kenya
Unknown,muarobaini,20,12,MEDICINAL SHADE ,,False,Kenya
,Mlezeni,30,10,SHADE FIREWOOD ,,False,Kenya
,umbrella tree,200,200,SHADE ,,False,Kenya
,Mkungu,10,10,SHADE NUTS ,,False,Kenya
,croton,15,15,FIREWOOD OTHER FODDER CONSTRUCTION ,seed collection,False,Kenya
,msoda,20,20,FIREWOOD ,Aesthetic on fence,False,Kenya
,unknown,9,9,SHADE ,,False,Kenya
,gruevelia,160,120,FIREWOOD CONSTRUCTION SHADE ,,False,Kenya
,Grafted Orange,36,23,FRUITS SHADE ,,True,Kenya
,Ndomoko,20,9,MEDICINAL ,,False,Kenya
Euphorbia tirucalli,ndau,10,8,SHADE FIREWOOD ,,False,Kenya
commiphora baluencis,itula,5,3,SHADE FIREWOOD CONSTRUCTION ,,False,Kenya
Unknown,kiuuku,10,6,FODDER SHADE MEDICINAL FIREWOOD CONSTRUCTION ,,False,Kenya
Acacia tortillis,kimwaa,10,7,FODDER SHADE FIREWOOD ,,False,Kenya
Azadirachta indica,mwarobaini,100,72,FODDER SHADE MEDICINAL FIREWOOD CONSTRUCTION ,,False,Kenya
Cassia arereh,kyalandathe,10,9,SHADE FIREWOOD CONSTRUCTION ,,False,Kenya
Unknown,kalila,70,58,SHADE MEDICINAL FIREWOOD ,,False,Kenya
Unknown,mukilisimasi,30,23,SHADE FIREWOOD ,,False,Kenya
Acacia polyacantha,munina,10,6,FODDER SHADE FIREWOOD ,,False,Kenya
Unknown,mukau,10,8,SHADE MEDICINAL FIREWOOD CONSTRUCTION ,,False,Kenya
,mukuyu,50,50,MEDICINAL SHADE FIREWOOD ,,False,Kenya
,muvaliti,500,450,SHADE FIREWOOD CONSTRUCTION ,,False,Kenya
,kithulu,1000,900,MEDICINAL NUTS SHADE FIREWOOD ,,False,Kenya
,muvengele,80,75,CONSTRUCTION SHADE FIREWOOD ,,False,Kenya
,ash oak,6,6,CONSTRUCTION SOIL_FERTILITY FIREWOOD SHADE ,,False,Kenya
,muvingo,8,8,CONSTRUCTION FIREWOOD FODDER ,,False,Kenya
,mwaluvaini,6,6,FIREWOOD FODDER SHADE MEDICINAL ,,False,Kenya
,muthata,5,5,CONSTRUCTION SOIL_FERTILITY FIREWOOD FODDER SHADE ,,False,Kenya
,muuwa,6,6,CONSTRUCTION FRUITS FIREWOOD ,,True,Kenya
,eucalyptus,1000,950,MEDICINAL CONSTRUCTION FIREWOOD ,,False,Kenya
,gruvellia,25,25,SHADE SOIL_FERTILITY FIREWOOD ,,False,Kenya
,mukengeta,15,14,SHADE CONSTRUCTION SOIL_FERTILITY FIREWOOD ,,False,Kenya
,kiembe,2,2,FODDER SHADE FRUITS SOIL_FERTILITY FIREWOOD ,,True,Kenya
,grevellia,50,45,SHADE CONSTRUCTION FIREWOOD ,,False,Kenya
,kivakato,50,40,FODDER SHADE FRUITS SOIL_FERTILITY FIREWOOD ,,True,Kenya
,Cypress,25,20,SHADE CONSTRUCTION FIREWOOD ,,False,Kenya
,Avocado,18,12,SHADE FRUITS ,,True,Kenya
,m,500,480,SHADE FIREWOOD ,,False,Kenya
,msumbesu,500,450,FIREWOOD CONSTRUCTION SHADE ,,False,Kenya
